school_name,school_section,cca_grouping_desc,cca_generic_name,cca_customized_name
ADMIRALTY PRIMARY SCHOOL,PRIMARY,CLUBS AND SOCIETIES,ART AND CRAFTS,VISUAL ARTS
ADMIRALTY PRIMARY SCHOOL,PRIMARY,VISUAL AND PERFORMING ARTS,CHINESE DANCE,na
ADMIRALTY PRIMARY SCHOOL,PRIMARY,VISUAL AND PERFORMING ARTS,CHOIR,na
ADMIRALTY PRIMARY SCHOOL,PRIMARY,CLUBS AND SOCIETIES,DESIGN AND INNOVATION,na
ADMIRALTY PRIMARY SCHOOL,PRIMARY,CLUBS AND SOCIETIES,"ENGLISH LANGUAGE, DRAMA AND DEBATING",ENGLISH LANGUAGE & DRAMA
ADMIRALTY PRIMARY SCHOOL,PRIMARY,PHYSICAL SPORTS,FOOTBALL,na
ADMIRALTY PRIMARY SCHOOL,PRIMARY,UNIFORMED GROUPS,GIRL GUIDES (BROWNIES),na
ADMIRALTY PRIMARY SCHOOL,PRIMARY,VISUAL AND PERFORMING ARTS,GUITAR ENSEMBLE,na
ADMIRALTY PRIMARY SCHOOL,PRIMARY,VISUAL AND PERFORMING ARTS,GUZHENG ENSEMBLE,na
ADMIRALTY PRIMARY SCHOOL,PRIMARY,VISUAL AND PERFORMING ARTS,INDIAN DANCE,na
ADMIRALTY PRIMARY SCHOOL,PRIMARY,CLUBS AND SOCIETIES,INFOCOMM TECHNOLOGY (COMPUTING),na
ADMIRALTY PRIMARY SCHOOL,PRIMARY,VISUAL AND PERFORMING ARTS,MALAY DANCE,na
ADMIRALTY PRIMARY SCHOOL,PRIMARY,PHYSICAL SPORTS,MODULAR CCA (SPORTS),SPORTS CLUB
ADMIRALTY PRIMARY SCHOOL,PRIMARY,PHYSICAL SPORTS,ROPE SKIPPING,na
ADMIRALTY PRIMARY SCHOOL,PRIMARY,UNIFORMED GROUPS,SCOUTS,na
ADMIRALTY PRIMARY SCHOOL,PRIMARY,PHYSICAL SPORTS,TRACK AND FIELD,na
ADMIRALTY PRIMARY SCHOOL,PRIMARY,PHYSICAL SPORTS,WUSHU,na
ADMIRALTY SECONDARY SCHOOL,SECONDARY (S1-S5),CLUBS AND SOCIETIES,ART AND CRAFTS,na
ADMIRALTY SECONDARY SCHOOL,SECONDARY (S1-S5),PHYSICAL SPORTS,BADMINTON,na
ADMIRALTY SECONDARY SCHOOL,SECONDARY (S1-S5),VISUAL AND PERFORMING ARTS,CONCERT BAND,na
ADMIRALTY SECONDARY SCHOOL,SECONDARY (S1-S5),CLUBS AND SOCIETIES,DIGITAL MEDIA,na
ADMIRALTY SECONDARY SCHOOL,SECONDARY (S1-S5),VISUAL AND PERFORMING ARTS,ENGLISH DRAMA,na
ADMIRALTY SECONDARY SCHOOL,SECONDARY (S1-S5),VISUAL AND PERFORMING ARTS,GUZHENG ENSEMBLE,na
ADMIRALTY SECONDARY SCHOOL,SECONDARY (S1-S5),CLUBS AND SOCIETIES,MEDIA RESOURCE LIBRARY,na
ADMIRALTY SECONDARY SCHOOL,SECONDARY (S1-S5),VISUAL AND PERFORMING ARTS,MODERN DANCE,na
ADMIRALTY SECONDARY SCHOOL,SECONDARY (S1-S5),UNIFORMED GROUPS,NATIONAL CADET CORPS (LAND),na
ADMIRALTY SECONDARY SCHOOL,SECONDARY (S1-S5),UNIFORMED GROUPS,NATIONAL CIVIL DEFENCE CADET CORPS,na
ADMIRALTY SECONDARY SCHOOL,SECONDARY (S1-S5),UNIFORMED GROUPS,NATIONAL POLICE CADET CORPS,na
ADMIRALTY SECONDARY SCHOOL,SECONDARY (S1-S5),PHYSICAL SPORTS,NETBALL,na
ADMIRALTY SECONDARY SCHOOL,SECONDARY (S1-S5),UNIFORMED GROUPS,RED CROSS YOUTH,na
ADMIRALTY SECONDARY SCHOOL,SECONDARY (S1-S5),CLUBS AND SOCIETIES,ROBOTICS,na
ADMIRALTY SECONDARY SCHOOL,SECONDARY (S1-S5),PHYSICAL SPORTS,RUGBY,na
ADMIRALTY SECONDARY SCHOOL,SECONDARY (S1-S5),OTHERS,STUDENT LEADERSHIP (COUNCIL),na
ADMIRALTY SECONDARY SCHOOL,SECONDARY (S1-S5),OTHERS,STUDENT LEADERSHIP (HOUSE),CYL
ADMIRALTY SECONDARY SCHOOL,SECONDARY (S1-S5),PHYSICAL SPORTS,TRACK AND FIELD,na
ADMIRALTY SECONDARY SCHOOL,SECONDARY (S1-S5),PHYSICAL SPORTS,WUSHU,na
AHMAD IBRAHIM PRIMARY SCHOOL,PRIMARY,CLUBS AND SOCIETIES,ART AND CRAFTS,na
AHMAD IBRAHIM PRIMARY SCHOOL,PRIMARY,PHYSICAL SPORTS,BADMINTON,na
AHMAD IBRAHIM PRIMARY SCHOOL,PRIMARY,PHYSICAL SPORTS,BASKETBALL,na
AHMAD IBRAHIM PRIMARY SCHOOL,PRIMARY,VISUAL AND PERFORMING ARTS,CHINESE DANCE,na
AHMAD IBRAHIM PRIMARY SCHOOL,PRIMARY,VISUAL AND PERFORMING ARTS,CHOIR,na
AHMAD IBRAHIM PRIMARY SCHOOL,PRIMARY,PHYSICAL SPORTS,FOOTBALL,N2 CLUSTER FOOTBALL
AHMAD IBRAHIM PRIMARY SCHOOL,PRIMARY,VISUAL AND PERFORMING ARTS,INDIAN DANCE,na
AHMAD IBRAHIM PRIMARY SCHOOL,PRIMARY,VISUAL AND PERFORMING ARTS,MALAY DANCE,na
AHMAD IBRAHIM PRIMARY SCHOOL,PRIMARY,CLUBS AND SOCIETIES,PHOTOGRAPHY,na
AHMAD IBRAHIM PRIMARY SCHOOL,PRIMARY,CLUBS AND SOCIETIES,ROBOTICS,na
AHMAD IBRAHIM PRIMARY SCHOOL,PRIMARY,PHYSICAL SPORTS,ROPE SKIPPING,na
AHMAD IBRAHIM PRIMARY SCHOOL,PRIMARY,UNIFORMED GROUPS,SCOUTS,na
AHMAD IBRAHIM PRIMARY SCHOOL,PRIMARY,OTHERS,STUDENT LEADERSHIP (PEER SUPPORT),na
AHMAD IBRAHIM PRIMARY SCHOOL,PRIMARY,OTHERS,STUDENT LEADERSHIP (PREFECT),na
AHMAD IBRAHIM SECONDARY SCHOOL,SECONDARY (S1-S5),PHYSICAL SPORTS,BASKETBALL,na
AHMAD IBRAHIM SECONDARY SCHOOL,SECONDARY (S1-S5),VISUAL AND PERFORMING ARTS,CHINESE ORCHESTRA,na
AHMAD IBRAHIM SECONDARY SCHOOL,SECONDARY (S1-S5),VISUAL AND PERFORMING ARTS,CHOIR,na
AHMAD IBRAHIM SECONDARY SCHOOL,SECONDARY (S1-S5),VISUAL AND PERFORMING ARTS,CONCERT BAND,na
AHMAD IBRAHIM SECONDARY SCHOOL,SECONDARY (S1-S5),VISUAL AND PERFORMING ARTS,ENGLISH DRAMA,na
AHMAD IBRAHIM SECONDARY SCHOOL,SECONDARY (S1-S5),CLUBS AND SOCIETIES,ENVIRONMENTAL SCIENCE,GREEN SERVICE CLUB
AHMAD IBRAHIM SECONDARY SCHOOL,SECONDARY (S1-S5),PHYSICAL SPORTS,FOOTBALL,na
AHMAD IBRAHIM SECONDARY SCHOOL,SECONDARY (S1-S5),UNIFORMED GROUPS,GIRL GUIDES,na
AHMAD IBRAHIM SECONDARY SCHOOL,SECONDARY (S1-S5),VISUAL AND PERFORMING ARTS,MODERN DANCE,DANCE ENSEMBLE
AHMAD IBRAHIM SECONDARY SCHOOL,SECONDARY (S1-S5),UNIFORMED GROUPS,NATIONAL CADET CORPS (LAND),na
AHMAD IBRAHIM SECONDARY SCHOOL,SECONDARY (S1-S5),UNIFORMED GROUPS,NATIONAL POLICE CADET CORPS,na
AHMAD IBRAHIM SECONDARY SCHOOL,SECONDARY (S1-S5),CLUBS AND SOCIETIES,ROBOTICS,(AI) ROBOTICS CLUB
AHMAD IBRAHIM SECONDARY SCHOOL,SECONDARY (S1-S5),UNIFORMED GROUPS,SCOUTS,na
AHMAD IBRAHIM SECONDARY SCHOOL,SECONDARY (S1-S5),PHYSICAL SPORTS,SHOOTING,na
AHMAD IBRAHIM SECONDARY SCHOOL,SECONDARY (S1-S5),PHYSICAL SPORTS,SP-CCA (CANOEING),na
AHMAD IBRAHIM SECONDARY SCHOOL,SECONDARY (S1-S5),UNIFORMED GROUPS,ST JOHN BRIGADE,na
AHMAD IBRAHIM SECONDARY SCHOOL,SECONDARY (S1-S5),OTHERS,STUDENT LEADERSHIP (COUNCIL),na
AHMAD IBRAHIM SECONDARY SCHOOL,SECONDARY (S1-S5),OTHERS,STUDENT LEADERSHIP (HOUSE),OUTDOOR LEADER
AHMAD IBRAHIM SECONDARY SCHOOL,SECONDARY (S1-S5),OTHERS,STUDENT LEADERSHIP (PEER SUPPORT),na
AHMAD IBRAHIM SECONDARY SCHOOL,SECONDARY (S1-S5),PHYSICAL SPORTS,TRACK AND FIELD,na
AI TONG SCHOOL,PRIMARY,CLUBS AND SOCIETIES,ART AND CRAFTS,na
AI TONG SCHOOL,PRIMARY,PHYSICAL SPORTS,BADMINTON,na
AI TONG SCHOOL,PRIMARY,VISUAL AND PERFORMING ARTS,CHINESE DANCE,DANCE
AI TONG SCHOOL,PRIMARY,VISUAL AND PERFORMING ARTS,CHOIR,na
AI TONG SCHOOL,PRIMARY,VISUAL AND PERFORMING ARTS,ENGLISH DRAMA,BILINGUAL DRAMA
AI TONG SCHOOL,PRIMARY,CLUBS AND SOCIETIES,ENVIRONMENTAL SCIENCE,INNOVATOR
AI TONG SCHOOL,PRIMARY,UNIFORMED GROUPS,GIRL GUIDES (BROWNIES),BROWNIE
AI TONG SCHOOL,PRIMARY,VISUAL AND PERFORMING ARTS,GUZHENG ENSEMBLE,na
AI TONG SCHOOL,PRIMARY,CLUBS AND SOCIETIES,INFOCOMM TECHNOLOGY (COMPUTING),na
AI TONG SCHOOL,PRIMARY,PHYSICAL SPORTS,MODULAR CCA (SPORTS),MODULAR SPORTS
AI TONG SCHOOL,PRIMARY,VISUAL AND PERFORMING ARTS,PERCUSSION ENSEMBLE,FESTIVAL DRUMS
AI TONG SCHOOL,PRIMARY,CLUBS AND SOCIETIES,ROBOTICS,na
AI TONG SCHOOL,PRIMARY,UNIFORMED GROUPS,SCOUTS,CUB SCOUT
AI TONG SCHOOL,PRIMARY,PHYSICAL SPORTS,TABLE TENNIS,na
AI TONG SCHOOL,PRIMARY,PHYSICAL SPORTS,TRACK AND FIELD,na
AI TONG SCHOOL,PRIMARY,PHYSICAL SPORTS,VOLLEYBALL,na
AI TONG SCHOOL,PRIMARY,PHYSICAL SPORTS,WUSHU,na
ALEXANDRA PRIMARY SCHOOL,PRIMARY,CLUBS AND SOCIETIES,ART AND CRAFTS,na
ALEXANDRA PRIMARY SCHOOL,PRIMARY,PHYSICAL SPORTS,BADMINTON,na
ALEXANDRA PRIMARY SCHOOL,PRIMARY,PHYSICAL SPORTS,BASKETBALL,na
ALEXANDRA PRIMARY SCHOOL,PRIMARY,CLUBS AND SOCIETIES,CHEERLEADING,na
ALEXANDRA PRIMARY SCHOOL,PRIMARY,CLUBS AND SOCIETIES,CHINESE CULTURE AND LANGUAGE,na
ALEXANDRA PRIMARY SCHOOL,PRIMARY,VISUAL AND PERFORMING ARTS,CHOIR,na
ALEXANDRA PRIMARY SCHOOL,PRIMARY,VISUAL AND PERFORMING ARTS,ENGLISH DRAMA,na
ALEXANDRA PRIMARY SCHOOL,PRIMARY,CLUBS AND SOCIETIES,ENVIRONMENTAL SCIENCE,na
ALEXANDRA PRIMARY SCHOOL,PRIMARY,VISUAL AND PERFORMING ARTS,GUITAR ENSEMBLE,na
ALEXANDRA PRIMARY SCHOOL,PRIMARY,CLUBS AND SOCIETIES,INFOCOMM TECHNOLOGY (COMPUTING),na
ALEXANDRA PRIMARY SCHOOL,PRIMARY,CLUBS AND SOCIETIES,INTERNATIONAL CHESS,na
ALEXANDRA PRIMARY SCHOOL,PRIMARY,VISUAL AND PERFORMING ARTS,MODERN DANCE,na
ALEXANDRA PRIMARY SCHOOL,PRIMARY,VISUAL AND PERFORMING ARTS,PERCUSSION ENSEMBLE,na
ALEXANDRA PRIMARY SCHOOL,PRIMARY,PHYSICAL SPORTS,RUGBY,na
ALEXANDRA PRIMARY SCHOOL,PRIMARY,UNIFORMED GROUPS,SCOUTS,na
ALEXANDRA PRIMARY SCHOOL,PRIMARY,PHYSICAL SPORTS,SOFTBALL,na
ALEXANDRA PRIMARY SCHOOL,PRIMARY,PHYSICAL SPORTS,SWIMMING,na
ALEXANDRA PRIMARY SCHOOL,PRIMARY,PHYSICAL SPORTS,TABLE TENNIS,na
ALEXANDRA PRIMARY SCHOOL,PRIMARY,PHYSICAL SPORTS,TRACK AND FIELD,na
ANCHOR GREEN PRIMARY SCHOOL,PRIMARY,PHYSICAL SPORTS,BASKETBALL,na
ANCHOR GREEN PRIMARY SCHOOL,PRIMARY,VISUAL AND PERFORMING ARTS,CHINESE DRUMS,FESTIVE DRUMS
ANCHOR GREEN PRIMARY SCHOOL,PRIMARY,VISUAL AND PERFORMING ARTS,CHOIR,na
ANCHOR GREEN PRIMARY SCHOOL,PRIMARY,VISUAL AND PERFORMING ARTS,ENGLISH DRAMA,DRAMA CLUB
ANCHOR GREEN PRIMARY SCHOOL,PRIMARY,CLUBS AND SOCIETIES,ENVIRONMENTAL SCIENCE,STEM INNOVATORS
ANCHOR GREEN PRIMARY SCHOOL,PRIMARY,PHYSICAL SPORTS,FLOORBALL,na
ANCHOR GREEN PRIMARY SCHOOL,PRIMARY,VISUAL AND PERFORMING ARTS,GUZHENG ENSEMBLE,na
ANCHOR GREEN PRIMARY SCHOOL,PRIMARY,CLUBS AND SOCIETIES,INFOCOMM TECHNOLOGY (MEDIA PRODUCTION),NEW MEDIA ARTS
ANCHOR GREEN PRIMARY SCHOOL,PRIMARY,CLUBS AND SOCIETIES,INTERNATIONAL CHESS,CHESS CLUB
ANCHOR GREEN PRIMARY SCHOOL,PRIMARY,VISUAL AND PERFORMING ARTS,MODERN DANCE,na
ANCHOR GREEN PRIMARY SCHOOL,PRIMARY,PHYSICAL SPORTS,NETBALL,na
ANCHOR GREEN PRIMARY SCHOOL,PRIMARY,CLUBS AND SOCIETIES,ROBOTICS,STEM INNOVATORS
ANCHOR GREEN PRIMARY SCHOOL,PRIMARY,UNIFORMED GROUPS,SCOUTS,na
ANCHOR GREEN PRIMARY SCHOOL,PRIMARY,PHYSICAL SPORTS,WUSHU,na
ANDERSON PRIMARY SCHOOL,PRIMARY,VISUAL AND PERFORMING ARTS,ANGKLUNG/KULINTANG ENSEMBLE,na
ANDERSON PRIMARY SCHOOL,PRIMARY,CLUBS AND SOCIETIES,ART AND CRAFTS,ART CLUB
ANDERSON PRIMARY SCHOOL,PRIMARY,PHYSICAL SPORTS,BADMINTON,na
ANDERSON PRIMARY SCHOOL,PRIMARY,PHYSICAL SPORTS,BASKETBALL,na
ANDERSON PRIMARY SCHOOL,PRIMARY,UNIFORMED GROUPS,BOYS' BRIGADE,na
ANDERSON PRIMARY SCHOOL,PRIMARY,VISUAL AND PERFORMING ARTS,BRASS BAND,na
ANDERSON PRIMARY SCHOOL,PRIMARY,VISUAL AND PERFORMING ARTS,CHINESE DANCE,DANCE ENSEMBLE
ANDERSON PRIMARY SCHOOL,PRIMARY,VISUAL AND PERFORMING ARTS,CULTURAL DANCE,na
ANDERSON PRIMARY SCHOOL,PRIMARY,VISUAL AND PERFORMING ARTS,ENGLISH DRAMA,na
ANDERSON PRIMARY SCHOOL,PRIMARY,CLUBS AND SOCIETIES,ENVIRONMENTAL SCIENCE,GAIA CLUB
ANDERSON PRIMARY SCHOOL,PRIMARY,PHYSICAL SPORTS,FOOTBALL,na
ANDERSON PRIMARY SCHOOL,PRIMARY,UNIFORMED GROUPS,GIRLS' BRIGADE,na
ANDERSON PRIMARY SCHOOL,PRIMARY,VISUAL AND PERFORMING ARTS,GUITAR ENSEMBLE,na
ANDERSON PRIMARY SCHOOL,PRIMARY,VISUAL AND PERFORMING ARTS,GUZHENG ENSEMBLE,na
ANDERSON PRIMARY SCHOOL,PRIMARY,VISUAL AND PERFORMING ARTS,INDIAN DANCE,na
ANDERSON PRIMARY SCHOOL,PRIMARY,CLUBS AND SOCIETIES,LION AND DRAGON DANCE,na
ANDERSON PRIMARY SCHOOL,PRIMARY,VISUAL AND PERFORMING ARTS,MALAY DANCE,na
ANDERSON PRIMARY SCHOOL,PRIMARY,VISUAL AND PERFORMING ARTS,MODERN DANCE,na
ANDERSON PRIMARY SCHOOL,PRIMARY,CLUBS AND SOCIETIES,ROBOTICS,EUREKA CLUB
ANDERSON PRIMARY SCHOOL,PRIMARY,VISUAL AND PERFORMING ARTS,TAP DANCE,na
ANDERSON PRIMARY SCHOOL,PRIMARY,PHYSICAL SPORTS,VOLLEYBALL,na
ANDERSON SECONDARY SCHOOL,SECONDARY (S1-S5),CLUBS AND SOCIETIES,ART AND CRAFTS,ART CLUB
ANDERSON SECONDARY SCHOOL,SECONDARY (S1-S5),PHYSICAL SPORTS,BASKETBALL,na
ANDERSON SECONDARY SCHOOL,SECONDARY (S1-S5),CLUBS AND SOCIETIES,BIOLOGICAL SCIENCE,ANDERSON SCIENCE ACADEMY
ANDERSON SECONDARY SCHOOL,SECONDARY (S1-S5),VISUAL AND PERFORMING ARTS,CHINESE DANCE,na
ANDERSON SECONDARY SCHOOL,SECONDARY (S1-S5),VISUAL AND PERFORMING ARTS,CHOIR,na
ANDERSON SECONDARY SCHOOL,SECONDARY (S1-S5),VISUAL AND PERFORMING ARTS,CONCERT BAND,BAND
ANDERSON SECONDARY SCHOOL,SECONDARY (S1-S5),VISUAL AND PERFORMING ARTS,ENGLISH DRAMA,ANDERSON THEATRE CIRCLE
ANDERSON SECONDARY SCHOOL,SECONDARY (S1-S5),CLUBS AND SOCIETIES,ENVIRONMENTAL SCIENCE,ENVIRONMENTAL CLUB
ANDERSON SECONDARY SCHOOL,SECONDARY (S1-S5),PHYSICAL SPORTS,FENCING,na
ANDERSON SECONDARY SCHOOL,SECONDARY (S1-S5),PHYSICAL SPORTS,FOOTBALL,na
ANDERSON SECONDARY SCHOOL,SECONDARY (S1-S5),UNIFORMED GROUPS,GIRL GUIDES,na
ANDERSON SECONDARY SCHOOL,SECONDARY (S1-S5),CLUBS AND SOCIETIES,INFOCOMM TECHNOLOGY (MEDIA PRODUCTION),INFOCOMM CLUB
ANDERSON SECONDARY SCHOOL,SECONDARY (S1-S5),VISUAL AND PERFORMING ARTS,MALAY DANCE,na
ANDERSON SECONDARY SCHOOL,SECONDARY (S1-S5),UNIFORMED GROUPS,NATIONAL CADET CORPS (LAND),na
ANDERSON SECONDARY SCHOOL,SECONDARY (S1-S5),UNIFORMED GROUPS,NATIONAL POLICE CADET CORPS,na
ANDERSON SECONDARY SCHOOL,SECONDARY (S1-S5),PHYSICAL SPORTS,NETBALL,na
ANDERSON SECONDARY SCHOOL,SECONDARY (S1-S5),CLUBS AND SOCIETIES,ROBOTICS,na
ANDERSON SECONDARY SCHOOL,SECONDARY (S1-S5),CLUBS AND SOCIETIES,SINGAPORE YOUTH FLYING CLUB,na
ANDERSON SECONDARY SCHOOL,SECONDARY (S1-S5),CLUBS AND SOCIETIES,STRATEGY GAMES,HEALTH LEADERS
ANDERSON SECONDARY SCHOOL,SECONDARY (S1-S5),OTHERS,STUDENT LEADERSHIP (COUNCIL),na
ANDERSON SECONDARY SCHOOL,SECONDARY (S1-S5),OTHERS,STUDENT LEADERSHIP (PEER SUPPORT),na
ANDERSON SECONDARY SCHOOL,SECONDARY (S1-S5),PHYSICAL SPORTS,TABLE TENNIS,na
ANDERSON SECONDARY SCHOOL,SECONDARY (S1-S5),PHYSICAL SPORTS,TAEKWONDO,na
ANDERSON SECONDARY SCHOOL,SECONDARY (S1-S5),PHYSICAL SPORTS,TRACK AND FIELD,na
ANDERSON SECONDARY SCHOOL,SECONDARY (S1-S5),PHYSICAL SPORTS,VOLLEYBALL,na
ANDERSON SECONDARY SCHOOL,SECONDARY (S1-S5),PHYSICAL SPORTS,WATER POLO,na
ANDERSON SECONDARY SCHOOL,SECONDARY (S1-S5),PHYSICAL SPORTS,WUSHU,na
ANDERSON SERANGOON JUNIOR COLLEGE,JUNIOR COLLEGE,CLUBS AND SOCIETIES,ART AND CRAFTS,VISUAL ARTS CLUB
ANDERSON SERANGOON JUNIOR COLLEGE,JUNIOR COLLEGE,CLUBS AND SOCIETIES,AUDIO VISUAL AID,AVA CLUB
ANDERSON SERANGOON JUNIOR COLLEGE,JUNIOR COLLEGE,PHYSICAL SPORTS,BADMINTON,BADMINTON
ANDERSON SERANGOON JUNIOR COLLEGE,JUNIOR COLLEGE,PHYSICAL SPORTS,BASKETBALL,BASKETBALL
ANDERSON SERANGOON JUNIOR COLLEGE,JUNIOR COLLEGE,CLUBS AND SOCIETIES,"CHINESE LANGUAGE, DRAMA AND DEBATING",CLDDS
ANDERSON SERANGOON JUNIOR COLLEGE,JUNIOR COLLEGE,VISUAL AND PERFORMING ARTS,CHINESE ORCHESTRA,na
ANDERSON SERANGOON JUNIOR COLLEGE,JUNIOR COLLEGE,VISUAL AND PERFORMING ARTS,CHOIR,na
ANDERSON SERANGOON JUNIOR COLLEGE,JUNIOR COLLEGE,CLUBS AND SOCIETIES,COMMUNITY SERVICE,COMMUNITY CHAMPIONS COUNCIL
ANDERSON SERANGOON JUNIOR COLLEGE,JUNIOR COLLEGE,CLUBS AND SOCIETIES,COMMUNITY SERVICE (FIRST AID),RED CROSS YOUTH
ANDERSON SERANGOON JUNIOR COLLEGE,JUNIOR COLLEGE,VISUAL AND PERFORMING ARTS,CONCERT BAND,SYMPHONIC BAND
ANDERSON SERANGOON JUNIOR COLLEGE,JUNIOR COLLEGE,CLUBS AND SOCIETIES,DEBATING AND PUBLIC SPEAKING,DEBATE AND CREATIVE COMMUNICATIONS
ANDERSON SERANGOON JUNIOR COLLEGE,JUNIOR COLLEGE,VISUAL AND PERFORMING ARTS,ENGLISH DRAMA,STAGEWORKS
ANDERSON SERANGOON JUNIOR COLLEGE,JUNIOR COLLEGE,CLUBS AND SOCIETIES,ENVIRONMENTAL SCIENCE,STEM
ANDERSON SERANGOON JUNIOR COLLEGE,JUNIOR COLLEGE,PHYSICAL SPORTS,FOOTBALL,na
ANDERSON SERANGOON JUNIOR COLLEGE,JUNIOR COLLEGE,PHYSICAL SPORTS,FRISBEE,na
ANDERSON SERANGOON JUNIOR COLLEGE,JUNIOR COLLEGE,VISUAL AND PERFORMING ARTS,GUITAR ENSEMBLE,na
ANDERSON SERANGOON JUNIOR COLLEGE,JUNIOR COLLEGE,PHYSICAL SPORTS,HOCKEY,na
ANDERSON SERANGOON JUNIOR COLLEGE,JUNIOR COLLEGE,CLUBS AND SOCIETIES,"INDIAN LANGUAGE, DRAMA AND DEBATING",TLDDS
ANDERSON SERANGOON JUNIOR COLLEGE,JUNIOR COLLEGE,VISUAL AND PERFORMING ARTS,MODERN DANCE,DANCE SOCIETY
ANDERSON SERANGOON JUNIOR COLLEGE,JUNIOR COLLEGE,PHYSICAL SPORTS,NETBALL,na
ANDERSON SERANGOON JUNIOR COLLEGE,JUNIOR COLLEGE,PHYSICAL SPORTS,OUTDOOR ADVENTURE,ODAC
ANDERSON SERANGOON JUNIOR COLLEGE,JUNIOR COLLEGE,CLUBS AND SOCIETIES,PHOTOGRAPHY,PHOTOGRAPHIC SOCIETY
ANDERSON SERANGOON JUNIOR COLLEGE,JUNIOR COLLEGE,PHYSICAL SPORTS,SHOOTING,na
ANDERSON SERANGOON JUNIOR COLLEGE,JUNIOR COLLEGE,CLUBS AND SOCIETIES,STRATEGY GAMES,STRATEGIST SOCIETY
ANDERSON SERANGOON JUNIOR COLLEGE,JUNIOR COLLEGE,OTHERS,STUDENT LEADERSHIP (COUNCIL),STUDENTS' COUNCIL
ANDERSON SERANGOON JUNIOR COLLEGE,JUNIOR COLLEGE,PHYSICAL SPORTS,TABLE TENNIS,na
ANDERSON SERANGOON JUNIOR COLLEGE,JUNIOR COLLEGE,PHYSICAL SPORTS,TAEKWONDO,na
ANDERSON SERANGOON JUNIOR COLLEGE,JUNIOR COLLEGE,PHYSICAL SPORTS,TENNIS,na
ANDERSON SERANGOON JUNIOR COLLEGE,JUNIOR COLLEGE,PHYSICAL SPORTS,TOUCH RUGBY,na
ANDERSON SERANGOON JUNIOR COLLEGE,JUNIOR COLLEGE,PHYSICAL SPORTS,VOLLEYBALL,na
ANG MO KIO PRIMARY SCHOOL,PRIMARY,CLUBS AND SOCIETIES,ART AND CRAFTS,na
ANG MO KIO PRIMARY SCHOOL,PRIMARY,PHYSICAL SPORTS,BADMINTON,na
ANG MO KIO PRIMARY SCHOOL,PRIMARY,PHYSICAL SPORTS,BASKETBALL,na
ANG MO KIO PRIMARY SCHOOL,PRIMARY,VISUAL AND PERFORMING ARTS,BRASS BAND,na
ANG MO KIO PRIMARY SCHOOL,PRIMARY,VISUAL AND PERFORMING ARTS,CHOIR,na
ANG MO KIO PRIMARY SCHOOL,PRIMARY,VISUAL AND PERFORMING ARTS,ENGLISH DRAMA,na
ANG MO KIO PRIMARY SCHOOL,PRIMARY,PHYSICAL SPORTS,FOOTBALL,na
ANG MO KIO PRIMARY SCHOOL,PRIMARY,CLUBS AND SOCIETIES,INFOCOMM TECHNOLOGY (COMPUTING),na
ANG MO KIO PRIMARY SCHOOL,PRIMARY,VISUAL AND PERFORMING ARTS,MODERN DANCE,na
ANG MO KIO PRIMARY SCHOOL,PRIMARY,CLUBS AND SOCIETIES,PROJECT CABIN,na
ANG MO KIO PRIMARY SCHOOL,PRIMARY,UNIFORMED GROUPS,RED CROSS YOUTH,na
ANG MO KIO PRIMARY SCHOOL,PRIMARY,UNIFORMED GROUPS,SCOUTS,na
ANG MO KIO PRIMARY SCHOOL,PRIMARY,OTHERS,STUDENT LEADERSHIP (PREFECT),na
ANG MO KIO PRIMARY SCHOOL,PRIMARY,PHYSICAL SPORTS,TABLE TENNIS,na
ANG MO KIO PRIMARY SCHOOL,PRIMARY,PHYSICAL SPORTS,TRACK AND FIELD,na
ANG MO KIO SECONDARY SCHOOL,SECONDARY (S1-S5),CLUBS AND SOCIETIES,ART AND CRAFTS,na
ANG MO KIO SECONDARY SCHOOL,SECONDARY (S1-S5),CLUBS AND SOCIETIES,AUDIO VISUAL AID,na
ANG MO KIO SECONDARY SCHOOL,SECONDARY (S1-S5),PHYSICAL SPORTS,BADMINTON,na
ANG MO KIO SECONDARY SCHOOL,SECONDARY (S1-S5),PHYSICAL SPORTS,BASKETBALL,na
ANG MO KIO SECONDARY SCHOOL,SECONDARY (S1-S5),UNIFORMED GROUPS,BOYS' BRIGADE,na
ANG MO KIO SECONDARY SCHOOL,SECONDARY (S1-S5),VISUAL AND PERFORMING ARTS,CHOIR,na
ANG MO KIO SECONDARY SCHOOL,SECONDARY (S1-S5),VISUAL AND PERFORMING ARTS,CONCERT BAND,na
ANG MO KIO SECONDARY SCHOOL,SECONDARY (S1-S5),VISUAL AND PERFORMING ARTS,ENGLISH DRAMA,na
ANG MO KIO SECONDARY SCHOOL,SECONDARY (S1-S5),CLUBS AND SOCIETIES,ENVIRONMENTAL SCIENCE,na
ANG MO KIO SECONDARY SCHOOL,SECONDARY (S1-S5),PHYSICAL SPORTS,FOOTBALL,na
ANG MO KIO SECONDARY SCHOOL,SECONDARY (S1-S5),UNIFORMED GROUPS,GIRL GUIDES,na
ANG MO KIO SECONDARY SCHOOL,SECONDARY (S1-S5),VISUAL AND PERFORMING ARTS,MALAY DANCE,na
ANG MO KIO SECONDARY SCHOOL,SECONDARY (S1-S5),VISUAL AND PERFORMING ARTS,MODERN DANCE,na
ANG MO KIO SECONDARY SCHOOL,SECONDARY (S1-S5),UNIFORMED GROUPS,NATIONAL CADET CORPS (AIR),na
ANG MO KIO SECONDARY SCHOOL,SECONDARY (S1-S5),UNIFORMED GROUPS,NATIONAL POLICE CADET CORPS,na
ANG MO KIO SECONDARY SCHOOL,SECONDARY (S1-S5),PHYSICAL SPORTS,NETBALL,na
ANG MO KIO SECONDARY SCHOOL,SECONDARY (S1-S5),UNIFORMED GROUPS,RED CROSS YOUTH,na
ANG MO KIO SECONDARY SCHOOL,SECONDARY (S1-S5),VISUAL AND PERFORMING ARTS,SINGAPORE NATIONAL YOUTH ORCHESTRA,na
ANG MO KIO SECONDARY SCHOOL,SECONDARY (S1-S5),PHYSICAL SPORTS,SP-CCA (CANOEING),na
ANG MO KIO SECONDARY SCHOOL,SECONDARY (S1-S5),PHYSICAL SPORTS,SP-CCA (HOCKEY),na
ANG MO KIO SECONDARY SCHOOL,SECONDARY (S1-S5),PHYSICAL SPORTS,SP-CCA (WATER POLO),na
ANG MO KIO SECONDARY SCHOOL,SECONDARY (S1-S5),PHYSICAL SPORTS,SWIMMING,na
ANG MO KIO SECONDARY SCHOOL,SECONDARY (S1-S5),PHYSICAL SPORTS,TABLE TENNIS,na
ANG MO KIO SECONDARY SCHOOL,SECONDARY (S1-S5),PHYSICAL SPORTS,TAEKWONDO,na
ANG MO KIO SECONDARY SCHOOL,SECONDARY (S1-S5),PHYSICAL SPORTS,VOLLEYBALL,na
ANG MO KIO SECONDARY SCHOOL,SECONDARY (S1-S5),PHYSICAL SPORTS,WUSHU,na
ANGLICAN HIGH SCHOOL,SECONDARY (S1-S4),PHYSICAL SPORTS,ARTISTIC GYMNASTICS,na
ANGLICAN HIGH SCHOOL,SECONDARY (S1-S4),CLUBS AND SOCIETIES,AUDIO VISUAL AID,na
ANGLICAN HIGH SCHOOL,SECONDARY (S1-S4),PHYSICAL SPORTS,BADMINTON,na
ANGLICAN HIGH SCHOOL,SECONDARY (S1-S4),PHYSICAL SPORTS,BASKETBALL,na
ANGLICAN HIGH SCHOOL,SECONDARY (S1-S4),UNIFORMED GROUPS,BOYS' BRIGADE,na
ANGLICAN HIGH SCHOOL,SECONDARY (S1-S4),PHYSICAL SPORTS,CANOEING,na
ANGLICAN HIGH SCHOOL,SECONDARY (S1-S4),VISUAL AND PERFORMING ARTS,CHINESE DRAMA,na
ANGLICAN HIGH SCHOOL,SECONDARY (S1-S4),VISUAL AND PERFORMING ARTS,CHINESE ORCHESTRA,na
ANGLICAN HIGH SCHOOL,SECONDARY (S1-S4),VISUAL AND PERFORMING ARTS,CHOIR,na
ANGLICAN HIGH SCHOOL,SECONDARY (S1-S4),VISUAL AND PERFORMING ARTS,CONCERT BAND,na
ANGLICAN HIGH SCHOOL,SECONDARY (S1-S4),CLUBS AND SOCIETIES,DEBATING AND PUBLIC SPEAKING,na
ANGLICAN HIGH SCHOOL,SECONDARY (S1-S4),VISUAL AND PERFORMING ARTS,ENGLISH DRAMA,na
ANGLICAN HIGH SCHOOL,SECONDARY (S1-S4),CLUBS AND SOCIETIES,ENTREPRENEURSHIP,na
ANGLICAN HIGH SCHOOL,SECONDARY (S1-S4),UNIFORMED GROUPS,GIRL GUIDES,na
ANGLICAN HIGH SCHOOL,SECONDARY (S1-S4),UNIFORMED GROUPS,GIRLS' BRIGADE,na
ANGLICAN HIGH SCHOOL,SECONDARY (S1-S4),PHYSICAL SPORTS,GOLF,na
ANGLICAN HIGH SCHOOL,SECONDARY (S1-S4),VISUAL AND PERFORMING ARTS,GUITAR ENSEMBLE,na
ANGLICAN HIGH SCHOOL,SECONDARY (S1-S4),CLUBS AND SOCIETIES,INFOCOMM TECHNOLOGY (MEDIA PRODUCTION),na
ANGLICAN HIGH SCHOOL,SECONDARY (S1-S4),CLUBS AND SOCIETIES,INTERNATIONAL CHESS,na
ANGLICAN HIGH SCHOOL,SECONDARY (S1-S4),VISUAL AND PERFORMING ARTS,MODERN DANCE,na
ANGLICAN HIGH SCHOOL,SECONDARY (S1-S4),UNIFORMED GROUPS,NATIONAL CADET CORPS (LAND),na
ANGLICAN HIGH SCHOOL,SECONDARY (S1-S4),UNIFORMED GROUPS,NATIONAL POLICE CADET CORPS,na
ANGLICAN HIGH SCHOOL,SECONDARY (S1-S4),CLUBS AND SOCIETIES,ROBOTICS,na
ANGLICAN HIGH SCHOOL,SECONDARY (S1-S4),PHYSICAL SPORTS,ROCKWALL CLIMBING,na
ANGLICAN HIGH SCHOOL,SECONDARY (S1-S4),UNIFORMED GROUPS,SCOUTS,na
ANGLICAN HIGH SCHOOL,SECONDARY (S1-S4),PHYSICAL SPORTS,SHOOTING,na
ANGLICAN HIGH SCHOOL,SECONDARY (S1-S4),VISUAL AND PERFORMING ARTS,SINGAPORE NATIONAL YOUTH CHINESE ORCHESTRA,na
ANGLICAN HIGH SCHOOL,SECONDARY (S1-S4),VISUAL AND PERFORMING ARTS,SINGAPORE NATIONAL YOUTH ORCHESTRA,na
ANGLICAN HIGH SCHOOL,SECONDARY (S1-S4),CLUBS AND SOCIETIES,SINGAPORE YOUTH FLYING CLUB,na
ANGLICAN HIGH SCHOOL,SECONDARY (S1-S4),PHYSICAL SPORTS,SP-CCA (ATHLETICS),na
ANGLICAN HIGH SCHOOL,SECONDARY (S1-S4),PHYSICAL SPORTS,SP-CCA (CANOEING),na
ANGLICAN HIGH SCHOOL,SECONDARY (S1-S4),PHYSICAL SPORTS,SP-CCA (WATER POLO),na
ANGLICAN HIGH SCHOOL,SECONDARY (S1-S4),UNIFORMED GROUPS,ST JOHN BRIGADE,na
ANGLICAN HIGH SCHOOL,SECONDARY (S1-S4),PHYSICAL SPORTS,TABLE TENNIS,na
ANGLICAN HIGH SCHOOL,SECONDARY (S1-S4),PHYSICAL SPORTS,TAEKWONDO,na
ANGLICAN HIGH SCHOOL,SECONDARY (S1-S4),PHYSICAL SPORTS,TRACK AND FIELD,na
ANGLICAN HIGH SCHOOL,SECONDARY (S1-S4),PHYSICAL SPORTS,WATER POLO,na
ANGLICAN HIGH SCHOOL,SECONDARY (S1-S4),PHYSICAL SPORTS,WUSHU,na
ANGLO-CHINESE JUNIOR COLLEGE,JUNIOR COLLEGE,PHYSICAL SPORTS,ARCHERY,na
ANGLO-CHINESE JUNIOR COLLEGE,JUNIOR COLLEGE,PHYSICAL SPORTS,ARTISTIC GYMNASTICS,na
ANGLO-CHINESE JUNIOR COLLEGE,JUNIOR COLLEGE,PHYSICAL SPORTS,ARTISTIC SWIMMING,na
ANGLO-CHINESE JUNIOR COLLEGE,JUNIOR COLLEGE,PHYSICAL SPORTS,BADMINTON,na
ANGLO-CHINESE JUNIOR COLLEGE,JUNIOR COLLEGE,PHYSICAL SPORTS,BASKETBALL,na
ANGLO-CHINESE JUNIOR COLLEGE,JUNIOR COLLEGE,PHYSICAL SPORTS,BOWLING,na
ANGLO-CHINESE JUNIOR COLLEGE,JUNIOR COLLEGE,PHYSICAL SPORTS,CANOEING,na
ANGLO-CHINESE JUNIOR COLLEGE,JUNIOR COLLEGE,VISUAL AND PERFORMING ARTS,CHOIR,na
ANGLO-CHINESE JUNIOR COLLEGE,JUNIOR COLLEGE,CLUBS AND SOCIETIES,COMMUNITY SERVICE (FIRST AID),FIRST AID UNIT
ANGLO-CHINESE JUNIOR COLLEGE,JUNIOR COLLEGE,CLUBS AND SOCIETIES,COMMUNITY SERVICE (ROTARY-SPONSORED),INTERACT CLUB
ANGLO-CHINESE JUNIOR COLLEGE,JUNIOR COLLEGE,VISUAL AND PERFORMING ARTS,CONCERT BAND,na
ANGLO-CHINESE JUNIOR COLLEGE,JUNIOR COLLEGE,PHYSICAL SPORTS,CROSS COUNTRY,na
ANGLO-CHINESE JUNIOR COLLEGE,JUNIOR COLLEGE,CLUBS AND SOCIETIES,DEBATING AND PUBLIC SPEAKING,DEBATE AND ORATORICAL SOCIETY
ANGLO-CHINESE JUNIOR COLLEGE,JUNIOR COLLEGE,VISUAL AND PERFORMING ARTS,ENGLISH DRAMA,ACSIAN THEATRE
ANGLO-CHINESE JUNIOR COLLEGE,JUNIOR COLLEGE,CLUBS AND SOCIETIES,FAITH-BASED CCA,CHRISTIAN FELLOWSHIP
ANGLO-CHINESE JUNIOR COLLEGE,JUNIOR COLLEGE,PHYSICAL SPORTS,FENCING,na
ANGLO-CHINESE JUNIOR COLLEGE,JUNIOR COLLEGE,CLUBS AND SOCIETIES,FILM,PIXEL LABS
ANGLO-CHINESE JUNIOR COLLEGE,JUNIOR COLLEGE,PHYSICAL SPORTS,FLOORBALL,na
ANGLO-CHINESE JUNIOR COLLEGE,JUNIOR COLLEGE,PHYSICAL SPORTS,FOOTBALL,na
ANGLO-CHINESE JUNIOR COLLEGE,JUNIOR COLLEGE,VISUAL AND PERFORMING ARTS,GUITAR ENSEMBLE,na
ANGLO-CHINESE JUNIOR COLLEGE,JUNIOR COLLEGE,PHYSICAL SPORTS,HOCKEY,na
ANGLO-CHINESE JUNIOR COLLEGE,JUNIOR COLLEGE,CLUBS AND SOCIETIES,INFOCOMM TECHNOLOGY (MEDIA PRODUCTION),MEDIA RESOURCE CREW
ANGLO-CHINESE JUNIOR COLLEGE,JUNIOR COLLEGE,VISUAL AND PERFORMING ARTS,MODERN DANCE,DANCE SOCIETY
ANGLO-CHINESE JUNIOR COLLEGE,JUNIOR COLLEGE,CLUBS AND SOCIETIES,MODULAR CCA (C&S),STEM COUNCIL
ANGLO-CHINESE JUNIOR COLLEGE,JUNIOR COLLEGE,UNIFORMED GROUPS,NATIONAL POLICE CADET CORPS (SEA),AC UG
ANGLO-CHINESE JUNIOR COLLEGE,JUNIOR COLLEGE,PHYSICAL SPORTS,NETBALL,na
ANGLO-CHINESE JUNIOR COLLEGE,JUNIOR COLLEGE,CLUBS AND SOCIETIES,PHOTOGRAPHY,PHOTOGRAPHIC SOCIETY
ANGLO-CHINESE JUNIOR COLLEGE,JUNIOR COLLEGE,PHYSICAL SPORTS,ROCKWALL CLIMBING,na
ANGLO-CHINESE JUNIOR COLLEGE,JUNIOR COLLEGE,PHYSICAL SPORTS,RUGBY,na
ANGLO-CHINESE JUNIOR COLLEGE,JUNIOR COLLEGE,VISUAL AND PERFORMING ARTS,SINGAPORE NATIONAL YOUTH ORCHESTRA,na
ANGLO-CHINESE JUNIOR COLLEGE,JUNIOR COLLEGE,PHYSICAL SPORTS,SOFTBALL,na
ANGLO-CHINESE JUNIOR COLLEGE,JUNIOR COLLEGE,PHYSICAL SPORTS,SQUASH,na
ANGLO-CHINESE JUNIOR COLLEGE,JUNIOR COLLEGE,VISUAL AND PERFORMING ARTS,STRING ENSEMBLE,na
ANGLO-CHINESE JUNIOR COLLEGE,JUNIOR COLLEGE,OTHERS,STUDENT LEADERSHIP (HOUSE),na
ANGLO-CHINESE JUNIOR COLLEGE,JUNIOR COLLEGE,CLUBS AND SOCIETIES,STUDENTS' COUNCIL,STUDENTS' COUNCIL
ANGLO-CHINESE JUNIOR COLLEGE,JUNIOR COLLEGE,PHYSICAL SPORTS,SWIMMING,na
ANGLO-CHINESE JUNIOR COLLEGE,JUNIOR COLLEGE,PHYSICAL SPORTS,TABLE TENNIS,na
ANGLO-CHINESE JUNIOR COLLEGE,JUNIOR COLLEGE,PHYSICAL SPORTS,TENNIS,na
ANGLO-CHINESE JUNIOR COLLEGE,JUNIOR COLLEGE,PHYSICAL SPORTS,TRACK AND FIELD,na
ANGLO-CHINESE JUNIOR COLLEGE,JUNIOR COLLEGE,PHYSICAL SPORTS,VOLLEYBALL,na
ANGLO-CHINESE JUNIOR COLLEGE,JUNIOR COLLEGE,PHYSICAL SPORTS,WATER POLO,na
ANGLO-CHINESE SCHOOL (BARKER ROAD),SECONDARY (S1-S5),PHYSICAL SPORTS,BADMINTON,na
ANGLO-CHINESE SCHOOL (BARKER ROAD),SECONDARY (S1-S5),PHYSICAL SPORTS,BASKETBALL,na
ANGLO-CHINESE SCHOOL (BARKER ROAD),SECONDARY (S1-S5),PHYSICAL SPORTS,BOWLING,na
ANGLO-CHINESE SCHOOL (BARKER ROAD),SECONDARY (S1-S5),UNIFORMED GROUPS,BOYS' BRIGADE,na
ANGLO-CHINESE SCHOOL (BARKER ROAD),SECONDARY (S1-S5),VISUAL AND PERFORMING ARTS,CHINESE ORCHESTRA,na
ANGLO-CHINESE SCHOOL (BARKER ROAD),SECONDARY (S1-S5),VISUAL AND PERFORMING ARTS,CHOIR,na
ANGLO-CHINESE SCHOOL (BARKER ROAD),SECONDARY (S1-S5),VISUAL AND PERFORMING ARTS,CONCERT BAND,na
ANGLO-CHINESE SCHOOL (BARKER ROAD),SECONDARY (S1-S5),CLUBS AND SOCIETIES,DEBATING AND PUBLIC SPEAKING,DEBATES
ANGLO-CHINESE SCHOOL (BARKER ROAD),SECONDARY (S1-S5),VISUAL AND PERFORMING ARTS,ENGLISH DRAMA,DRAMA
ANGLO-CHINESE SCHOOL (BARKER ROAD),SECONDARY (S1-S5),CLUBS AND SOCIETIES,FAITH-BASED CCA,CHRISTIAN SOCIETY
ANGLO-CHINESE SCHOOL (BARKER ROAD),SECONDARY (S1-S5),PHYSICAL SPORTS,FLOORBALL,na
ANGLO-CHINESE SCHOOL (BARKER ROAD),SECONDARY (S1-S5),PHYSICAL SPORTS,FOOTBALL,na
ANGLO-CHINESE SCHOOL (BARKER ROAD),SECONDARY (S1-S5),PHYSICAL SPORTS,HOCKEY,na
ANGLO-CHINESE SCHOOL (BARKER ROAD),SECONDARY (S1-S5),CLUBS AND SOCIETIES,INFOCOMM TECHNOLOGY (MEDIA PRODUCTION),na
ANGLO-CHINESE SCHOOL (BARKER ROAD),SECONDARY (S1-S5),VISUAL AND PERFORMING ARTS,MODERN DANCE,DANCE
ANGLO-CHINESE SCHOOL (BARKER ROAD),SECONDARY (S1-S5),UNIFORMED GROUPS,NATIONAL CADET CORPS (SEA),na
ANGLO-CHINESE SCHOOL (BARKER ROAD),SECONDARY (S1-S5),UNIFORMED GROUPS,NATIONAL POLICE CADET CORPS,na
ANGLO-CHINESE SCHOOL (BARKER ROAD),SECONDARY (S1-S5),CLUBS AND SOCIETIES,ROBOTICS,na
ANGLO-CHINESE SCHOOL (BARKER ROAD),SECONDARY (S1-S5),PHYSICAL SPORTS,RUGBY,na
ANGLO-CHINESE SCHOOL (BARKER ROAD),SECONDARY (S1-S5),UNIFORMED GROUPS,SCOUTS,na
ANGLO-CHINESE SCHOOL (BARKER ROAD),SECONDARY (S1-S5),VISUAL AND PERFORMING ARTS,SINGAPORE NATIONAL YOUTH CHINESE ORCHESTRA,na
ANGLO-CHINESE SCHOOL (BARKER ROAD),SECONDARY (S1-S5),VISUAL AND PERFORMING ARTS,SINGAPORE NATIONAL YOUTH ORCHESTRA,na
ANGLO-CHINESE SCHOOL (BARKER ROAD),SECONDARY (S1-S5),CLUBS AND SOCIETIES,SINGAPORE YOUTH FLYING CLUB,na
ANGLO-CHINESE SCHOOL (BARKER ROAD),SECONDARY (S1-S5),PHYSICAL SPORTS,SP-CCA (ATHLETICS),na
ANGLO-CHINESE SCHOOL (BARKER ROAD),SECONDARY (S1-S5),PHYSICAL SPORTS,SP-CCA (CANOEING),na
ANGLO-CHINESE SCHOOL (BARKER ROAD),SECONDARY (S1-S5),OTHERS,STUDENT LEADERSHIP (COUNCIL),na
ANGLO-CHINESE SCHOOL (BARKER ROAD),SECONDARY (S1-S5),PHYSICAL SPORTS,SWIMMING,na
ANGLO-CHINESE SCHOOL (BARKER ROAD),SECONDARY (S1-S5),PHYSICAL SPORTS,TABLE TENNIS,na
ANGLO-CHINESE SCHOOL (BARKER ROAD),SECONDARY (S1-S5),PHYSICAL SPORTS,TENNIS,na
ANGLO-CHINESE SCHOOL (BARKER ROAD),SECONDARY (S1-S5),PHYSICAL SPORTS,TRACK AND FIELD,na
ANGLO-CHINESE SCHOOL (BARKER ROAD),SECONDARY (S1-S5),PHYSICAL SPORTS,WATER POLO,na
ANGLO-CHINESE SCHOOL (INDEPENDENT),MIXED LEVEL (S1-JC2),CLUBS AND SOCIETIES,ART AND CRAFTS,ACREATIVES
ANGLO-CHINESE SCHOOL (INDEPENDENT),MIXED LEVEL (S1-JC2),CLUBS AND SOCIETIES,AUDIO VISUAL AID,MEDIA RESOURCE
ANGLO-CHINESE SCHOOL (INDEPENDENT),MIXED LEVEL (S1-JC2),PHYSICAL SPORTS,BADMINTON,na
ANGLO-CHINESE SCHOOL (INDEPENDENT),MIXED LEVEL (S1-JC2),PHYSICAL SPORTS,BASKETBALL,na
ANGLO-CHINESE SCHOOL (INDEPENDENT),MIXED LEVEL (S1-JC2),PHYSICAL SPORTS,BOWLING,na
ANGLO-CHINESE SCHOOL (INDEPENDENT),MIXED LEVEL (S1-JC2),UNIFORMED GROUPS,BOYS' BRIGADE,BOYS' BRIGADE (BB)
ANGLO-CHINESE SCHOOL (INDEPENDENT),MIXED LEVEL (S1-JC2),PHYSICAL SPORTS,CANOEING,na
ANGLO-CHINESE SCHOOL (INDEPENDENT),MIXED LEVEL (S1-JC2),CLUBS AND SOCIETIES,CHINESE CHESS,na
ANGLO-CHINESE SCHOOL (INDEPENDENT),MIXED LEVEL (S1-JC2),VISUAL AND PERFORMING ARTS,CHOIR,VOCAL ACCORD
ANGLO-CHINESE SCHOOL (INDEPENDENT),MIXED LEVEL (S1-JC2),CLUBS AND SOCIETIES,COMMUNITY SERVICE (ROTARY-SPONSORED),INTERACT CLUB
ANGLO-CHINESE SCHOOL (INDEPENDENT),MIXED LEVEL (S1-JC2),VISUAL AND PERFORMING ARTS,CONCERT BAND,SYMPHONIC BAND
ANGLO-CHINESE SCHOOL (INDEPENDENT),MIXED LEVEL (S1-JC2),VISUAL AND PERFORMING ARTS,CONCERT BAND,WIND ENSEMBLE
ANGLO-CHINESE SCHOOL (INDEPENDENT),MIXED LEVEL (S1-JC2),PHYSICAL SPORTS,CRICKET,na
ANGLO-CHINESE SCHOOL (INDEPENDENT),MIXED LEVEL (S1-JC2),PHYSICAL SPORTS,CROSS COUNTRY,na
ANGLO-CHINESE SCHOOL (INDEPENDENT),MIXED LEVEL (S1-JC2),CLUBS AND SOCIETIES,DEBATING AND PUBLIC SPEAKING,DEBATE CLUB
ANGLO-CHINESE SCHOOL (INDEPENDENT),MIXED LEVEL (S1-JC2),CLUBS AND SOCIETIES,DESIGN AND INNOVATION,YOUNG INNOVATORS' SOCIETY
ANGLO-CHINESE SCHOOL (INDEPENDENT),MIXED LEVEL (S1-JC2),VISUAL AND PERFORMING ARTS,ENGLISH DRAMA,ACSI STAGE
ANGLO-CHINESE SCHOOL (INDEPENDENT),MIXED LEVEL (S1-JC2),VISUAL AND PERFORMING ARTS,ENGLISH DRAMA,DRAMA CLUB
ANGLO-CHINESE SCHOOL (INDEPENDENT),MIXED LEVEL (S1-JC2),CLUBS AND SOCIETIES,ENTREPRENEURSHIP,YOUNG ENTREPRENEURS' SOCIETY
ANGLO-CHINESE SCHOOL (INDEPENDENT),MIXED LEVEL (S1-JC2),CLUBS AND SOCIETIES,ENVIRONMENTAL SCIENCE,ENVIRONMENT FOCUS GROUP
ANGLO-CHINESE SCHOOL (INDEPENDENT),MIXED LEVEL (S1-JC2),PHYSICAL SPORTS,FLOORBALL,na
ANGLO-CHINESE SCHOOL (INDEPENDENT),MIXED LEVEL (S1-JC2),PHYSICAL SPORTS,FOOTBALL,na
ANGLO-CHINESE SCHOOL (INDEPENDENT),MIXED LEVEL (S1-JC2),PHYSICAL SPORTS,FRISBEE,na
ANGLO-CHINESE SCHOOL (INDEPENDENT),MIXED LEVEL (S1-JC2),PHYSICAL SPORTS,GOLF,na
ANGLO-CHINESE SCHOOL (INDEPENDENT),MIXED LEVEL (S1-JC2),VISUAL AND PERFORMING ARTS,GUITAR ENSEMBLE,GUITAR ORCHESTRA
ANGLO-CHINESE SCHOOL (INDEPENDENT),MIXED LEVEL (S1-JC2),PHYSICAL SPORTS,HEALTH AND FITNESS,HEALTH AND FITNESS CLUB
ANGLO-CHINESE SCHOOL (INDEPENDENT),MIXED LEVEL (S1-JC2),CLUBS AND SOCIETIES,INFOCOMM TECHNOLOGY (MEDIA PRODUCTION),MEDIA PRODUCTION AC
ANGLO-CHINESE SCHOOL (INDEPENDENT),MIXED LEVEL (S1-JC2),CLUBS AND SOCIETIES,INTERNATIONAL AND GLOBAL STUDIES,YOUNG DIPLOMATS' SOCIETY
ANGLO-CHINESE SCHOOL (INDEPENDENT),MIXED LEVEL (S1-JC2),CLUBS AND SOCIETIES,INTERNATIONAL CHESS,na
ANGLO-CHINESE SCHOOL (INDEPENDENT),MIXED LEVEL (S1-JC2),CLUBS AND SOCIETIES,JOURNALISM,ACS INDEPONLINE
ANGLO-CHINESE SCHOOL (INDEPENDENT),MIXED LEVEL (S1-JC2),CLUBS AND SOCIETIES,MATHEMATICS,MATHEMATICS COMPETITION TEAM
ANGLO-CHINESE SCHOOL (INDEPENDENT),MIXED LEVEL (S1-JC2),CLUBS AND SOCIETIES,MEDIA RESOURCE LIBRARY,LIBRARY
ANGLO-CHINESE SCHOOL (INDEPENDENT),MIXED LEVEL (S1-JC2),VISUAL AND PERFORMING ARTS,MODERN DANCE,DANCE VENIA
ANGLO-CHINESE SCHOOL (INDEPENDENT),MIXED LEVEL (S1-JC2),PHYSICAL SPORTS,MODULAR CCA (SPORTS),ACTIVE ACSIANS
ANGLO-CHINESE SCHOOL (INDEPENDENT),MIXED LEVEL (S1-JC2),VISUAL AND PERFORMING ARTS,MODULAR CCA (VPA),CULTURAL PERFORMING ARTS CLUB
ANGLO-CHINESE SCHOOL (INDEPENDENT),MIXED LEVEL (S1-JC2),UNIFORMED GROUPS,NATIONAL CADET CORPS (AIR),na
ANGLO-CHINESE SCHOOL (INDEPENDENT),MIXED LEVEL (S1-JC2),UNIFORMED GROUPS,NATIONAL CADET CORPS (LAND),na
ANGLO-CHINESE SCHOOL (INDEPENDENT),MIXED LEVEL (S1-JC2),UNIFORMED GROUPS,NATIONAL CADET CORPS (SEA),na
ANGLO-CHINESE SCHOOL (INDEPENDENT),MIXED LEVEL (S1-JC2),UNIFORMED GROUPS,NATIONAL CIVIL DEFENCE CADET CORPS,NATIONAL CIVIL DEFENCE CADET CORPS (NCDCC)
ANGLO-CHINESE SCHOOL (INDEPENDENT),MIXED LEVEL (S1-JC2),UNIFORMED GROUPS,NATIONAL POLICE CADET CORPS,NATIONAL POLICE CADET CORPS (NPCC)
ANGLO-CHINESE SCHOOL (INDEPENDENT),MIXED LEVEL (S1-JC2),PHYSICAL SPORTS,NETBALL,na
ANGLO-CHINESE SCHOOL (INDEPENDENT),MIXED LEVEL (S1-JC2),CLUBS AND SOCIETIES,PHOTOGRAPHY,PHOTOGRAPHIC SOCIETY
ANGLO-CHINESE SCHOOL (INDEPENDENT),MIXED LEVEL (S1-JC2),CLUBS AND SOCIETIES,PHYSICAL SCIENCE,SCIENCE RESEARCH CHALLENGE
ANGLO-CHINESE SCHOOL (INDEPENDENT),MIXED LEVEL (S1-JC2),CLUBS AND SOCIETIES,PUBLICATION,EDITORIAL BOARD
ANGLO-CHINESE SCHOOL (INDEPENDENT),MIXED LEVEL (S1-JC2),CLUBS AND SOCIETIES,READING AND WRITING,ACSPRESSION
ANGLO-CHINESE SCHOOL (INDEPENDENT),MIXED LEVEL (S1-JC2),CLUBS AND SOCIETIES,ROBOTICS,ROBOTICS TECHNOLOGY SOCIETY
ANGLO-CHINESE SCHOOL (INDEPENDENT),MIXED LEVEL (S1-JC2),PHYSICAL SPORTS,RUGBY,na
ANGLO-CHINESE SCHOOL (INDEPENDENT),MIXED LEVEL (S1-JC2),PHYSICAL SPORTS,SAILING,na
ANGLO-CHINESE SCHOOL (INDEPENDENT),MIXED LEVEL (S1-JC2),UNIFORMED GROUPS,SCOUTS,VENTURES
ANGLO-CHINESE SCHOOL (INDEPENDENT),MIXED LEVEL (S1-JC2),PHYSICAL SPORTS,SHOOTING,na
ANGLO-CHINESE SCHOOL (INDEPENDENT),MIXED LEVEL (S1-JC2),VISUAL AND PERFORMING ARTS,SINGAPORE NATIONAL YOUTH ORCHESTRA,na
ANGLO-CHINESE SCHOOL (INDEPENDENT),MIXED LEVEL (S1-JC2),CLUBS AND SOCIETIES,SINGAPORE YOUTH FLYING CLUB,na
ANGLO-CHINESE SCHOOL (INDEPENDENT),MIXED LEVEL (S1-JC2),CLUBS AND SOCIETIES,SOCIAL STUDIES,HUMANITIES SOCIETY @ AC
ANGLO-CHINESE SCHOOL (INDEPENDENT),MIXED LEVEL (S1-JC2),PHYSICAL SPORTS,SOFTBALL,na
ANGLO-CHINESE SCHOOL (INDEPENDENT),MIXED LEVEL (S1-JC2),CLUBS AND SOCIETIES,SPACE SCIENCE,ACSTRONOMY CLUB
ANGLO-CHINESE SCHOOL (INDEPENDENT),MIXED LEVEL (S1-JC2),PHYSICAL SPORTS,SQUASH,na
ANGLO-CHINESE SCHOOL (INDEPENDENT),MIXED LEVEL (S1-JC2),UNIFORMED GROUPS,ST JOHN BRIGADE,ST JOHN BRIGADE (SJB)
ANGLO-CHINESE SCHOOL (INDEPENDENT),MIXED LEVEL (S1-JC2),VISUAL AND PERFORMING ARTS,STRING ENSEMBLE,PHILHARMONIC ORCHESTRA
ANGLO-CHINESE SCHOOL (INDEPENDENT),MIXED LEVEL (S1-JC2),OTHERS,STUDENT LEADERSHIP (COUNCIL),STUDENT COUNCIL / HOUSE
ANGLO-CHINESE SCHOOL (INDEPENDENT),MIXED LEVEL (S1-JC2),OTHERS,STUDENT LEADERSHIP (HOUSE),STUDENT COUNCIL / HOUSE
ANGLO-CHINESE SCHOOL (INDEPENDENT),MIXED LEVEL (S1-JC2),OTHERS,STUDENT LEADERSHIP (PEER SUPPORT),BOARDING SCHOOL JUNIOR COMMON ROOM COMMITTEE
ANGLO-CHINESE SCHOOL (INDEPENDENT),MIXED LEVEL (S1-JC2),OTHERS,STUDENT LEADERSHIP (PREFECT),PREFECTORIAL BOARD
ANGLO-CHINESE SCHOOL (INDEPENDENT),MIXED LEVEL (S1-JC2),PHYSICAL SPORTS,SWIMMING,na
ANGLO-CHINESE SCHOOL (INDEPENDENT),MIXED LEVEL (S1-JC2),PHYSICAL SPORTS,TENNIS,na
ANGLO-CHINESE SCHOOL (INDEPENDENT),MIXED LEVEL (S1-JC2),PHYSICAL SPORTS,TRACK AND FIELD,na
ANGLO-CHINESE SCHOOL (INDEPENDENT),MIXED LEVEL (S1-JC2),PHYSICAL SPORTS,VOLLEYBALL,na
ANGLO-CHINESE SCHOOL (INDEPENDENT),MIXED LEVEL (S1-JC2),PHYSICAL SPORTS,WATER POLO,na
ANGLO-CHINESE SCHOOL (JUNIOR),PRIMARY,CLUBS AND SOCIETIES,ART AND CRAFTS,ART CLUB
ANGLO-CHINESE SCHOOL (JUNIOR),PRIMARY,PHYSICAL SPORTS,ARTISTIC GYMNASTICS,EXTERNAL ARTISTIC GYMNASTICS
ANGLO-CHINESE SCHOOL (JUNIOR),PRIMARY,PHYSICAL SPORTS,BADMINTON,na
ANGLO-CHINESE SCHOOL (JUNIOR),PRIMARY,PHYSICAL SPORTS,BASKETBALL,na
ANGLO-CHINESE SCHOOL (JUNIOR),PRIMARY,PHYSICAL SPORTS,BOWLING,na
ANGLO-CHINESE SCHOOL (JUNIOR),PRIMARY,UNIFORMED GROUPS,BOYS' BRIGADE,na
ANGLO-CHINESE SCHOOL (JUNIOR),PRIMARY,VISUAL AND PERFORMING ARTS,CHOIR,na
ANGLO-CHINESE SCHOOL (JUNIOR),PRIMARY,VISUAL AND PERFORMING ARTS,CONCERT BAND,na
ANGLO-CHINESE SCHOOL (JUNIOR),PRIMARY,CLUBS AND SOCIETIES,FAITH-BASED CCA,CHRISTIAN FELLOWSHIP
ANGLO-CHINESE SCHOOL (JUNIOR),PRIMARY,PHYSICAL SPORTS,FOOTBALL,na
ANGLO-CHINESE SCHOOL (JUNIOR),PRIMARY,PHYSICAL SPORTS,GOLF,EXTERNAL GOLF
ANGLO-CHINESE SCHOOL (JUNIOR),PRIMARY,PHYSICAL SPORTS,HOCKEY,na
ANGLO-CHINESE SCHOOL (JUNIOR),PRIMARY,CLUBS AND SOCIETIES,INTERNATIONAL CHESS,CHESS CLUB
ANGLO-CHINESE SCHOOL (JUNIOR),PRIMARY,VISUAL AND PERFORMING ARTS,MODERN DANCE,JUNIOR VIBEZ
ANGLO-CHINESE SCHOOL (JUNIOR),PRIMARY,CLUBS AND SOCIETIES,PHYSICAL SCIENCE,SCIENCE CLUB
ANGLO-CHINESE SCHOOL (JUNIOR),PRIMARY,PHYSICAL SPORTS,RUGBY,na
ANGLO-CHINESE SCHOOL (JUNIOR),PRIMARY,PHYSICAL SPORTS,SAILING,na
ANGLO-CHINESE SCHOOL (JUNIOR),PRIMARY,UNIFORMED GROUPS,SCOUTS,CUB SCOUTS
ANGLO-CHINESE SCHOOL (JUNIOR),PRIMARY,VISUAL AND PERFORMING ARTS,STRING ENSEMBLE,STRING ORCHESTRA
ANGLO-CHINESE SCHOOL (JUNIOR),PRIMARY,PHYSICAL SPORTS,SWIMMING,na
ANGLO-CHINESE SCHOOL (JUNIOR),PRIMARY,PHYSICAL SPORTS,TABLE TENNIS,na
ANGLO-CHINESE SCHOOL (JUNIOR),PRIMARY,PHYSICAL SPORTS,TAEKWONDO,EXTERNAL TAEKWONDO
ANGLO-CHINESE SCHOOL (JUNIOR),PRIMARY,PHYSICAL SPORTS,TENNIS,na
ANGLO-CHINESE SCHOOL (JUNIOR),PRIMARY,PHYSICAL SPORTS,TRACK AND FIELD,EXTERNAL TRACK & FIELD
ANGLO-CHINESE SCHOOL (JUNIOR),PRIMARY,PHYSICAL SPORTS,WATER POLO,na
ANGLO-CHINESE SCHOOL (JUNIOR),PRIMARY,PHYSICAL SPORTS,WUSHU,EXTERNAL WUSHU
ANGLO-CHINESE SCHOOL (PRIMARY),PRIMARY,CLUBS AND SOCIETIES,ART AND CRAFTS,na
ANGLO-CHINESE SCHOOL (PRIMARY),PRIMARY,PHYSICAL SPORTS,ARTISTIC GYMNASTICS,na
ANGLO-CHINESE SCHOOL (PRIMARY),PRIMARY,PHYSICAL SPORTS,ARTISTIC SWIMMING,na
ANGLO-CHINESE SCHOOL (PRIMARY),PRIMARY,CLUBS AND SOCIETIES,AUDIO VISUAL AID,PUBLIC ADDRESS CLUB
ANGLO-CHINESE SCHOOL (PRIMARY),PRIMARY,PHYSICAL SPORTS,BADMINTON,na
ANGLO-CHINESE SCHOOL (PRIMARY),PRIMARY,PHYSICAL SPORTS,BASKETBALL,na
ANGLO-CHINESE SCHOOL (PRIMARY),PRIMARY,PHYSICAL SPORTS,BOWLING,na
ANGLO-CHINESE SCHOOL (PRIMARY),PRIMARY,UNIFORMED GROUPS,BOYS' BRIGADE,na
ANGLO-CHINESE SCHOOL (PRIMARY),PRIMARY,VISUAL AND PERFORMING ARTS,CHOIR,na
ANGLO-CHINESE SCHOOL (PRIMARY),PRIMARY,CLUBS AND SOCIETIES,DEBATING AND PUBLIC SPEAKING,DEBATE CLUB
ANGLO-CHINESE SCHOOL (PRIMARY),PRIMARY,PHYSICAL SPORTS,FENCING,na
ANGLO-CHINESE SCHOOL (PRIMARY),PRIMARY,PHYSICAL SPORTS,FLOORBALL,na
ANGLO-CHINESE SCHOOL (PRIMARY),PRIMARY,PHYSICAL SPORTS,FOOTBALL,na
ANGLO-CHINESE SCHOOL (PRIMARY),PRIMARY,PHYSICAL SPORTS,GOLF,na
ANGLO-CHINESE SCHOOL (PRIMARY),PRIMARY,CLUBS AND SOCIETIES,INFOCOMM TECHNOLOGY (COMPUTING),INFOCOMM MEDIA CLUB
ANGLO-CHINESE SCHOOL (PRIMARY),PRIMARY,CLUBS AND SOCIETIES,INTERNATIONAL CHESS,na
ANGLO-CHINESE SCHOOL (PRIMARY),PRIMARY,VISUAL AND PERFORMING ARTS,MODERN DANCE,SYNERGY
ANGLO-CHINESE SCHOOL (PRIMARY),PRIMARY,CLUBS AND SOCIETIES,PHYSICAL SCIENCE,ECOMAKER CLUB
ANGLO-CHINESE SCHOOL (PRIMARY),PRIMARY,CLUBS AND SOCIETIES,ROBOTICS,na
ANGLO-CHINESE SCHOOL (PRIMARY),PRIMARY,PHYSICAL SPORTS,RUGBY,na
ANGLO-CHINESE SCHOOL (PRIMARY),PRIMARY,PHYSICAL SPORTS,SAILING,na
ANGLO-CHINESE SCHOOL (PRIMARY),PRIMARY,UNIFORMED GROUPS,SCOUTS,na
ANGLO-CHINESE SCHOOL (PRIMARY),PRIMARY,PHYSICAL SPORTS,SWIMMING,na
ANGLO-CHINESE SCHOOL (PRIMARY),PRIMARY,PHYSICAL SPORTS,TABLE TENNIS,na
ANGLO-CHINESE SCHOOL (PRIMARY),PRIMARY,PHYSICAL SPORTS,TAEKWONDO,na
ANGLO-CHINESE SCHOOL (PRIMARY),PRIMARY,PHYSICAL SPORTS,TENNIS,na
ANGLO-CHINESE SCHOOL (PRIMARY),PRIMARY,PHYSICAL SPORTS,TRACK AND FIELD,na
ANGLO-CHINESE SCHOOL (PRIMARY),PRIMARY,PHYSICAL SPORTS,WUSHU,na
ANGSANA PRIMARY SCHOOL,PRIMARY,CLUBS AND SOCIETIES,ART AND CRAFTS,na
ANGSANA PRIMARY SCHOOL,PRIMARY,PHYSICAL SPORTS,BADMINTON,na
ANGSANA PRIMARY SCHOOL,PRIMARY,VISUAL AND PERFORMING ARTS,CHOIR,na
ANGSANA PRIMARY SCHOOL,PRIMARY,VISUAL AND PERFORMING ARTS,CONCERT BAND,na
ANGSANA PRIMARY SCHOOL,PRIMARY,VISUAL AND PERFORMING ARTS,ENGLISH DRAMA,na
ANGSANA PRIMARY SCHOOL,PRIMARY,PHYSICAL SPORTS,FLOORBALL,na
ANGSANA PRIMARY SCHOOL,PRIMARY,PHYSICAL SPORTS,FOOTBALL,na
ANGSANA PRIMARY SCHOOL,PRIMARY,CLUBS AND SOCIETIES,INFOCOMM TECHNOLOGY (MEDIA PRODUCTION),na
ANGSANA PRIMARY SCHOOL,PRIMARY,VISUAL AND PERFORMING ARTS,MODERN DANCE,na
ANGSANA PRIMARY SCHOOL,PRIMARY,PHYSICAL SPORTS,NETBALL,na
ANGSANA PRIMARY SCHOOL,PRIMARY,CLUBS AND SOCIETIES,PHYSICAL SCIENCE,na
ANGSANA PRIMARY SCHOOL,PRIMARY,UNIFORMED GROUPS,RED CROSS YOUTH,na
ANGSANA PRIMARY SCHOOL,PRIMARY,UNIFORMED GROUPS,SCOUTS,na
ANGSANA PRIMARY SCHOOL,PRIMARY,PHYSICAL SPORTS,WUSHU,na
ASSUMPTION ENGLISH SCHOOL,SECONDARY (S1-S5),PHYSICAL SPORTS,BASKETBALL,na
ASSUMPTION ENGLISH SCHOOL,SECONDARY (S1-S5),VISUAL AND PERFORMING ARTS,CHOIR,na
ASSUMPTION ENGLISH SCHOOL,SECONDARY (S1-S5),VISUAL AND PERFORMING ARTS,CONCERT BAND,na
ASSUMPTION ENGLISH SCHOOL,SECONDARY (S1-S5),CLUBS AND SOCIETIES,"ENGLISH LANGUAGE, DRAMA AND DEBATING",na
ASSUMPTION ENGLISH SCHOOL,SECONDARY (S1-S5),CLUBS AND SOCIETIES,FAITH-BASED CCA,YOUNG MONTFORTIAN ASSOCIATES
ASSUMPTION ENGLISH SCHOOL,SECONDARY (S1-S5),PHYSICAL SPORTS,FLOORBALL,na
ASSUMPTION ENGLISH SCHOOL,SECONDARY (S1-S5),PHYSICAL SPORTS,FOOTBALL,na
ASSUMPTION ENGLISH SCHOOL,SECONDARY (S1-S5),UNIFORMED GROUPS,GIRL GUIDES,na
ASSUMPTION ENGLISH SCHOOL,SECONDARY (S1-S5),PHYSICAL SPORTS,JUDO,na
ASSUMPTION ENGLISH SCHOOL,SECONDARY (S1-S5),VISUAL AND PERFORMING ARTS,MODERN DANCE,na
ASSUMPTION ENGLISH SCHOOL,SECONDARY (S1-S5),UNIFORMED GROUPS,NATIONAL CADET CORPS (SEA),na
ASSUMPTION ENGLISH SCHOOL,SECONDARY (S1-S5),UNIFORMED GROUPS,NATIONAL POLICE CADET CORPS,na
ASSUMPTION ENGLISH SCHOOL,SECONDARY (S1-S5),CLUBS AND SOCIETIES,PHYSICAL SCIENCE,YOUNG SCIENTIST PROGRAMME
ASSUMPTION ENGLISH SCHOOL,SECONDARY (S1-S5),UNIFORMED GROUPS,RED CROSS YOUTH,na
ASSUMPTION ENGLISH SCHOOL,SECONDARY (S1-S5),PHYSICAL SPORTS,ROCKWALL CLIMBING,na
ASSUMPTION ENGLISH SCHOOL,SECONDARY (S1-S5),CLUBS AND SOCIETIES,SINGAPORE YOUTH FLYING CLUB,na
ASSUMPTION ENGLISH SCHOOL,SECONDARY (S1-S5),PHYSICAL SPORTS,SOFTBALL,na
ASSUMPTION ENGLISH SCHOOL,SECONDARY (S1-S5),PHYSICAL SPORTS,SP-CCA (ATHLETICS),na
ASSUMPTION ENGLISH SCHOOL,SECONDARY (S1-S5),OTHERS,STUDENT LEADERSHIP (COUNCIL),na
ASSUMPTION PATHWAY SCHOOL,SECONDARY (S1-S4),CLUBS AND SOCIETIES,ART AND CRAFTS,ART CLUB
ASSUMPTION PATHWAY SCHOOL,SECONDARY (S1-S4),CLUBS AND SOCIETIES,AUDIO VISUAL AID,AV CREW
ASSUMPTION PATHWAY SCHOOL,SECONDARY (S1-S4),PHYSICAL SPORTS,BASKETBALL,na
ASSUMPTION PATHWAY SCHOOL,SECONDARY (S1-S4),PHYSICAL SPORTS,FLOORBALL,na
ASSUMPTION PATHWAY SCHOOL,SECONDARY (S1-S4),PHYSICAL SPORTS,FOOTBALL,na
ASSUMPTION PATHWAY SCHOOL,SECONDARY (S1-S4),CLUBS AND SOCIETIES,INFOCOMM TECHNOLOGY (MEDIA PRODUCTION),MEDIACOMM CLUB
ASSUMPTION PATHWAY SCHOOL,SECONDARY (S1-S4),VISUAL AND PERFORMING ARTS,MODERN DANCE,na
ASSUMPTION PATHWAY SCHOOL,SECONDARY (S1-S4),CLUBS AND SOCIETIES,MODULAR CCA (C&S),na
ASSUMPTION PATHWAY SCHOOL,SECONDARY (S1-S4),VISUAL AND PERFORMING ARTS,PERCUSSION ENSEMBLE,PERCUSSION BAND
ASSUMPTION PATHWAY SCHOOL,SECONDARY (S1-S4),CLUBS AND SOCIETIES,ROBOTICS,GREENOVATION
ASSUMPTION PATHWAY SCHOOL,SECONDARY (S1-S4),UNIFORMED GROUPS,SCOUTS,na
ASSUMPTION PATHWAY SCHOOL,SECONDARY (S1-S4),PHYSICAL SPORTS,SEPAKTAKRAW,na
ASSUMPTION PATHWAY SCHOOL,SECONDARY (S1-S4),OTHERS,STUDENT LEADERSHIP (COUNCIL),STUDENT COUNCIL
ASSUMPTION PATHWAY SCHOOL,SECONDARY (S1-S4),PHYSICAL SPORTS,TCHOUKBALL,na
BARTLEY SECONDARY SCHOOL,SECONDARY (S1-S5),PHYSICAL SPORTS,BASKETBALL,na
BARTLEY SECONDARY SCHOOL,SECONDARY (S1-S5),VISUAL AND PERFORMING ARTS,CHOIR,na
BARTLEY SECONDARY SCHOOL,SECONDARY (S1-S5),CLUBS AND SOCIETIES,COMMUNITY SERVICE,SERVICE LEARNING CLUB
BARTLEY SECONDARY SCHOOL,SECONDARY (S1-S5),VISUAL AND PERFORMING ARTS,CONCERT BAND,na
BARTLEY SECONDARY SCHOOL,SECONDARY (S1-S5),CLUBS AND SOCIETIES,DESIGN AND INNOVATION,CURIOSTE CLUB
BARTLEY SECONDARY SCHOOL,SECONDARY (S1-S5),CLUBS AND SOCIETIES,ENTREPRENEURSHIP,ENTREPRENEUR CLUB
BARTLEY SECONDARY SCHOOL,SECONDARY (S1-S5),PHYSICAL SPORTS,FOOTBALL,na
BARTLEY SECONDARY SCHOOL,SECONDARY (S1-S5),VISUAL AND PERFORMING ARTS,GUZHENG ENSEMBLE,na
BARTLEY SECONDARY SCHOOL,SECONDARY (S1-S5),CLUBS AND SOCIETIES,INFOCOMM TECHNOLOGY (MEDIA PRODUCTION),MERIT CLUB
BARTLEY SECONDARY SCHOOL,SECONDARY (S1-S5),VISUAL AND PERFORMING ARTS,MODERN DANCE,na
BARTLEY SECONDARY SCHOOL,SECONDARY (S1-S5),UNIFORMED GROUPS,NATIONAL CADET CORPS (AIR),na
BARTLEY SECONDARY SCHOOL,SECONDARY (S1-S5),UNIFORMED GROUPS,NATIONAL CADET CORPS (LAND),na
BARTLEY SECONDARY SCHOOL,SECONDARY (S1-S5),UNIFORMED GROUPS,NATIONAL POLICE CADET CORPS,na
BARTLEY SECONDARY SCHOOL,SECONDARY (S1-S5),PHYSICAL SPORTS,NETBALL,na
BARTLEY SECONDARY SCHOOL,SECONDARY (S1-S5),UNIFORMED GROUPS,RED CROSS YOUTH,na
BARTLEY SECONDARY SCHOOL,SECONDARY (S1-S5),PHYSICAL SPORTS,SEPAKTAKRAW,na
BARTLEY SECONDARY SCHOOL,SECONDARY (S1-S5),PHYSICAL SPORTS,SP-CCA (ATHLETICS),na
BARTLEY SECONDARY SCHOOL,SECONDARY (S1-S5),PHYSICAL SPORTS,TABLE TENNIS,na
BARTLEY SECONDARY SCHOOL,SECONDARY (S1-S5),PHYSICAL SPORTS,VOLLEYBALL,na
BEACON PRIMARY SCHOOL,PRIMARY,CLUBS AND SOCIETIES,ART AND CRAFTS,ART CLUB
BEACON PRIMARY SCHOOL,PRIMARY,PHYSICAL SPORTS,BASKETBALL,na
BEACON PRIMARY SCHOOL,PRIMARY,VISUAL AND PERFORMING ARTS,CHOIR,na
BEACON PRIMARY SCHOOL,PRIMARY,CLUBS AND SOCIETIES,DESIGN AND INNOVATION,MAKERSPACE
BEACON PRIMARY SCHOOL,PRIMARY,CLUBS AND SOCIETIES,ENVIRONMENTAL SCIENCE,ENVIRONMENTAL SCIENCE CLUB
BEACON PRIMARY SCHOOL,PRIMARY,PHYSICAL SPORTS,FOOTBALL,na
BEACON PRIMARY SCHOOL,PRIMARY,VISUAL AND PERFORMING ARTS,MODERN DANCE,DANCE
BEACON PRIMARY SCHOOL,PRIMARY,PHYSICAL SPORTS,NETBALL,na
BEACON PRIMARY SCHOOL,PRIMARY,VISUAL AND PERFORMING ARTS,PERCUSSION ENSEMBLE,na
BEACON PRIMARY SCHOOL,PRIMARY,CLUBS AND SOCIETIES,ROBOTICS,na
BEACON PRIMARY SCHOOL,PRIMARY,UNIFORMED GROUPS,SCOUTS,na
BEACON PRIMARY SCHOOL,PRIMARY,OTHERS,STUDENT LEADERSHIP (PREFECT),na
BEACON PRIMARY SCHOOL,PRIMARY,PHYSICAL SPORTS,TCHOUKBALL,na
BEACON PRIMARY SCHOOL,PRIMARY,VISUAL AND PERFORMING ARTS,UKULELE ENSEMBLE,UKULELE ENSEMBLE
BEACON PRIMARY SCHOOL,PRIMARY,PHYSICAL SPORTS,WUSHU,na
BEATTY SECONDARY SCHOOL,SECONDARY (S1-S5),PHYSICAL SPORTS,BADMINTON,na
BEATTY SECONDARY SCHOOL,SECONDARY (S1-S5),UNIFORMED GROUPS,BOYS' BRIGADE,na
BEATTY SECONDARY SCHOOL,SECONDARY (S1-S5),PHYSICAL SPORTS,CANOEING,na
BEATTY SECONDARY SCHOOL,SECONDARY (S1-S5),VISUAL AND PERFORMING ARTS,CHINESE ORCHESTRA,na
BEATTY SECONDARY SCHOOL,SECONDARY (S1-S5),VISUAL AND PERFORMING ARTS,CHOIR,na
BEATTY SECONDARY SCHOOL,SECONDARY (S1-S5),VISUAL AND PERFORMING ARTS,CONCERT BAND,na
BEATTY SECONDARY SCHOOL,SECONDARY (S1-S5),VISUAL AND PERFORMING ARTS,ENGLISH DRAMA,na
BEATTY SECONDARY SCHOOL,SECONDARY (S1-S5),PHYSICAL SPORTS,FOOTBALL,na
BEATTY SECONDARY SCHOOL,SECONDARY (S1-S5),PHYSICAL SPORTS,HEALTH AND FITNESS,na
BEATTY SECONDARY SCHOOL,SECONDARY (S1-S5),CLUBS AND SOCIETIES,INFOCOMM TECHNOLOGY (MEDIA PRODUCTION),na
BEATTY SECONDARY SCHOOL,SECONDARY (S1-S5),VISUAL AND PERFORMING ARTS,MALAY DANCE,na
BEATTY SECONDARY SCHOOL,SECONDARY (S1-S5),VISUAL AND PERFORMING ARTS,MODERN DANCE,na
BEATTY SECONDARY SCHOOL,SECONDARY (S1-S5),PHYSICAL SPORTS,MODULAR CCA (SPORTS),na
BEATTY SECONDARY SCHOOL,SECONDARY (S1-S5),UNIFORMED GROUPS,NATIONAL CADET CORPS (AIR),na
BEATTY SECONDARY SCHOOL,SECONDARY (S1-S5),UNIFORMED GROUPS,NATIONAL CADET CORPS (LAND),na
BEATTY SECONDARY SCHOOL,SECONDARY (S1-S5),UNIFORMED GROUPS,NATIONAL CIVIL DEFENCE CADET CORPS,na
BEATTY SECONDARY SCHOOL,SECONDARY (S1-S5),UNIFORMED GROUPS,NATIONAL POLICE CADET CORPS,na
BEATTY SECONDARY SCHOOL,SECONDARY (S1-S5),UNIFORMED GROUPS,SCOUTS,na
BEATTY SECONDARY SCHOOL,SECONDARY (S1-S5),PHYSICAL SPORTS,SP-CCA (ATHLETICS),na
BEATTY SECONDARY SCHOOL,SECONDARY (S1-S5),PHYSICAL SPORTS,SP-CCA (WATER POLO),na
BEATTY SECONDARY SCHOOL,SECONDARY (S1-S5),OTHERS,STUDENT LEADERSHIP (PEER SUPPORT),na
BEATTY SECONDARY SCHOOL,SECONDARY (S1-S5),PHYSICAL SPORTS,SWIMMING,na
BEATTY SECONDARY SCHOOL,SECONDARY (S1-S5),PHYSICAL SPORTS,TRACK AND FIELD,na
BEATTY SECONDARY SCHOOL,SECONDARY (S1-S5),PHYSICAL SPORTS,VOLLEYBALL,na
BEATTY SECONDARY SCHOOL,SECONDARY (S1-S5),PHYSICAL SPORTS,WUSHU,na
BEDOK GREEN PRIMARY SCHOOL,PRIMARY,VISUAL AND PERFORMING ARTS,ANGKLUNG/KULINTANG ENSEMBLE,na
BEDOK GREEN PRIMARY SCHOOL,PRIMARY,CLUBS AND SOCIETIES,ART AND CRAFTS,na
BEDOK GREEN PRIMARY SCHOOL,PRIMARY,PHYSICAL SPORTS,BADMINTON,na
BEDOK GREEN PRIMARY SCHOOL,PRIMARY,PHYSICAL SPORTS,BASKETBALL,na
BEDOK GREEN PRIMARY SCHOOL,PRIMARY,VISUAL AND PERFORMING ARTS,CHINESE DANCE,na
BEDOK GREEN PRIMARY SCHOOL,PRIMARY,VISUAL AND PERFORMING ARTS,CHOIR,na
BEDOK GREEN PRIMARY SCHOOL,PRIMARY,VISUAL AND PERFORMING ARTS,ENGLISH DRAMA,na
BEDOK GREEN PRIMARY SCHOOL,PRIMARY,PHYSICAL SPORTS,FOOTBALL,na
BEDOK GREEN PRIMARY SCHOOL,PRIMARY,UNIFORMED GROUPS,GIRL GUIDES (BROWNIES),na
BEDOK GREEN PRIMARY SCHOOL,PRIMARY,VISUAL AND PERFORMING ARTS,GUZHENG ENSEMBLE,na
BEDOK GREEN PRIMARY SCHOOL,PRIMARY,CLUBS AND SOCIETIES,INFOCOMM TECHNOLOGY (MEDIA PRODUCTION),na
BEDOK GREEN PRIMARY SCHOOL,PRIMARY,VISUAL AND PERFORMING ARTS,MALAY DANCE,na
BEDOK GREEN PRIMARY SCHOOL,PRIMARY,PHYSICAL SPORTS,RUGBY,na
BEDOK GREEN PRIMARY SCHOOL,PRIMARY,UNIFORMED GROUPS,SCOUTS,na
BEDOK GREEN SECONDARY SCHOOL,SECONDARY (S1-S5),CLUBS AND SOCIETIES,ART AND CRAFTS,na
BEDOK GREEN SECONDARY SCHOOL,SECONDARY (S1-S5),CLUBS AND SOCIETIES,AUDIO VISUAL AID,INFOCOMM & MEDIA CLUB
BEDOK GREEN SECONDARY SCHOOL,SECONDARY (S1-S5),PHYSICAL SPORTS,BADMINTON,na
BEDOK GREEN SECONDARY SCHOOL,SECONDARY (S1-S5),PHYSICAL SPORTS,BASKETBALL,na
BEDOK GREEN SECONDARY SCHOOL,SECONDARY (S1-S5),VISUAL AND PERFORMING ARTS,CHOIR,na
BEDOK GREEN SECONDARY SCHOOL,SECONDARY (S1-S5),VISUAL AND PERFORMING ARTS,CONCERT BAND,na
BEDOK GREEN SECONDARY SCHOOL,SECONDARY (S1-S5),VISUAL AND PERFORMING ARTS,ENGLISH DRAMA,DRAMA
BEDOK GREEN SECONDARY SCHOOL,SECONDARY (S1-S5),CLUBS AND SOCIETIES,ENVIRONMENTAL SCIENCE,ENVIRONMENT CLUB
BEDOK GREEN SECONDARY SCHOOL,SECONDARY (S1-S5),PHYSICAL SPORTS,FOOTBALL,na
BEDOK GREEN SECONDARY SCHOOL,SECONDARY (S1-S5),VISUAL AND PERFORMING ARTS,MODERN DANCE,DANCE
BEDOK GREEN SECONDARY SCHOOL,SECONDARY (S1-S5),UNIFORMED GROUPS,NATIONAL CADET CORPS (LAND),na
BEDOK GREEN SECONDARY SCHOOL,SECONDARY (S1-S5),UNIFORMED GROUPS,NATIONAL POLICE CADET CORPS,na
BEDOK GREEN SECONDARY SCHOOL,SECONDARY (S1-S5),PHYSICAL SPORTS,OUTDOOR ADVENTURE,na
BEDOK GREEN SECONDARY SCHOOL,SECONDARY (S1-S5),CLUBS AND SOCIETIES,SINGAPORE YOUTH FLYING CLUB,YOUTH FLYING CLUB
BEDOK GREEN SECONDARY SCHOOL,SECONDARY (S1-S5),PHYSICAL SPORTS,SOFTBALL,na
BEDOK GREEN SECONDARY SCHOOL,SECONDARY (S1-S5),PHYSICAL SPORTS,SP-CCA (ATHLETICS),na
BEDOK GREEN SECONDARY SCHOOL,SECONDARY (S1-S5),PHYSICAL SPORTS,SP-CCA (WATER POLO),na
BEDOK GREEN SECONDARY SCHOOL,SECONDARY (S1-S5),UNIFORMED GROUPS,ST JOHN BRIGADE,na
BEDOK GREEN SECONDARY SCHOOL,SECONDARY (S1-S5),PHYSICAL SPORTS,TCHOUKBALL,na
BEDOK GREEN SECONDARY SCHOOL,SECONDARY (S1-S5),PHYSICAL SPORTS,WUSHU,na
BEDOK SOUTH SECONDARY SCHOOL,SECONDARY (S1-S5),CLUBS AND SOCIETIES,AUDIO VISUAL AID,MEDIA PRODUCTION CLUB
BEDOK SOUTH SECONDARY SCHOOL,SECONDARY (S1-S5),PHYSICAL SPORTS,BADMINTON,na
BEDOK SOUTH SECONDARY SCHOOL,SECONDARY (S1-S5),VISUAL AND PERFORMING ARTS,CHINESE DANCE,DANCE SOCIETY
BEDOK SOUTH SECONDARY SCHOOL,SECONDARY (S1-S5),VISUAL AND PERFORMING ARTS,CHINESE ORCHESTRA,na
BEDOK SOUTH SECONDARY SCHOOL,SECONDARY (S1-S5),VISUAL AND PERFORMING ARTS,CHOIR,na
BEDOK SOUTH SECONDARY SCHOOL,SECONDARY (S1-S5),VISUAL AND PERFORMING ARTS,CONCERT BAND,SYMPHONIC BAND
BEDOK SOUTH SECONDARY SCHOOL,SECONDARY (S1-S5),PHYSICAL SPORTS,DIVING,na
BEDOK SOUTH SECONDARY SCHOOL,SECONDARY (S1-S5),CLUBS AND SOCIETIES,ENVIRONMENTAL SCIENCE,SCIENCE & ENVIRONMENT CLUB
BEDOK SOUTH SECONDARY SCHOOL,SECONDARY (S1-S5),PHYSICAL SPORTS,FLOORBALL,na
BEDOK SOUTH SECONDARY SCHOOL,SECONDARY (S1-S5),PHYSICAL SPORTS,FOOTBALL,na
BEDOK SOUTH SECONDARY SCHOOL,SECONDARY (S1-S5),UNIFORMED GROUPS,GIRL GUIDES,na
BEDOK SOUTH SECONDARY SCHOOL,SECONDARY (S1-S5),CLUBS AND SOCIETIES,INFOCOMM TECHNOLOGY (MEDIA PRODUCTION),INFOCOMM CLUB
BEDOK SOUTH SECONDARY SCHOOL,SECONDARY (S1-S5),VISUAL AND PERFORMING ARTS,MALAY DANCE,na
BEDOK SOUTH SECONDARY SCHOOL,SECONDARY (S1-S5),UNIFORMED GROUPS,NATIONAL CADET CORPS (LAND),NCC
BEDOK SOUTH SECONDARY SCHOOL,SECONDARY (S1-S5),UNIFORMED GROUPS,NATIONAL CIVIL DEFENCE CADET CORPS,NCDCC
BEDOK SOUTH SECONDARY SCHOOL,SECONDARY (S1-S5),UNIFORMED GROUPS,NATIONAL POLICE CADET CORPS,NPCC
BEDOK SOUTH SECONDARY SCHOOL,SECONDARY (S1-S5),PHYSICAL SPORTS,NETBALL,na
BEDOK SOUTH SECONDARY SCHOOL,SECONDARY (S1-S5),UNIFORMED GROUPS,SCOUTS,na
BEDOK SOUTH SECONDARY SCHOOL,SECONDARY (S1-S5),VISUAL AND PERFORMING ARTS,SINGAPORE NATIONAL YOUTH CHINESE ORCHESTRA,na
BEDOK SOUTH SECONDARY SCHOOL,SECONDARY (S1-S5),VISUAL AND PERFORMING ARTS,SINGAPORE NATIONAL YOUTH ORCHESTRA,na
BEDOK SOUTH SECONDARY SCHOOL,SECONDARY (S1-S5),PHYSICAL SPORTS,SP-CCA (ATHLETICS),na
BEDOK SOUTH SECONDARY SCHOOL,SECONDARY (S1-S5),PHYSICAL SPORTS,SWIMMING,na
BEDOK VIEW SECONDARY SCHOOL,SECONDARY (S1-S5),PHYSICAL SPORTS,BADMINTON,na
BEDOK VIEW SECONDARY SCHOOL,SECONDARY (S1-S5),PHYSICAL SPORTS,BASKETBALL,na
BEDOK VIEW SECONDARY SCHOOL,SECONDARY (S1-S5),VISUAL AND PERFORMING ARTS,CHOIR,na
BEDOK VIEW SECONDARY SCHOOL,SECONDARY (S1-S5),CLUBS AND SOCIETIES,COMMUNITY SERVICE,na
BEDOK VIEW SECONDARY SCHOOL,SECONDARY (S1-S5),VISUAL AND PERFORMING ARTS,CONCERT BAND,na
BEDOK VIEW SECONDARY SCHOOL,SECONDARY (S1-S5),VISUAL AND PERFORMING ARTS,ENGLISH DRAMA,na
BEDOK VIEW SECONDARY SCHOOL,SECONDARY (S1-S5),PHYSICAL SPORTS,FOOTBALL,na
BEDOK VIEW SECONDARY SCHOOL,SECONDARY (S1-S5),UNIFORMED GROUPS,GIRL GUIDES,na
BEDOK VIEW SECONDARY SCHOOL,SECONDARY (S1-S5),VISUAL AND PERFORMING ARTS,GUZHENG ENSEMBLE,na
BEDOK VIEW SECONDARY SCHOOL,SECONDARY (S1-S5),CLUBS AND SOCIETIES,INFOCOMM TECHNOLOGY (MEDIA PRODUCTION),na
BEDOK VIEW SECONDARY SCHOOL,SECONDARY (S1-S5),VISUAL AND PERFORMING ARTS,MODERN DANCE,na
BEDOK VIEW SECONDARY SCHOOL,SECONDARY (S1-S5),UNIFORMED GROUPS,NATIONAL CADET CORPS (LAND),na
BEDOK VIEW SECONDARY SCHOOL,SECONDARY (S1-S5),UNIFORMED GROUPS,NATIONAL POLICE CADET CORPS,na
BEDOK VIEW SECONDARY SCHOOL,SECONDARY (S1-S5),PHYSICAL SPORTS,NETBALL,na
BEDOK VIEW SECONDARY SCHOOL,SECONDARY (S1-S5),PHYSICAL SPORTS,SP-CCA (CANOEING),na
BEDOK VIEW SECONDARY SCHOOL,SECONDARY (S1-S5),PHYSICAL SPORTS,SP-CCA (HOCKEY),na
BEDOK VIEW SECONDARY SCHOOL,SECONDARY (S1-S5),PHYSICAL SPORTS,SP-CCA (WATER POLO),na
BEDOK VIEW SECONDARY SCHOOL,SECONDARY (S1-S5),PHYSICAL SPORTS,TRACK AND FIELD,na
BENDEMEER PRIMARY SCHOOL,PRIMARY,CLUBS AND SOCIETIES,ART AND CRAFTS,na
BENDEMEER PRIMARY SCHOOL,PRIMARY,VISUAL AND PERFORMING ARTS,CHINESE DANCE,na
BENDEMEER PRIMARY SCHOOL,PRIMARY,VISUAL AND PERFORMING ARTS,CONCERT BAND,na
BENDEMEER PRIMARY SCHOOL,PRIMARY,CLUBS AND SOCIETIES,ENVIRONMENTAL SCIENCE,na
BENDEMEER PRIMARY SCHOOL,PRIMARY,PHYSICAL SPORTS,FLOORBALL,na
BENDEMEER PRIMARY SCHOOL,PRIMARY,VISUAL AND PERFORMING ARTS,INDIAN DANCE,na
BENDEMEER PRIMARY SCHOOL,PRIMARY,VISUAL AND PERFORMING ARTS,MALAY DANCE,na
BENDEMEER PRIMARY SCHOOL,PRIMARY,PHYSICAL SPORTS,MODULAR CCA (SPORTS),na
BENDEMEER PRIMARY SCHOOL,PRIMARY,PHYSICAL SPORTS,ROPE SKIPPING,na
BENDEMEER PRIMARY SCHOOL,PRIMARY,PHYSICAL SPORTS,SEPAKTAKRAW,na
BENDEMEER PRIMARY SCHOOL,PRIMARY,VISUAL AND PERFORMING ARTS,SINGAPORE NATIONAL YOUTH ORCHESTRA,na
BENDEMEER PRIMARY SCHOOL,PRIMARY,PHYSICAL SPORTS,TRACK AND FIELD,na
BENDEMEER PRIMARY SCHOOL,PRIMARY,PHYSICAL SPORTS,WUSHU,na
BENDEMEER SECONDARY SCHOOL,SECONDARY (S1-S5),VISUAL AND PERFORMING ARTS,CHOIR,na
BENDEMEER SECONDARY SCHOOL,SECONDARY (S1-S5),VISUAL AND PERFORMING ARTS,CONCERT BAND,na
BENDEMEER SECONDARY SCHOOL,SECONDARY (S1-S5),PHYSICAL SPORTS,CROSS COUNTRY,na
BENDEMEER SECONDARY SCHOOL,SECONDARY (S1-S5),VISUAL AND PERFORMING ARTS,ENGLISH DRAMA,na
BENDEMEER SECONDARY SCHOOL,SECONDARY (S1-S5),PHYSICAL SPORTS,FOOTBALL,na
BENDEMEER SECONDARY SCHOOL,SECONDARY (S1-S5),UNIFORMED GROUPS,GIRL GUIDES,na
BENDEMEER SECONDARY SCHOOL,SECONDARY (S1-S5),VISUAL AND PERFORMING ARTS,INDIAN DANCE,na
BENDEMEER SECONDARY SCHOOL,SECONDARY (S1-S5),CLUBS AND SOCIETIES,INFOCOMM TECHNOLOGY (MEDIA PRODUCTION),Media and Tech Club
BENDEMEER SECONDARY SCHOOL,SECONDARY (S1-S5),VISUAL AND PERFORMING ARTS,MODERN DANCE,na
BENDEMEER SECONDARY SCHOOL,SECONDARY (S1-S5),UNIFORMED GROUPS,NATIONAL CADET CORPS (LAND),na
BENDEMEER SECONDARY SCHOOL,SECONDARY (S1-S5),UNIFORMED GROUPS,NATIONAL POLICE CADET CORPS,na
BENDEMEER SECONDARY SCHOOL,SECONDARY (S1-S5),UNIFORMED GROUPS,RED CROSS YOUTH,na
BENDEMEER SECONDARY SCHOOL,SECONDARY (S1-S5),PHYSICAL SPORTS,SEPAKTAKRAW,na
BENDEMEER SECONDARY SCHOOL,SECONDARY (S1-S5),CLUBS AND SOCIETIES,SINGAPORE YOUTH FLYING CLUB,na
BENDEMEER SECONDARY SCHOOL,SECONDARY (S1-S5),PHYSICAL SPORTS,SP-CCA (CANOEING),na
BENDEMEER SECONDARY SCHOOL,SECONDARY (S1-S5),PHYSICAL SPORTS,SP-CCA (WATER POLO),na
BENDEMEER SECONDARY SCHOOL,SECONDARY (S1-S5),PHYSICAL SPORTS,TAEKWONDO,na
BENDEMEER SECONDARY SCHOOL,SECONDARY (S1-S5),PHYSICAL SPORTS,TCHOUKBALL,na
BLANGAH RISE PRIMARY SCHOOL,PRIMARY,CLUBS AND SOCIETIES,ART AND CRAFTS,ART AND DESIGN CLUB
BLANGAH RISE PRIMARY SCHOOL,PRIMARY,PHYSICAL SPORTS,BADMINTON,na
BLANGAH RISE PRIMARY SCHOOL,PRIMARY,PHYSICAL SPORTS,BASKETBALL,na
BLANGAH RISE PRIMARY SCHOOL,PRIMARY,VISUAL AND PERFORMING ARTS,CHOIR,na
BLANGAH RISE PRIMARY SCHOOL,PRIMARY,PHYSICAL SPORTS,FOOTBALL,na
BLANGAH RISE PRIMARY SCHOOL,PRIMARY,CLUBS AND SOCIETIES,INFOCOMM TECHNOLOGY (MEDIA PRODUCTION),MEDIA KIDS
BLANGAH RISE PRIMARY SCHOOL,PRIMARY,VISUAL AND PERFORMING ARTS,MODERN DANCE,na
BLANGAH RISE PRIMARY SCHOOL,PRIMARY,CLUBS AND SOCIETIES,PHYSICAL SCIENCE,STEM CLUB
BLANGAH RISE PRIMARY SCHOOL,PRIMARY,UNIFORMED GROUPS,RED CROSS YOUTH,na
BLANGAH RISE PRIMARY SCHOOL,PRIMARY,UNIFORMED GROUPS,SCOUTS,na
BOON LAY GARDEN PRIMARY SCHOOL,PRIMARY,CLUBS AND SOCIETIES,ART AND CRAFTS,na
BOON LAY GARDEN PRIMARY SCHOOL,PRIMARY,CLUBS AND SOCIETIES,AUDIO VISUAL AID,na
BOON LAY GARDEN PRIMARY SCHOOL,PRIMARY,PHYSICAL SPORTS,BOWLING,na
BOON LAY GARDEN PRIMARY SCHOOL,PRIMARY,VISUAL AND PERFORMING ARTS,CHINESE DANCE,na
BOON LAY GARDEN PRIMARY SCHOOL,PRIMARY,VISUAL AND PERFORMING ARTS,CHOIR,na
BOON LAY GARDEN PRIMARY SCHOOL,PRIMARY,CLUBS AND SOCIETIES,DESIGN AND INNOVATION,na
BOON LAY GARDEN PRIMARY SCHOOL,PRIMARY,CLUBS AND SOCIETIES,ENVIRONMENTAL SCIENCE,na
BOON LAY GARDEN PRIMARY SCHOOL,PRIMARY,PHYSICAL SPORTS,FLOORBALL,na
BOON LAY GARDEN PRIMARY SCHOOL,PRIMARY,VISUAL AND PERFORMING ARTS,INDIAN DANCE,na
BOON LAY GARDEN PRIMARY SCHOOL,PRIMARY,VISUAL AND PERFORMING ARTS,MALAY DANCE,na
BOON LAY GARDEN PRIMARY SCHOOL,PRIMARY,PHYSICAL SPORTS,NETBALL,na
BOON LAY GARDEN PRIMARY SCHOOL,PRIMARY,UNIFORMED GROUPS,RED CROSS YOUTH,na
BOON LAY GARDEN PRIMARY SCHOOL,PRIMARY,UNIFORMED GROUPS,SCOUTS,na
BOON LAY GARDEN PRIMARY SCHOOL,PRIMARY,PHYSICAL SPORTS,TAEKWONDO,na
BOON LAY GARDEN PRIMARY SCHOOL,PRIMARY,PHYSICAL SPORTS,TRACK AND FIELD,na
BOON LAY GARDEN PRIMARY SCHOOL,PRIMARY,PHYSICAL SPORTS,WUSHU,na
BOON LAY SECONDARY SCHOOL,SECONDARY (S1-S5),CLUBS AND SOCIETIES,AUDIO VISUAL AID,AUDIO VISUAL AID
BOON LAY SECONDARY SCHOOL,SECONDARY (S1-S5),PHYSICAL SPORTS,BADMINTON,BADMINTON
BOON LAY SECONDARY SCHOOL,SECONDARY (S1-S5),PHYSICAL SPORTS,BASKETBALL,BASKETBALL
BOON LAY SECONDARY SCHOOL,SECONDARY (S1-S5),UNIFORMED GROUPS,BOYS' BRIGADE,BOYS' BRIGADE
BOON LAY SECONDARY SCHOOL,SECONDARY (S1-S5),VISUAL AND PERFORMING ARTS,CHINESE ORCHESTRA,CHINESE ORCHESTRA
BOON LAY SECONDARY SCHOOL,SECONDARY (S1-S5),VISUAL AND PERFORMING ARTS,CHOIR,CHOIR
BOON LAY SECONDARY SCHOOL,SECONDARY (S1-S5),VISUAL AND PERFORMING ARTS,CONCERT BAND,CONCERT BAND
BOON LAY SECONDARY SCHOOL,SECONDARY (S1-S5),VISUAL AND PERFORMING ARTS,ENGLISH DRAMA,MUSICAL THEATRE
BOON LAY SECONDARY SCHOOL,SECONDARY (S1-S5),PHYSICAL SPORTS,FOOTBALL,na
BOON LAY SECONDARY SCHOOL,SECONDARY (S1-S5),CLUBS AND SOCIETIES,INFOCOMM TECHNOLOGY (COMPUTING),CYBERACE
BOON LAY SECONDARY SCHOOL,SECONDARY (S1-S5),VISUAL AND PERFORMING ARTS,MALAY DANCE,MALAY DANCE
BOON LAY SECONDARY SCHOOL,SECONDARY (S1-S5),VISUAL AND PERFORMING ARTS,MODERN DANCE,CONTEMPORARY DANCE
BOON LAY SECONDARY SCHOOL,SECONDARY (S1-S5),UNIFORMED GROUPS,NATIONAL CADET CORPS (LAND),NATIONAL CADET CORPS
BOON LAY SECONDARY SCHOOL,SECONDARY (S1-S5),UNIFORMED GROUPS,NATIONAL CIVIL DEFENCE CADET CORPS,NATIONAL CIVIL DEFENCE CADET CORPS
BOON LAY SECONDARY SCHOOL,SECONDARY (S1-S5),UNIFORMED GROUPS,NATIONAL POLICE CADET CORPS,NATIONAL POLICE CADET CORPS
BOON LAY SECONDARY SCHOOL,SECONDARY (S1-S5),PHYSICAL SPORTS,NETBALL,NETBALL
BOON LAY SECONDARY SCHOOL,SECONDARY (S1-S5),UNIFORMED GROUPS,ST JOHN BRIGADE,ST JOHN BRIGADE
BOON LAY SECONDARY SCHOOL,SECONDARY (S1-S5),OTHERS,STUDENT LEADERSHIP (COUNCIL),STUDENT LEADERSHIP
BOWEN SECONDARY SCHOOL,SECONDARY (S1-S5),CLUBS AND SOCIETIES,ART AND CRAFTS,BOWEN ARTISTS
BOWEN SECONDARY SCHOOL,SECONDARY (S1-S5),PHYSICAL SPORTS,BADMINTON,na
BOWEN SECONDARY SCHOOL,SECONDARY (S1-S5),PHYSICAL SPORTS,BASKETBALL,na
BOWEN SECONDARY SCHOOL,SECONDARY (S1-S5),UNIFORMED GROUPS,BOYS' BRIGADE,na
BOWEN SECONDARY SCHOOL,SECONDARY (S1-S5),VISUAL AND PERFORMING ARTS,CHOIR,na
BOWEN SECONDARY SCHOOL,SECONDARY (S1-S5),VISUAL AND PERFORMING ARTS,ENGLISH DRAMA,na
BOWEN SECONDARY SCHOOL,SECONDARY (S1-S5),PHYSICAL SPORTS,FOOTBALL,na
BOWEN SECONDARY SCHOOL,SECONDARY (S1-S5),UNIFORMED GROUPS,GIRL GUIDES,na
BOWEN SECONDARY SCHOOL,SECONDARY (S1-S5),VISUAL AND PERFORMING ARTS,INDIAN DANCE,na
BOWEN SECONDARY SCHOOL,SECONDARY (S1-S5),CLUBS AND SOCIETIES,INFOCOMM TECHNOLOGY (MEDIA PRODUCTION),AIMS CLUB
BOWEN SECONDARY SCHOOL,SECONDARY (S1-S5),VISUAL AND PERFORMING ARTS,MALAY DANCE,na
BOWEN SECONDARY SCHOOL,SECONDARY (S1-S5),VISUAL AND PERFORMING ARTS,MARCHING BAND,BAND
BOWEN SECONDARY SCHOOL,SECONDARY (S1-S5),CLUBS AND SOCIETIES,MEDIA RESOURCE LIBRARY,LIBRARY
BOWEN SECONDARY SCHOOL,SECONDARY (S1-S5),VISUAL AND PERFORMING ARTS,MODERN DANCE,na
BOWEN SECONDARY SCHOOL,SECONDARY (S1-S5),UNIFORMED GROUPS,NATIONAL CADET CORPS (LAND),na
BOWEN SECONDARY SCHOOL,SECONDARY (S1-S5),UNIFORMED GROUPS,NATIONAL CIVIL DEFENCE CADET CORPS,na
BOWEN SECONDARY SCHOOL,SECONDARY (S1-S5),UNIFORMED GROUPS,NATIONAL POLICE CADET CORPS,na
BOWEN SECONDARY SCHOOL,SECONDARY (S1-S5),PHYSICAL SPORTS,NETBALL,na
BOWEN SECONDARY SCHOOL,SECONDARY (S1-S5),PHYSICAL SPORTS,SP-CCA (ATHLETICS),na
BOWEN SECONDARY SCHOOL,SECONDARY (S1-S5),PHYSICAL SPORTS,TABLE TENNIS,na
BOWEN SECONDARY SCHOOL,SECONDARY (S1-S5),PHYSICAL SPORTS,TAEKWONDO,na
BROADRICK SECONDARY SCHOOL,SECONDARY (S1-S5),PHYSICAL SPORTS,BASKETBALL,na
BROADRICK SECONDARY SCHOOL,SECONDARY (S1-S5),VISUAL AND PERFORMING ARTS,CHOIR,na
BROADRICK SECONDARY SCHOOL,SECONDARY (S1-S5),VISUAL AND PERFORMING ARTS,CONCERT BAND,na
BROADRICK SECONDARY SCHOOL,SECONDARY (S1-S5),VISUAL AND PERFORMING ARTS,ENGLISH DRAMA,na
BROADRICK SECONDARY SCHOOL,SECONDARY (S1-S5),UNIFORMED GROUPS,GIRL GUIDES,na
BROADRICK SECONDARY SCHOOL,SECONDARY (S1-S5),PHYSICAL SPORTS,HEALTH AND FITNESS,na
BROADRICK SECONDARY SCHOOL,SECONDARY (S1-S5),CLUBS AND SOCIETIES,INFOCOMM TECHNOLOGY (MEDIA PRODUCTION),na
BROADRICK SECONDARY SCHOOL,SECONDARY (S1-S5),CLUBS AND SOCIETIES,MEDIA RESOURCE LIBRARY,na
BROADRICK SECONDARY SCHOOL,SECONDARY (S1-S5),VISUAL AND PERFORMING ARTS,MODERN DANCE,na
BROADRICK SECONDARY SCHOOL,SECONDARY (S1-S5),UNIFORMED GROUPS,NATIONAL CADET CORPS (LAND),na
BROADRICK SECONDARY SCHOOL,SECONDARY (S1-S5),UNIFORMED GROUPS,NATIONAL POLICE CADET CORPS,na
BROADRICK SECONDARY SCHOOL,SECONDARY (S1-S5),UNIFORMED GROUPS,RED CROSS YOUTH,na
BROADRICK SECONDARY SCHOOL,SECONDARY (S1-S5),CLUBS AND SOCIETIES,ROBOTICS,na
BROADRICK SECONDARY SCHOOL,SECONDARY (S1-S5),PHYSICAL SPORTS,SHOOTING,na
BROADRICK SECONDARY SCHOOL,SECONDARY (S1-S5),VISUAL AND PERFORMING ARTS,SINGAPORE NATIONAL YOUTH ORCHESTRA,na
BROADRICK SECONDARY SCHOOL,SECONDARY (S1-S5),CLUBS AND SOCIETIES,SINGAPORE YOUTH FLYING CLUB,na
BROADRICK SECONDARY SCHOOL,SECONDARY (S1-S5),PHYSICAL SPORTS,SP-CCA (ATHLETICS),na
BROADRICK SECONDARY SCHOOL,SECONDARY (S1-S5),PHYSICAL SPORTS,SP-CCA (CANOEING),na
BROADRICK SECONDARY SCHOOL,SECONDARY (S1-S5),PHYSICAL SPORTS,SP-CCA (WATER POLO),na
BROADRICK SECONDARY SCHOOL,SECONDARY (S1-S5),PHYSICAL SPORTS,TAEKWONDO,na
BROADRICK SECONDARY SCHOOL,SECONDARY (S1-S5),PHYSICAL SPORTS,TCHOUKBALL,na
BUKIT BATOK SECONDARY SCHOOL,SECONDARY (S1-S5),CLUBS AND SOCIETIES,ART AND CRAFTS,na
BUKIT BATOK SECONDARY SCHOOL,SECONDARY (S1-S5),PHYSICAL SPORTS,BADMINTON,na
BUKIT BATOK SECONDARY SCHOOL,SECONDARY (S1-S5),PHYSICAL SPORTS,BASKETBALL,na
BUKIT BATOK SECONDARY SCHOOL,SECONDARY (S1-S5),UNIFORMED GROUPS,BOYS' BRIGADE,na
BUKIT BATOK SECONDARY SCHOOL,SECONDARY (S1-S5),VISUAL AND PERFORMING ARTS,CHINESE ORCHESTRA,na
BUKIT BATOK SECONDARY SCHOOL,SECONDARY (S1-S5),VISUAL AND PERFORMING ARTS,CHOIR,na
BUKIT BATOK SECONDARY SCHOOL,SECONDARY (S1-S5),VISUAL AND PERFORMING ARTS,CONCERT BAND,na
BUKIT BATOK SECONDARY SCHOOL,SECONDARY (S1-S5),PHYSICAL SPORTS,CROSS COUNTRY,na
BUKIT BATOK SECONDARY SCHOOL,SECONDARY (S1-S5),CLUBS AND SOCIETIES,"ENGLISH LANGUAGE, DRAMA AND DEBATING",na
BUKIT BATOK SECONDARY SCHOOL,SECONDARY (S1-S5),CLUBS AND SOCIETIES,ENVIRONMENTAL SCIENCE,na
BUKIT BATOK SECONDARY SCHOOL,SECONDARY (S1-S5),UNIFORMED GROUPS,GIRLS' BRIGADE,na
BUKIT BATOK SECONDARY SCHOOL,SECONDARY (S1-S5),PHYSICAL SPORTS,HEALTH AND FITNESS,na
BUKIT BATOK SECONDARY SCHOOL,SECONDARY (S1-S5),CLUBS AND SOCIETIES,INFOCOMM TECHNOLOGY (MEDIA PRODUCTION),na
BUKIT BATOK SECONDARY SCHOOL,SECONDARY (S1-S5),VISUAL AND PERFORMING ARTS,MALAY DANCE,na
BUKIT BATOK SECONDARY SCHOOL,SECONDARY (S1-S5),VISUAL AND PERFORMING ARTS,MODERN DANCE,na
BUKIT BATOK SECONDARY SCHOOL,SECONDARY (S1-S5),UNIFORMED GROUPS,NATIONAL CADET CORPS (LAND),na
BUKIT BATOK SECONDARY SCHOOL,SECONDARY (S1-S5),UNIFORMED GROUPS,NATIONAL CADET CORPS (SEA),na
BUKIT BATOK SECONDARY SCHOOL,SECONDARY (S1-S5),UNIFORMED GROUPS,NATIONAL POLICE CADET CORPS,na
BUKIT BATOK SECONDARY SCHOOL,SECONDARY (S1-S5),CLUBS AND SOCIETIES,ROBOTICS,na
BUKIT BATOK SECONDARY SCHOOL,SECONDARY (S1-S5),PHYSICAL SPORTS,RUGBY,na
BUKIT BATOK SECONDARY SCHOOL,SECONDARY (S1-S5),PHYSICAL SPORTS,SHOOTING,na
BUKIT BATOK SECONDARY SCHOOL,SECONDARY (S1-S5),PHYSICAL SPORTS,SOFTBALL,na
BUKIT BATOK SECONDARY SCHOOL,SECONDARY (S1-S5),PHYSICAL SPORTS,SP-CCA (ATHLETICS),na
BUKIT BATOK SECONDARY SCHOOL,SECONDARY (S1-S5),VISUAL AND PERFORMING ARTS,SP-CCA (ETHNIC DANCE),na
BUKIT BATOK SECONDARY SCHOOL,SECONDARY (S1-S5),OTHERS,STUDENT LEADERSHIP (COUNCIL),na
BUKIT MERAH SECONDARY SCHOOL,SECONDARY (S1-S5),PHYSICAL SPORTS,ARTISTIC GYMNASTICS,na
BUKIT MERAH SECONDARY SCHOOL,SECONDARY (S1-S5),CLUBS AND SOCIETIES,AUDIO VISUAL AID,na
BUKIT MERAH SECONDARY SCHOOL,SECONDARY (S1-S5),PHYSICAL SPORTS,BASKETBALL,na
BUKIT MERAH SECONDARY SCHOOL,SECONDARY (S1-S5),VISUAL AND PERFORMING ARTS,CONCERT BAND,na
BUKIT MERAH SECONDARY SCHOOL,SECONDARY (S1-S5),VISUAL AND PERFORMING ARTS,ENGLISH DRAMA,DRAMA CLUB
BUKIT MERAH SECONDARY SCHOOL,SECONDARY (S1-S5),CLUBS AND SOCIETIES,ENTREPRENEURSHIP,YOUNG ENTREPRENEUR CLUB
BUKIT MERAH SECONDARY SCHOOL,SECONDARY (S1-S5),PHYSICAL SPORTS,FLOORBALL,na
BUKIT MERAH SECONDARY SCHOOL,SECONDARY (S1-S5),CLUBS AND SOCIETIES,INFOCOMM TECHNOLOGY (MEDIA PRODUCTION),INFO. MEDIA CLUB
BUKIT MERAH SECONDARY SCHOOL,SECONDARY (S1-S5),VISUAL AND PERFORMING ARTS,MODERN DANCE,na
BUKIT MERAH SECONDARY SCHOOL,SECONDARY (S1-S5),CLUBS AND SOCIETIES,MODULAR CCA (C&S),na
BUKIT MERAH SECONDARY SCHOOL,SECONDARY (S1-S5),UNIFORMED GROUPS,NATIONAL CADET CORPS (LAND),na
BUKIT MERAH SECONDARY SCHOOL,SECONDARY (S1-S5),UNIFORMED GROUPS,NATIONAL CIVIL DEFENCE CADET CORPS,na
BUKIT MERAH SECONDARY SCHOOL,SECONDARY (S1-S5),CLUBS AND SOCIETIES,ROBOTICS,ENGINEERING AND INNOVATION CLUB
BUKIT MERAH SECONDARY SCHOOL,SECONDARY (S1-S5),UNIFORMED GROUPS,SCOUTS,na
BUKIT MERAH SECONDARY SCHOOL,SECONDARY (S1-S5),PHYSICAL SPORTS,SP-CCA (HOCKEY),na
BUKIT MERAH SECONDARY SCHOOL,SECONDARY (S1-S5),UNIFORMED GROUPS,ST JOHN BRIGADE,na
BUKIT MERAH SECONDARY SCHOOL,SECONDARY (S1-S5),PHYSICAL SPORTS,TCHOUKBALL,na
BUKIT PANJANG GOVT. HIGH SCHOOL,SECONDARY (S1-S5),CLUBS AND SOCIETIES,AUDIO VISUAL AID,na
BUKIT PANJANG GOVT. HIGH SCHOOL,SECONDARY (S1-S5),PHYSICAL SPORTS,BASKETBALL,na
BUKIT PANJANG GOVT. HIGH SCHOOL,SECONDARY (S1-S5),VISUAL AND PERFORMING ARTS,CHINESE DRAMA,na
BUKIT PANJANG GOVT. HIGH SCHOOL,SECONDARY (S1-S5),VISUAL AND PERFORMING ARTS,CHINESE ORCHESTRA,na
BUKIT PANJANG GOVT. HIGH SCHOOL,SECONDARY (S1-S5),VISUAL AND PERFORMING ARTS,CHOIR,na
BUKIT PANJANG GOVT. HIGH SCHOOL,SECONDARY (S1-S5),VISUAL AND PERFORMING ARTS,CONCERT BAND,na
BUKIT PANJANG GOVT. HIGH SCHOOL,SECONDARY (S1-S5),VISUAL AND PERFORMING ARTS,ENGLISH DRAMA,na
BUKIT PANJANG GOVT. HIGH SCHOOL,SECONDARY (S1-S5),PHYSICAL SPORTS,FENCING,na
BUKIT PANJANG GOVT. HIGH SCHOOL,SECONDARY (S1-S5),PHYSICAL SPORTS,FLOORBALL,na
BUKIT PANJANG GOVT. HIGH SCHOOL,SECONDARY (S1-S5),PHYSICAL SPORTS,FRISBEE,na
BUKIT PANJANG GOVT. HIGH SCHOOL,SECONDARY (S1-S5),VISUAL AND PERFORMING ARTS,GAMELAN ENSEMBLE,na
BUKIT PANJANG GOVT. HIGH SCHOOL,SECONDARY (S1-S5),UNIFORMED GROUPS,GIRL GUIDES,na
BUKIT PANJANG GOVT. HIGH SCHOOL,SECONDARY (S1-S5),CLUBS AND SOCIETIES,INFOCOMM TECHNOLOGY (MEDIA PRODUCTION),na
BUKIT PANJANG GOVT. HIGH SCHOOL,SECONDARY (S1-S5),VISUAL AND PERFORMING ARTS,MODERN DANCE,INTERNATIONAL DANCE
BUKIT PANJANG GOVT. HIGH SCHOOL,SECONDARY (S1-S5),UNIFORMED GROUPS,NATIONAL CADET CORPS (LAND),na
BUKIT PANJANG GOVT. HIGH SCHOOL,SECONDARY (S1-S5),UNIFORMED GROUPS,NATIONAL POLICE CADET CORPS,na
BUKIT PANJANG GOVT. HIGH SCHOOL,SECONDARY (S1-S5),PHYSICAL SPORTS,NETBALL,na
BUKIT PANJANG GOVT. HIGH SCHOOL,SECONDARY (S1-S5),CLUBS AND SOCIETIES,PHYSICAL SCIENCE,na
BUKIT PANJANG GOVT. HIGH SCHOOL,SECONDARY (S1-S5),UNIFORMED GROUPS,SCOUTS,na
BUKIT PANJANG GOVT. HIGH SCHOOL,SECONDARY (S1-S5),VISUAL AND PERFORMING ARTS,SINGAPORE NATIONAL YOUTH ORCHESTRA,na
BUKIT PANJANG GOVT. HIGH SCHOOL,SECONDARY (S1-S5),UNIFORMED GROUPS,ST JOHN BRIGADE,na
BUKIT PANJANG GOVT. HIGH SCHOOL,SECONDARY (S1-S5),OTHERS,STUDENT LEADERSHIP (COUNCIL),na
BUKIT PANJANG GOVT. HIGH SCHOOL,SECONDARY (S1-S5),PHYSICAL SPORTS,VOLLEYBALL,na
BUKIT PANJANG PRIMARY SCHOOL,PRIMARY,CLUBS AND SOCIETIES,ART AND CRAFTS,na
BUKIT PANJANG PRIMARY SCHOOL,PRIMARY,PHYSICAL SPORTS,BADMINTON,na
BUKIT PANJANG PRIMARY SCHOOL,PRIMARY,PHYSICAL SPORTS,BASKETBALL,na
BUKIT PANJANG PRIMARY SCHOOL,PRIMARY,VISUAL AND PERFORMING ARTS,BRASS BAND,na
BUKIT PANJANG PRIMARY SCHOOL,PRIMARY,CLUBS AND SOCIETIES,CHINESE CALLIGRAPHY AND BRUSH PAINTING,na
BUKIT PANJANG PRIMARY SCHOOL,PRIMARY,VISUAL AND PERFORMING ARTS,CHINESE DANCE,na
BUKIT PANJANG PRIMARY SCHOOL,PRIMARY,VISUAL AND PERFORMING ARTS,CHINESE DRUMS,FESTIVE DRUMS
BUKIT PANJANG PRIMARY SCHOOL,PRIMARY,VISUAL AND PERFORMING ARTS,CHOIR,na
BUKIT PANJANG PRIMARY SCHOOL,PRIMARY,CLUBS AND SOCIETIES,ENVIRONMENTAL SCIENCE,na
BUKIT PANJANG PRIMARY SCHOOL,PRIMARY,PHYSICAL SPORTS,FLOORBALL,na
BUKIT PANJANG PRIMARY SCHOOL,PRIMARY,PHYSICAL SPORTS,FOOTBALL,na
BUKIT PANJANG PRIMARY SCHOOL,PRIMARY,CLUBS AND SOCIETIES,INFOCOMM TECHNOLOGY (COMPUTING),na
BUKIT PANJANG PRIMARY SCHOOL,PRIMARY,VISUAL AND PERFORMING ARTS,MODERN DANCE,na
BUKIT PANJANG PRIMARY SCHOOL,PRIMARY,UNIFORMED GROUPS,RED CROSS YOUTH,na
BUKIT PANJANG PRIMARY SCHOOL,PRIMARY,CLUBS AND SOCIETIES,ROBOTICS,na
BUKIT PANJANG PRIMARY SCHOOL,PRIMARY,UNIFORMED GROUPS,SCOUTS,na
BUKIT PANJANG PRIMARY SCHOOL,PRIMARY,OTHERS,STUDENT LEADERSHIP (PREFECT),na
BUKIT PANJANG PRIMARY SCHOOL,PRIMARY,PHYSICAL SPORTS,TABLE TENNIS,na
BUKIT PANJANG PRIMARY SCHOOL,PRIMARY,PHYSICAL SPORTS,WUSHU,na
BUKIT TIMAH PRIMARY SCHOOL,PRIMARY,CLUBS AND SOCIETIES,ART AND CRAFTS,ART CLUB
BUKIT TIMAH PRIMARY SCHOOL,PRIMARY,PHYSICAL SPORTS,BADMINTON,na
BUKIT TIMAH PRIMARY SCHOOL,PRIMARY,PHYSICAL SPORTS,BASKETBALL,na
BUKIT TIMAH PRIMARY SCHOOL,PRIMARY,UNIFORMED GROUPS,BOYS' BRIGADE,na
BUKIT TIMAH PRIMARY SCHOOL,PRIMARY,VISUAL AND PERFORMING ARTS,BRASS BAND,na
BUKIT TIMAH PRIMARY SCHOOL,PRIMARY,VISUAL AND PERFORMING ARTS,CHOIR,na
BUKIT TIMAH PRIMARY SCHOOL,PRIMARY,VISUAL AND PERFORMING ARTS,ENGLISH DRAMA,na
BUKIT TIMAH PRIMARY SCHOOL,PRIMARY,CLUBS AND SOCIETIES,ENVIRONMENTAL SCIENCE,na
BUKIT TIMAH PRIMARY SCHOOL,PRIMARY,PHYSICAL SPORTS,FOOTBALL,na
BUKIT TIMAH PRIMARY SCHOOL,PRIMARY,CLUBS AND SOCIETIES,INFOCOMM TECHNOLOGY (COMPUTING),na
BUKIT TIMAH PRIMARY SCHOOL,PRIMARY,VISUAL AND PERFORMING ARTS,MODERN DANCE,na
BUKIT TIMAH PRIMARY SCHOOL,PRIMARY,PHYSICAL SPORTS,NETBALL,na
BUKIT TIMAH PRIMARY SCHOOL,PRIMARY,PHYSICAL SPORTS,RUGBY,na
BUKIT TIMAH PRIMARY SCHOOL,PRIMARY,UNIFORMED GROUPS,SCOUTS,na
BUKIT TIMAH PRIMARY SCHOOL,PRIMARY,VISUAL AND PERFORMING ARTS,SINGAPORE NATIONAL YOUTH ORCHESTRA,na
BUKIT TIMAH PRIMARY SCHOOL,PRIMARY,OTHERS,STUDENT LEADERSHIP (PEER SUPPORT),na
BUKIT TIMAH PRIMARY SCHOOL,PRIMARY,OTHERS,STUDENT LEADERSHIP (PREFECT),na
BUKIT TIMAH PRIMARY SCHOOL,PRIMARY,PHYSICAL SPORTS,WUSHU,na
BUKIT VIEW PRIMARY SCHOOL,PRIMARY,VISUAL AND PERFORMING ARTS,ANGKLUNG/KULINTANG ENSEMBLE,na
BUKIT VIEW PRIMARY SCHOOL,PRIMARY,CLUBS AND SOCIETIES,ART AND CRAFTS,na
BUKIT VIEW PRIMARY SCHOOL,PRIMARY,PHYSICAL SPORTS,BADMINTON,na
BUKIT VIEW PRIMARY SCHOOL,PRIMARY,PHYSICAL SPORTS,BASKETBALL,na
BUKIT VIEW PRIMARY SCHOOL,PRIMARY,VISUAL AND PERFORMING ARTS,CHINESE DANCE,na
BUKIT VIEW PRIMARY SCHOOL,PRIMARY,VISUAL AND PERFORMING ARTS,CHOIR,na
BUKIT VIEW PRIMARY SCHOOL,PRIMARY,CLUBS AND SOCIETIES,COMMUNITY SERVICE,BEFRIENDERS' CLUB
BUKIT VIEW PRIMARY SCHOOL,PRIMARY,VISUAL AND PERFORMING ARTS,ENGLISH DRAMA,DRAMA
BUKIT VIEW PRIMARY SCHOOL,PRIMARY,CLUBS AND SOCIETIES,ENVIRONMENTAL SCIENCE,ECO DISCOVERY CLUB
BUKIT VIEW PRIMARY SCHOOL,PRIMARY,PHYSICAL SPORTS,FOOTBALL,na
BUKIT VIEW PRIMARY SCHOOL,PRIMARY,VISUAL AND PERFORMING ARTS,INDIAN DANCE,na
BUKIT VIEW PRIMARY SCHOOL,PRIMARY,CLUBS AND SOCIETIES,INFOCOMM TECHNOLOGY (COMPUTING),INFOCOMM - ROBOTICS CLUB
BUKIT VIEW PRIMARY SCHOOL,PRIMARY,CLUBS AND SOCIETIES,INFOCOMM TECHNOLOGY (MEDIA PRODUCTION),CREATIVE MEDIA CLUB
BUKIT VIEW PRIMARY SCHOOL,PRIMARY,VISUAL AND PERFORMING ARTS,MALAY DANCE,na
BUKIT VIEW PRIMARY SCHOOL,PRIMARY,PHYSICAL SPORTS,NETBALL,na
BUKIT VIEW PRIMARY SCHOOL,PRIMARY,UNIFORMED GROUPS,RED CROSS YOUTH,RED CROSS (LINKS)
BUKIT VIEW PRIMARY SCHOOL,PRIMARY,CLUBS AND SOCIETIES,STRATEGY GAMES,MASS BRAIN ACTIVITIES (MBA) CLUB
BUKIT VIEW PRIMARY SCHOOL,PRIMARY,OTHERS,STUDENT INITIATED ACTIVITIES (CLUBS & SOCIETIES),STUDENT LEADERSHIP (ENVIRONMENT CHAMPION)
BUKIT VIEW PRIMARY SCHOOL,PRIMARY,OTHERS,STUDENT LEADERSHIP (PEER SUPPORT),na
BUKIT VIEW PRIMARY SCHOOL,PRIMARY,OTHERS,STUDENT LEADERSHIP (PREFECT),na
BUKIT VIEW PRIMARY SCHOOL,PRIMARY,PHYSICAL SPORTS,WUSHU,na
BUKIT VIEW SECONDARY SCHOOL,SECONDARY (S1-S5),PHYSICAL SPORTS,BADMINTON,na
BUKIT VIEW SECONDARY SCHOOL,SECONDARY (S1-S5),UNIFORMED GROUPS,BOYS' BRIGADE,na
BUKIT VIEW SECONDARY SCHOOL,SECONDARY (S1-S5),PHYSICAL SPORTS,CANOEING,na
BUKIT VIEW SECONDARY SCHOOL,SECONDARY (S1-S5),VISUAL AND PERFORMING ARTS,CHOIR,na
BUKIT VIEW SECONDARY SCHOOL,SECONDARY (S1-S5),VISUAL AND PERFORMING ARTS,CONCERT BAND,na
BUKIT VIEW SECONDARY SCHOOL,SECONDARY (S1-S5),CLUBS AND SOCIETIES,DIGITAL MEDIA,na
BUKIT VIEW SECONDARY SCHOOL,SECONDARY (S1-S5),VISUAL AND PERFORMING ARTS,ENGLISH DRAMA,na
BUKIT VIEW SECONDARY SCHOOL,SECONDARY (S1-S5),CLUBS AND SOCIETIES,ENVIRONMENTAL SCIENCE,na
BUKIT VIEW SECONDARY SCHOOL,SECONDARY (S1-S5),PHYSICAL SPORTS,FLOORBALL,na
BUKIT VIEW SECONDARY SCHOOL,SECONDARY (S1-S5),UNIFORMED GROUPS,GIRLS' BRIGADE,na
BUKIT VIEW SECONDARY SCHOOL,SECONDARY (S1-S5),CLUBS AND SOCIETIES,INFOCOMM TECHNOLOGY (COMPUTING),na
BUKIT VIEW SECONDARY SCHOOL,SECONDARY (S1-S5),VISUAL AND PERFORMING ARTS,MODERN DANCE,na
BUKIT VIEW SECONDARY SCHOOL,SECONDARY (S1-S5),UNIFORMED GROUPS,NATIONAL CADET CORPS (LAND),na
BUKIT VIEW SECONDARY SCHOOL,SECONDARY (S1-S5),UNIFORMED GROUPS,NATIONAL POLICE CADET CORPS,na
BUKIT VIEW SECONDARY SCHOOL,SECONDARY (S1-S5),CLUBS AND SOCIETIES,SINGAPORE YOUTH FLYING CLUB,na
BUKIT VIEW SECONDARY SCHOOL,SECONDARY (S1-S5),PHYSICAL SPORTS,TABLE TENNIS,na
BUKIT VIEW SECONDARY SCHOOL,SECONDARY (S1-S5),PHYSICAL SPORTS,TRACK AND FIELD,na
BUKIT VIEW SECONDARY SCHOOL,SECONDARY (S1-S5),PHYSICAL SPORTS,VOLLEYBALL,na
BUKIT VIEW SECONDARY SCHOOL,SECONDARY (S1-S5),PHYSICAL SPORTS,WATER POLO,na
CANBERRA PRIMARY SCHOOL,PRIMARY,CLUBS AND SOCIETIES,ART AND CRAFTS,ART CLUB
CANBERRA PRIMARY SCHOOL,PRIMARY,PHYSICAL SPORTS,ARTISTIC GYMNASTICS,na
CANBERRA PRIMARY SCHOOL,PRIMARY,PHYSICAL SPORTS,BADMINTON,na
CANBERRA PRIMARY SCHOOL,PRIMARY,PHYSICAL SPORTS,BASKETBALL,na
CANBERRA PRIMARY SCHOOL,PRIMARY,VISUAL AND PERFORMING ARTS,CHOIR,na
CANBERRA PRIMARY SCHOOL,PRIMARY,VISUAL AND PERFORMING ARTS,CONCERT BAND,na
CANBERRA PRIMARY SCHOOL,PRIMARY,CLUBS AND SOCIETIES,"ENGLISH LANGUAGE, DRAMA AND DEBATING",DRAMA CLUB
CANBERRA PRIMARY SCHOOL,PRIMARY,PHYSICAL SPORTS,FLOORBALL,na
CANBERRA PRIMARY SCHOOL,PRIMARY,PHYSICAL SPORTS,FOOTBALL,na
CANBERRA PRIMARY SCHOOL,PRIMARY,UNIFORMED GROUPS,GIRL GUIDES (BROWNIES),na
CANBERRA PRIMARY SCHOOL,PRIMARY,CLUBS AND SOCIETIES,MEDIA RESOURCE LIBRARY,LIBRARY AMBASSADORS
CANBERRA PRIMARY SCHOOL,PRIMARY,VISUAL AND PERFORMING ARTS,MODERN DANCE,INTERNATIONAL DANCE
CANBERRA PRIMARY SCHOOL,PRIMARY,CLUBS AND SOCIETIES,PHYSICAL SCIENCE,SCIENCE & ENVIRONMENTAL CLUB
CANBERRA PRIMARY SCHOOL,PRIMARY,CLUBS AND SOCIETIES,ROBOTICS,DIGITAL ARTISANS
CANBERRA PRIMARY SCHOOL,PRIMARY,UNIFORMED GROUPS,SCOUTS,CUB SCOUTS
CANBERRA PRIMARY SCHOOL,PRIMARY,OTHERS,STUDENT LEADERSHIP (PREFECT),na
CANBERRA PRIMARY SCHOOL,PRIMARY,PHYSICAL SPORTS,SWIMMING,na
CANBERRA PRIMARY SCHOOL,PRIMARY,PHYSICAL SPORTS,TAEKWONDO,na
CANBERRA PRIMARY SCHOOL,PRIMARY,PHYSICAL SPORTS,TRACK AND FIELD,na
CANBERRA PRIMARY SCHOOL,PRIMARY,PHYSICAL SPORTS,WUSHU,na
CANBERRA SECONDARY SCHOOL,SECONDARY (S1-S5),PHYSICAL SPORTS,BADMINTON,na
CANBERRA SECONDARY SCHOOL,SECONDARY (S1-S5),UNIFORMED GROUPS,BOYS' BRIGADE,na
CANBERRA SECONDARY SCHOOL,SECONDARY (S1-S5),VISUAL AND PERFORMING ARTS,CHOIR,na
CANBERRA SECONDARY SCHOOL,SECONDARY (S1-S5),VISUAL AND PERFORMING ARTS,CONCERT BAND,na
CANBERRA SECONDARY SCHOOL,SECONDARY (S1-S5),CLUBS AND SOCIETIES,DIGITAL MEDIA,na
CANBERRA SECONDARY SCHOOL,SECONDARY (S1-S5),CLUBS AND SOCIETIES,ENVIRONMENTAL SCIENCE,na
CANBERRA SECONDARY SCHOOL,SECONDARY (S1-S5),PHYSICAL SPORTS,FLOORBALL,na
CANBERRA SECONDARY SCHOOL,SECONDARY (S1-S5),UNIFORMED GROUPS,GIRLS' BRIGADE,na
CANBERRA SECONDARY SCHOOL,SECONDARY (S1-S5),VISUAL AND PERFORMING ARTS,GUITAR ENSEMBLE,na
CANBERRA SECONDARY SCHOOL,SECONDARY (S1-S5),VISUAL AND PERFORMING ARTS,GUZHENG ENSEMBLE,na
CANBERRA SECONDARY SCHOOL,SECONDARY (S1-S5),CLUBS AND SOCIETIES,INFOCOMM TECHNOLOGY (MEDIA PRODUCTION),na
CANBERRA SECONDARY SCHOOL,SECONDARY (S1-S5),CLUBS AND SOCIETIES,MEDIA RESOURCE LIBRARY,na
CANBERRA SECONDARY SCHOOL,SECONDARY (S1-S5),VISUAL AND PERFORMING ARTS,MODERN DANCE,na
CANBERRA SECONDARY SCHOOL,SECONDARY (S1-S5),UNIFORMED GROUPS,NATIONAL CADET CORPS (AIR),na
CANBERRA SECONDARY SCHOOL,SECONDARY (S1-S5),UNIFORMED GROUPS,NATIONAL CADET CORPS (SEA),na
CANBERRA SECONDARY SCHOOL,SECONDARY (S1-S5),UNIFORMED GROUPS,NATIONAL CIVIL DEFENCE CADET CORPS,na
CANBERRA SECONDARY SCHOOL,SECONDARY (S1-S5),UNIFORMED GROUPS,NATIONAL POLICE CADET CORPS,na
CANBERRA SECONDARY SCHOOL,SECONDARY (S1-S5),PHYSICAL SPORTS,NETBALL,na
CANBERRA SECONDARY SCHOOL,SECONDARY (S1-S5),CLUBS AND SOCIETIES,ROBOTICS,VEX Robotics
CANBERRA SECONDARY SCHOOL,SECONDARY (S1-S5),PHYSICAL SPORTS,SHOOTING,na
CANBERRA SECONDARY SCHOOL,SECONDARY (S1-S5),PHYSICAL SPORTS,TAEKWONDO,na
CANBERRA SECONDARY SCHOOL,SECONDARY (S1-S5),PHYSICAL SPORTS,VOLLEYBALL,na
CANOSSA CATHOLIC PRIMARY SCHOOL,PRIMARY,CLUBS AND SOCIETIES,ART AND CRAFTS,na
CANOSSA CATHOLIC PRIMARY SCHOOL,PRIMARY,VISUAL AND PERFORMING ARTS,CHOIR,na
CANOSSA CATHOLIC PRIMARY SCHOOL,PRIMARY,PHYSICAL SPORTS,FLOORBALL,na
CANOSSA CATHOLIC PRIMARY SCHOOL,PRIMARY,UNIFORMED GROUPS,GIRL GUIDES (BROWNIES),na
CANOSSA CATHOLIC PRIMARY SCHOOL,PRIMARY,VISUAL AND PERFORMING ARTS,GUITAR ENSEMBLE,na
CANOSSA CATHOLIC PRIMARY SCHOOL,PRIMARY,VISUAL AND PERFORMING ARTS,HANDBELL ENSEMBLE,na
CANOSSA CATHOLIC PRIMARY SCHOOL,PRIMARY,CLUBS AND SOCIETIES,INFOCOMM TECHNOLOGY (MEDIA PRODUCTION),na
CANOSSA CATHOLIC PRIMARY SCHOOL,PRIMARY,VISUAL AND PERFORMING ARTS,MODERN DANCE,na
CANOSSA CATHOLIC PRIMARY SCHOOL,PRIMARY,PHYSICAL SPORTS,MODULAR CCA (SPORTS),na
CANOSSA CATHOLIC PRIMARY SCHOOL,PRIMARY,VISUAL AND PERFORMING ARTS,PERCUSSION ENSEMBLE,na
CANOSSA CATHOLIC PRIMARY SCHOOL,PRIMARY,UNIFORMED GROUPS,SCOUTS,na
CANOSSA CATHOLIC PRIMARY SCHOOL,PRIMARY,PHYSICAL SPORTS,TAEKWONDO,na
CANOSSA CATHOLIC PRIMARY SCHOOL,PRIMARY,PHYSICAL SPORTS,TRACK AND FIELD,na
CANTONMENT PRIMARY SCHOOL,PRIMARY,CLUBS AND SOCIETIES,ART AND CRAFTS,CREATIVE DESIGN CLUB
CANTONMENT PRIMARY SCHOOL,PRIMARY,PHYSICAL SPORTS,BADMINTON,na
CANTONMENT PRIMARY SCHOOL,PRIMARY,PHYSICAL SPORTS,BASKETBALL,na
CANTONMENT PRIMARY SCHOOL,PRIMARY,VISUAL AND PERFORMING ARTS,CHOIR,na
CANTONMENT PRIMARY SCHOOL,PRIMARY,PHYSICAL SPORTS,FOOTBALL,na
CANTONMENT PRIMARY SCHOOL,PRIMARY,VISUAL AND PERFORMING ARTS,GUITAR ENSEMBLE,na
CANTONMENT PRIMARY SCHOOL,PRIMARY,PHYSICAL SPORTS,HOCKEY,na
CANTONMENT PRIMARY SCHOOL,PRIMARY,CLUBS AND SOCIETIES,INFOCOMM TECHNOLOGY (MEDIA PRODUCTION),INFOCOMM & ROBOTICS
CANTONMENT PRIMARY SCHOOL,PRIMARY,VISUAL AND PERFORMING ARTS,MODERN DANCE,INTERNATIONAL DANCE
CANTONMENT PRIMARY SCHOOL,PRIMARY,PHYSICAL SPORTS,OUTDOOR ADVENTURE,na
CANTONMENT PRIMARY SCHOOL,PRIMARY,CLUBS AND SOCIETIES,PHYSICAL SCIENCE,SCIENCE CLUB
CANTONMENT PRIMARY SCHOOL,PRIMARY,UNIFORMED GROUPS,SCOUTS,na
CANTONMENT PRIMARY SCHOOL,PRIMARY,VISUAL AND PERFORMING ARTS,SINGAPORE NATIONAL YOUTH CHINESE ORCHESTRA,na
CANTONMENT PRIMARY SCHOOL,PRIMARY,OTHERS,STUDENT LEADERSHIP (PEER SUPPORT),na
CANTONMENT PRIMARY SCHOOL,PRIMARY,OTHERS,STUDENT LEADERSHIP (PREFECT),na
CANTONMENT PRIMARY SCHOOL,PRIMARY,PHYSICAL SPORTS,VOLLEYBALL,na
CANTONMENT PRIMARY SCHOOL,PRIMARY,PHYSICAL SPORTS,WUSHU,na
CASUARINA PRIMARY SCHOOL,PRIMARY,CLUBS AND SOCIETIES,ART AND CRAFTS,na
CASUARINA PRIMARY SCHOOL,PRIMARY,PHYSICAL SPORTS,BADMINTON,na
CASUARINA PRIMARY SCHOOL,PRIMARY,VISUAL AND PERFORMING ARTS,CHINESE DANCE,na
CASUARINA PRIMARY SCHOOL,PRIMARY,VISUAL AND PERFORMING ARTS,CHOIR,na
CASUARINA PRIMARY SCHOOL,PRIMARY,VISUAL AND PERFORMING ARTS,CONCERT BAND,na
CASUARINA PRIMARY SCHOOL,PRIMARY,CLUBS AND SOCIETIES,ENVIRONMENTAL SCIENCE,na
CASUARINA PRIMARY SCHOOL,PRIMARY,PHYSICAL SPORTS,FLOORBALL,na
CASUARINA PRIMARY SCHOOL,PRIMARY,PHYSICAL SPORTS,FOOTBALL,na
CASUARINA PRIMARY SCHOOL,PRIMARY,UNIFORMED GROUPS,GIRL GUIDES (BROWNIES),na
CASUARINA PRIMARY SCHOOL,PRIMARY,CLUBS AND SOCIETIES,INFOCOMM TECHNOLOGY (MEDIA PRODUCTION),na
CASUARINA PRIMARY SCHOOL,PRIMARY,VISUAL AND PERFORMING ARTS,MALAY DANCE,na
CASUARINA PRIMARY SCHOOL,PRIMARY,VISUAL AND PERFORMING ARTS,MODERN DANCE,na
CASUARINA PRIMARY SCHOOL,PRIMARY,PHYSICAL SPORTS,RUGBY,na
CASUARINA PRIMARY SCHOOL,PRIMARY,UNIFORMED GROUPS,SCOUTS,na
CASUARINA PRIMARY SCHOOL,PRIMARY,PHYSICAL SPORTS,WUSHU,na
CATHOLIC HIGH SCHOOL,MIXED LEVEL (P1-S4),CLUBS AND SOCIETIES,ART AND CRAFTS,ARTSQUAD
CATHOLIC HIGH SCHOOL,MIXED LEVEL (P1-S4),PHYSICAL SPORTS,ARTISTIC GYMNASTICS,na
CATHOLIC HIGH SCHOOL,MIXED LEVEL (P1-S4),PHYSICAL SPORTS,BASKETBALL,na
CATHOLIC HIGH SCHOOL,MIXED LEVEL (P1-S4),PHYSICAL SPORTS,BOWLING,na
CATHOLIC HIGH SCHOOL,MIXED LEVEL (P1-S4),PHYSICAL SPORTS,CANOEING,na
CATHOLIC HIGH SCHOOL,MIXED LEVEL (P1-S4),VISUAL AND PERFORMING ARTS,CHINESE DRAMA,na
CATHOLIC HIGH SCHOOL,MIXED LEVEL (P1-S4),VISUAL AND PERFORMING ARTS,CHINESE ORCHESTRA,na
CATHOLIC HIGH SCHOOL,MIXED LEVEL (P1-S4),VISUAL AND PERFORMING ARTS,CHOIR,na
CATHOLIC HIGH SCHOOL,MIXED LEVEL (P1-S4),VISUAL AND PERFORMING ARTS,CONCERT BAND,na
CATHOLIC HIGH SCHOOL,MIXED LEVEL (P1-S4),PHYSICAL SPORTS,DRAGON BOAT,na
CATHOLIC HIGH SCHOOL,MIXED LEVEL (P1-S4),VISUAL AND PERFORMING ARTS,ENGLISH DRAMA,na
CATHOLIC HIGH SCHOOL,MIXED LEVEL (P1-S4),PHYSICAL SPORTS,FENCING,na
CATHOLIC HIGH SCHOOL,MIXED LEVEL (P1-S4),PHYSICAL SPORTS,FLOORBALL,na
CATHOLIC HIGH SCHOOL,MIXED LEVEL (P1-S4),PHYSICAL SPORTS,GOLF,na
CATHOLIC HIGH SCHOOL,MIXED LEVEL (P1-S4),CLUBS AND SOCIETIES,INFOCOMM TECHNOLOGY (COMPUTING),RADIUS
CATHOLIC HIGH SCHOOL,MIXED LEVEL (P1-S4),PHYSICAL SPORTS,JUDO,na
CATHOLIC HIGH SCHOOL,MIXED LEVEL (P1-S4),VISUAL AND PERFORMING ARTS,MODERN DANCE,na
CATHOLIC HIGH SCHOOL,MIXED LEVEL (P1-S4),PHYSICAL SPORTS,MODULAR CCA (SPORTS),na
CATHOLIC HIGH SCHOOL,MIXED LEVEL (P1-S4),UNIFORMED GROUPS,NATIONAL CADET CORPS (AIR),na
CATHOLIC HIGH SCHOOL,MIXED LEVEL (P1-S4),UNIFORMED GROUPS,NATIONAL CADET CORPS (LAND),na
CATHOLIC HIGH SCHOOL,MIXED LEVEL (P1-S4),UNIFORMED GROUPS,NATIONAL POLICE CADET CORPS,na
CATHOLIC HIGH SCHOOL,MIXED LEVEL (P1-S4),UNIFORMED GROUPS,SCOUTS,na
CATHOLIC HIGH SCHOOL,MIXED LEVEL (P1-S4),VISUAL AND PERFORMING ARTS,SINGAPORE NATIONAL YOUTH CHINESE ORCHESTRA,na
CATHOLIC HIGH SCHOOL,MIXED LEVEL (P1-S4),VISUAL AND PERFORMING ARTS,SINGAPORE NATIONAL YOUTH ORCHESTRA,na
CATHOLIC HIGH SCHOOL,MIXED LEVEL (P1-S4),CLUBS AND SOCIETIES,SINGAPORE YOUTH FLYING CLUB,na
CATHOLIC HIGH SCHOOL,MIXED LEVEL (P1-S4),PHYSICAL SPORTS,SOFTBALL,na
CATHOLIC HIGH SCHOOL,MIXED LEVEL (P1-S4),UNIFORMED GROUPS,ST JOHN BRIGADE,na
CATHOLIC HIGH SCHOOL,MIXED LEVEL (P1-S4),PHYSICAL SPORTS,SWIMMING,na
CATHOLIC HIGH SCHOOL,MIXED LEVEL (P1-S4),PHYSICAL SPORTS,TABLE TENNIS,na
CATHOLIC HIGH SCHOOL,MIXED LEVEL (P1-S4),PHYSICAL SPORTS,TAEKWONDO,na
CATHOLIC HIGH SCHOOL,MIXED LEVEL (P1-S4),PHYSICAL SPORTS,TENNIS,na
CATHOLIC HIGH SCHOOL,MIXED LEVEL (P1-S4),PHYSICAL SPORTS,TRACK AND FIELD,na
CATHOLIC HIGH SCHOOL,MIXED LEVEL (P1-S4),PHYSICAL SPORTS,TRAMPOLINE,na
CATHOLIC HIGH SCHOOL,MIXED LEVEL (P1-S4),PHYSICAL SPORTS,VOLLEYBALL,na
CATHOLIC HIGH SCHOOL,MIXED LEVEL (P1-S4),PHYSICAL SPORTS,WATER POLO,na
CATHOLIC HIGH SCHOOL,MIXED LEVEL (P1-S4),PHYSICAL SPORTS,WUSHU,na
CATHOLIC JUNIOR COLLEGE,JUNIOR COLLEGE,PHYSICAL SPORTS,BADMINTON,na
CATHOLIC JUNIOR COLLEGE,JUNIOR COLLEGE,PHYSICAL SPORTS,BASKETBALL,na
CATHOLIC JUNIOR COLLEGE,JUNIOR COLLEGE,PHYSICAL SPORTS,BOWLING,na
CATHOLIC JUNIOR COLLEGE,JUNIOR COLLEGE,UNIFORMED GROUPS,BOYS' BRIGADE,na
CATHOLIC JUNIOR COLLEGE,JUNIOR COLLEGE,PHYSICAL SPORTS,CANOEING,na
CATHOLIC JUNIOR COLLEGE,JUNIOR COLLEGE,VISUAL AND PERFORMING ARTS,CHOIR,na
CATHOLIC JUNIOR COLLEGE,JUNIOR COLLEGE,CLUBS AND SOCIETIES,COMMUNITY SERVICE,INTERACT CLUB
CATHOLIC JUNIOR COLLEGE,JUNIOR COLLEGE,CLUBS AND SOCIETIES,COMMUNITY SERVICE (FIRST AID),FIRST AID CLUB
CATHOLIC JUNIOR COLLEGE,JUNIOR COLLEGE,VISUAL AND PERFORMING ARTS,CONCERT BAND,SYMPHONIC BAND
CATHOLIC JUNIOR COLLEGE,JUNIOR COLLEGE,PHYSICAL SPORTS,CROSS COUNTRY,na
CATHOLIC JUNIOR COLLEGE,JUNIOR COLLEGE,CLUBS AND SOCIETIES,DEBATING AND PUBLIC SPEAKING,ORATORICAL SOCIETY
CATHOLIC JUNIOR COLLEGE,JUNIOR COLLEGE,VISUAL AND PERFORMING ARTS,ENGLISH DRAMA,na
CATHOLIC JUNIOR COLLEGE,JUNIOR COLLEGE,CLUBS AND SOCIETIES,ENTREPRENEURSHIP,NEXUS INVESTMENT & ENTREPRENEURSHIP SOCIETY
CATHOLIC JUNIOR COLLEGE,JUNIOR COLLEGE,CLUBS AND SOCIETIES,ENVIRONMENTAL SCIENCE,STE2M CLUB
CATHOLIC JUNIOR COLLEGE,JUNIOR COLLEGE,CLUBS AND SOCIETIES,FAITH-BASED CCA,GENESIS
CATHOLIC JUNIOR COLLEGE,JUNIOR COLLEGE,PHYSICAL SPORTS,FENCING,na
CATHOLIC JUNIOR COLLEGE,JUNIOR COLLEGE,PHYSICAL SPORTS,FLOORBALL,na
CATHOLIC JUNIOR COLLEGE,JUNIOR COLLEGE,PHYSICAL SPORTS,FOOTBALL,na
CATHOLIC JUNIOR COLLEGE,JUNIOR COLLEGE,PHYSICAL SPORTS,FRISBEE,na
CATHOLIC JUNIOR COLLEGE,JUNIOR COLLEGE,UNIFORMED GROUPS,GIRL GUIDES,na
CATHOLIC JUNIOR COLLEGE,JUNIOR COLLEGE,UNIFORMED GROUPS,GIRLS' BRIGADE,na
CATHOLIC JUNIOR COLLEGE,JUNIOR COLLEGE,PHYSICAL SPORTS,GOLF,na
CATHOLIC JUNIOR COLLEGE,JUNIOR COLLEGE,VISUAL AND PERFORMING ARTS,GUITAR ENSEMBLE,na
CATHOLIC JUNIOR COLLEGE,JUNIOR COLLEGE,VISUAL AND PERFORMING ARTS,GUZHENG ENSEMBLE,na
CATHOLIC JUNIOR COLLEGE,JUNIOR COLLEGE,CLUBS AND SOCIETIES,INFOCOMM TECHNOLOGY (MEDIA PRODUCTION),FILM SOUND AND VIDEO
CATHOLIC JUNIOR COLLEGE,JUNIOR COLLEGE,PHYSICAL SPORTS,JUDO,na
CATHOLIC JUNIOR COLLEGE,JUNIOR COLLEGE,VISUAL AND PERFORMING ARTS,MODERN DANCE,na
CATHOLIC JUNIOR COLLEGE,JUNIOR COLLEGE,UNIFORMED GROUPS,NATIONAL CADET CORPS (AIR),na
CATHOLIC JUNIOR COLLEGE,JUNIOR COLLEGE,UNIFORMED GROUPS,NATIONAL CADET CORPS (LAND),na
CATHOLIC JUNIOR COLLEGE,JUNIOR COLLEGE,UNIFORMED GROUPS,NATIONAL CADET CORPS (SEA),na
CATHOLIC JUNIOR COLLEGE,JUNIOR COLLEGE,UNIFORMED GROUPS,NATIONAL CIVIL DEFENCE CADET CORPS,na
CATHOLIC JUNIOR COLLEGE,JUNIOR COLLEGE,UNIFORMED GROUPS,NATIONAL POLICE CADET CORPS,na
CATHOLIC JUNIOR COLLEGE,JUNIOR COLLEGE,PHYSICAL SPORTS,NETBALL,na
CATHOLIC JUNIOR COLLEGE,JUNIOR COLLEGE,CLUBS AND SOCIETIES,PUBLICATION,EDITORIAL CLUB
CATHOLIC JUNIOR COLLEGE,JUNIOR COLLEGE,UNIFORMED GROUPS,RED CROSS YOUTH,na
CATHOLIC JUNIOR COLLEGE,JUNIOR COLLEGE,PHYSICAL SPORTS,SAILING,na
CATHOLIC JUNIOR COLLEGE,JUNIOR COLLEGE,UNIFORMED GROUPS,SCOUTS,na
CATHOLIC JUNIOR COLLEGE,JUNIOR COLLEGE,PHYSICAL SPORTS,SHOOTING,na
CATHOLIC JUNIOR COLLEGE,JUNIOR COLLEGE,VISUAL AND PERFORMING ARTS,SINGAPORE NATIONAL YOUTH CHINESE ORCHESTRA,na
CATHOLIC JUNIOR COLLEGE,JUNIOR COLLEGE,VISUAL AND PERFORMING ARTS,SINGAPORE NATIONAL YOUTH ORCHESTRA,na
CATHOLIC JUNIOR COLLEGE,JUNIOR COLLEGE,CLUBS AND SOCIETIES,SINGAPORE YOUTH FLYING CLUB,na
CATHOLIC JUNIOR COLLEGE,JUNIOR COLLEGE,UNIFORMED GROUPS,ST JOHN BRIGADE,na
CATHOLIC JUNIOR COLLEGE,JUNIOR COLLEGE,CLUBS AND SOCIETIES,STRATEGY GAMES,na
CATHOLIC JUNIOR COLLEGE,JUNIOR COLLEGE,PHYSICAL SPORTS,SWIMMING,na
CATHOLIC JUNIOR COLLEGE,JUNIOR COLLEGE,PHYSICAL SPORTS,TAEKWONDO,na
CATHOLIC JUNIOR COLLEGE,JUNIOR COLLEGE,PHYSICAL SPORTS,TENNIS,na
CATHOLIC JUNIOR COLLEGE,JUNIOR COLLEGE,PHYSICAL SPORTS,TRACK AND FIELD,na
CATHOLIC JUNIOR COLLEGE,JUNIOR COLLEGE,PHYSICAL SPORTS,VOLLEYBALL,na
CATHOLIC JUNIOR COLLEGE,JUNIOR COLLEGE,PHYSICAL SPORTS,WUSHU,na
CEDAR GIRLS' SECONDARY SCHOOL,SECONDARY (S1-S4),CLUBS AND SOCIETIES,AUDIO VISUAL AID,AUDIO VISUAL & PHOTOGRAPHY CLUB
CEDAR GIRLS' SECONDARY SCHOOL,SECONDARY (S1-S4),PHYSICAL SPORTS,BADMINTON,na
CEDAR GIRLS' SECONDARY SCHOOL,SECONDARY (S1-S4),PHYSICAL SPORTS,BASKETBALL,na
CEDAR GIRLS' SECONDARY SCHOOL,SECONDARY (S1-S4),VISUAL AND PERFORMING ARTS,CHOIR,na
CEDAR GIRLS' SECONDARY SCHOOL,SECONDARY (S1-S4),VISUAL AND PERFORMING ARTS,CONCERT BAND,SYMPHONIC BAND
CEDAR GIRLS' SECONDARY SCHOOL,SECONDARY (S1-S4),CLUBS AND SOCIETIES,"ENGLISH LANGUAGE, DRAMA AND DEBATING",na
CEDAR GIRLS' SECONDARY SCHOOL,SECONDARY (S1-S4),CLUBS AND SOCIETIES,ENVIRONMENTAL SCIENCE,ENVIRONMENT CLUB
CEDAR GIRLS' SECONDARY SCHOOL,SECONDARY (S1-S4),UNIFORMED GROUPS,GIRL GUIDES,na
CEDAR GIRLS' SECONDARY SCHOOL,SECONDARY (S1-S4),VISUAL AND PERFORMING ARTS,GUZHENG ENSEMBLE,na
CEDAR GIRLS' SECONDARY SCHOOL,SECONDARY (S1-S4),VISUAL AND PERFORMING ARTS,HANDBELL ENSEMBLE,na
CEDAR GIRLS' SECONDARY SCHOOL,SECONDARY (S1-S4),CLUBS AND SOCIETIES,INFOCOMM TECHNOLOGY (COMPUTING),INFOCOMM CLUB
CEDAR GIRLS' SECONDARY SCHOOL,SECONDARY (S1-S4),CLUBS AND SOCIETIES,INTERNATIONAL AND GLOBAL STUDIES,YOUNG JOURNALIST CLUB
CEDAR GIRLS' SECONDARY SCHOOL,SECONDARY (S1-S4),VISUAL AND PERFORMING ARTS,MODERN DANCE,na
CEDAR GIRLS' SECONDARY SCHOOL,SECONDARY (S1-S4),UNIFORMED GROUPS,NATIONAL CADET CORPS (LAND),na
CEDAR GIRLS' SECONDARY SCHOOL,SECONDARY (S1-S4),UNIFORMED GROUPS,NATIONAL POLICE CADET CORPS,na
CEDAR GIRLS' SECONDARY SCHOOL,SECONDARY (S1-S4),PHYSICAL SPORTS,NETBALL,na
CEDAR GIRLS' SECONDARY SCHOOL,SECONDARY (S1-S4),UNIFORMED GROUPS,RED CROSS YOUTH,na
CEDAR GIRLS' SECONDARY SCHOOL,SECONDARY (S1-S4),PHYSICAL SPORTS,TABLE TENNIS,na
CEDAR GIRLS' SECONDARY SCHOOL,SECONDARY (S1-S4),PHYSICAL SPORTS,TRACK AND FIELD,na
CEDAR GIRLS' SECONDARY SCHOOL,SECONDARY (S1-S4),PHYSICAL SPORTS,VOLLEYBALL,na
CEDAR PRIMARY SCHOOL,PRIMARY,CLUBS AND SOCIETIES,ART AND CRAFTS,na
CEDAR PRIMARY SCHOOL,PRIMARY,UNIFORMED GROUPS,BOYS' BRIGADE,na
CEDAR PRIMARY SCHOOL,PRIMARY,VISUAL AND PERFORMING ARTS,BRASS BAND,na
CEDAR PRIMARY SCHOOL,PRIMARY,CLUBS AND SOCIETIES,COMMUNITY SERVICE,na
CEDAR PRIMARY SCHOOL,PRIMARY,CLUBS AND SOCIETIES,DESIGN AND INNOVATION,na
CEDAR PRIMARY SCHOOL,PRIMARY,CLUBS AND SOCIETIES,"ENGLISH LANGUAGE, DRAMA AND DEBATING",na
CEDAR PRIMARY SCHOOL,PRIMARY,PHYSICAL SPORTS,FOOTBALL,na
CEDAR PRIMARY SCHOOL,PRIMARY,UNIFORMED GROUPS,GIRLS' BRIGADE,na
CEDAR PRIMARY SCHOOL,PRIMARY,CLUBS AND SOCIETIES,INFOCOMM TECHNOLOGY (MEDIA PRODUCTION),na
CEDAR PRIMARY SCHOOL,PRIMARY,VISUAL AND PERFORMING ARTS,MODERN DANCE,na
CEDAR PRIMARY SCHOOL,PRIMARY,PHYSICAL SPORTS,MODULAR CCA (SPORTS),na
CEDAR PRIMARY SCHOOL,PRIMARY,PHYSICAL SPORTS,OUTDOOR ADVENTURE,na
CEDAR PRIMARY SCHOOL,PRIMARY,CLUBS AND SOCIETIES,ROBOTICS,na
CEDAR PRIMARY SCHOOL,PRIMARY,PHYSICAL SPORTS,SOFTBALL,na
CEDAR PRIMARY SCHOOL,PRIMARY,PHYSICAL SPORTS,TRACK AND FIELD,na
CHANGKAT CHANGI SECONDARY SCHOOL,SECONDARY (S1-S5),PHYSICAL SPORTS,BADMINTON,na
CHANGKAT CHANGI SECONDARY SCHOOL,SECONDARY (S1-S5),UNIFORMED GROUPS,BOYS' BRIGADE,THE BOYS' BRIGADE
CHANGKAT CHANGI SECONDARY SCHOOL,SECONDARY (S1-S5),VISUAL AND PERFORMING ARTS,CHINESE INSTRUMENTAL ENSEMBLE,na
CHANGKAT CHANGI SECONDARY SCHOOL,SECONDARY (S1-S5),VISUAL AND PERFORMING ARTS,CONCERT BAND,na
CHANGKAT CHANGI SECONDARY SCHOOL,SECONDARY (S1-S5),UNIFORMED GROUPS,GIRL GUIDES,na
CHANGKAT CHANGI SECONDARY SCHOOL,SECONDARY (S1-S5),CLUBS AND SOCIETIES,INFOCOMM TECHNOLOGY (MEDIA PRODUCTION),na
CHANGKAT CHANGI SECONDARY SCHOOL,SECONDARY (S1-S5),VISUAL AND PERFORMING ARTS,MALAY DANCE,na
CHANGKAT CHANGI SECONDARY SCHOOL,SECONDARY (S1-S5),VISUAL AND PERFORMING ARTS,MODERN DANCE,na
CHANGKAT CHANGI SECONDARY SCHOOL,SECONDARY (S1-S5),UNIFORMED GROUPS,NATIONAL CADET CORPS (AIR),NATIONAL CADET CORPS (AIR) BOYS
CHANGKAT CHANGI SECONDARY SCHOOL,SECONDARY (S1-S5),UNIFORMED GROUPS,NATIONAL CADET CORPS (SEA),NATIONAL CADET CORPS (AIR) GIRLS
CHANGKAT CHANGI SECONDARY SCHOOL,SECONDARY (S1-S5),PHYSICAL SPORTS,NETBALL,na
CHANGKAT CHANGI SECONDARY SCHOOL,SECONDARY (S1-S5),PHYSICAL SPORTS,SEPAKTAKRAW,na
CHANGKAT CHANGI SECONDARY SCHOOL,SECONDARY (S1-S5),CLUBS AND SOCIETIES,SINGAPORE YOUTH FLYING CLUB,na
CHANGKAT CHANGI SECONDARY SCHOOL,SECONDARY (S1-S5),OTHERS,STUDENT INITIATED ACTIVITIES (PHYSICAL SPORTS AND OUTDOORS),na
CHANGKAT CHANGI SECONDARY SCHOOL,SECONDARY (S1-S5),OTHERS,STUDENT LEADERSHIP (COUNCIL),na
CHANGKAT CHANGI SECONDARY SCHOOL,SECONDARY (S1-S5),PHYSICAL SPORTS,TRACK AND FIELD,na
CHANGKAT PRIMARY SCHOOL,PRIMARY,CLUBS AND SOCIETIES,ART AND CRAFTS,ART CLUB
CHANGKAT PRIMARY SCHOOL,PRIMARY,PHYSICAL SPORTS,BASKETBALL,na
CHANGKAT PRIMARY SCHOOL,PRIMARY,VISUAL AND PERFORMING ARTS,CHOIR,na
CHANGKAT PRIMARY SCHOOL,PRIMARY,CLUBS AND SOCIETIES,ENVIRONMENTAL SCIENCE,ECO CLUB
CHANGKAT PRIMARY SCHOOL,PRIMARY,PHYSICAL SPORTS,FLOORBALL,na
CHANGKAT PRIMARY SCHOOL,PRIMARY,VISUAL AND PERFORMING ARTS,GUITAR ENSEMBLE,na
CHANGKAT PRIMARY SCHOOL,PRIMARY,CLUBS AND SOCIETIES,INFOCOMM TECHNOLOGY (COMPUTING),TECH CLUB
CHANGKAT PRIMARY SCHOOL,PRIMARY,VISUAL AND PERFORMING ARTS,MODERN DANCE,na
CHANGKAT PRIMARY SCHOOL,PRIMARY,UNIFORMED GROUPS,SCOUTS,na
CHANGKAT PRIMARY SCHOOL,PRIMARY,VISUAL AND PERFORMING ARTS,SINGAPORE NATIONAL YOUTH ORCHESTRA,na
CHANGKAT PRIMARY SCHOOL,PRIMARY,OTHERS,STUDENT LEADERSHIP (PREFECT),na
CHANGKAT PRIMARY SCHOOL,PRIMARY,PHYSICAL SPORTS,TRACK AND FIELD,na
CHANGKAT PRIMARY SCHOOL,PRIMARY,PHYSICAL SPORTS,WUSHU,na
CHIJ (KATONG) PRIMARY,PRIMARY,CLUBS AND SOCIETIES,ART AND CRAFTS,ART CLUB
CHIJ (KATONG) PRIMARY,PRIMARY,PHYSICAL SPORTS,ARTISTIC GYMNASTICS,na
CHIJ (KATONG) PRIMARY,PRIMARY,PHYSICAL SPORTS,BADMINTON,na
CHIJ (KATONG) PRIMARY,PRIMARY,PHYSICAL SPORTS,BOWLING,na
CHIJ (KATONG) PRIMARY,PRIMARY,VISUAL AND PERFORMING ARTS,CHOIR,na
CHIJ (KATONG) PRIMARY,PRIMARY,PHYSICAL SPORTS,FOOTBALL,na
CHIJ (KATONG) PRIMARY,PRIMARY,UNIFORMED GROUPS,GIRL GUIDES (BROWNIES),na
CHIJ (KATONG) PRIMARY,PRIMARY,VISUAL AND PERFORMING ARTS,HANDBELL ENSEMBLE,na
CHIJ (KATONG) PRIMARY,PRIMARY,CLUBS AND SOCIETIES,INFOCOMM TECHNOLOGY (COMPUTING),INNOVATION CLUB
CHIJ (KATONG) PRIMARY,PRIMARY,VISUAL AND PERFORMING ARTS,MODERN DANCE,DANCE
CHIJ (KATONG) PRIMARY,PRIMARY,PHYSICAL SPORTS,MODULAR CCA (SPORTS),SPORTS CLUB
CHIJ (KATONG) PRIMARY,PRIMARY,PHYSICAL SPORTS,NETBALL,na
CHIJ (KATONG) PRIMARY,PRIMARY,CLUBS AND SOCIETIES,PHYSICAL SCIENCE,MATH / SCIENCE CLUB
CHIJ (KATONG) PRIMARY,PRIMARY,PHYSICAL SPORTS,SAILING,na
CHIJ (KATONG) PRIMARY,PRIMARY,CLUBS AND SOCIETIES,SPEECH AND DRAMA,DRAMA CLUB
CHIJ (KATONG) PRIMARY,PRIMARY,PHYSICAL SPORTS,TRACK AND FIELD,na
CHIJ (KELLOCK),PRIMARY,CLUBS AND SOCIETIES,ART AND CRAFTS,na
CHIJ (KELLOCK),PRIMARY,PHYSICAL SPORTS,ARTISTIC GYMNASTICS,RECREATIONAL RHYTHMIC GYM
CHIJ (KELLOCK),PRIMARY,PHYSICAL SPORTS,BADMINTON,na
CHIJ (KELLOCK),PRIMARY,CLUBS AND SOCIETIES,CERAMICS,POTTERY
CHIJ (KELLOCK),PRIMARY,VISUAL AND PERFORMING ARTS,CHOIR,na
CHIJ (KELLOCK),PRIMARY,CLUBS AND SOCIETIES,ENVIRONMENTAL SCIENCE,K-GREENERS
CHIJ (KELLOCK),PRIMARY,UNIFORMED GROUPS,GIRL GUIDES (BROWNIES),BROWNIES
CHIJ (KELLOCK),PRIMARY,PHYSICAL SPORTS,HEALTH AND FITNESS,NETBALL RECREATIONAL
CHIJ (KELLOCK),PRIMARY,CLUBS AND SOCIETIES,HOME ECONOMICS,SEWING CLUB
CHIJ (KELLOCK),PRIMARY,CLUBS AND SOCIETIES,INFOCOMM TECHNOLOGY (COMPUTING),ROBOTICS & MEDIA CLUB
CHIJ (KELLOCK),PRIMARY,CLUBS AND SOCIETIES,INFOCOMM TECHNOLOGY (MEDIA PRODUCTION),MBP
CHIJ (KELLOCK),PRIMARY,PHYSICAL SPORTS,MODULAR CCA (SPORTS),NETBALL TRAINING DEVELOPMENT P3 & P4
CHIJ (KELLOCK),PRIMARY,PHYSICAL SPORTS,NETBALL,NETBALL
CHIJ (KELLOCK),PRIMARY,PHYSICAL SPORTS,RHYTHMIC GYMNASTICS,na
CHIJ (KELLOCK),PRIMARY,CLUBS AND SOCIETIES,ROBOTICS,na
CHIJ (KELLOCK),PRIMARY,CLUBS AND SOCIETIES,STRATEGY GAMES,BOARD GAMES
CHIJ (KELLOCK),PRIMARY,VISUAL AND PERFORMING ARTS,STRING ENSEMBLE,na
CHIJ (KELLOCK),PRIMARY,VISUAL AND PERFORMING ARTS,TAP DANCE,na
CHIJ KATONG CONVENT,SECONDARY (S1-S5),PHYSICAL SPORTS,BADMINTON,na
CHIJ KATONG CONVENT,SECONDARY (S1-S5),PHYSICAL SPORTS,BOWLING,na
CHIJ KATONG CONVENT,SECONDARY (S1-S5),VISUAL AND PERFORMING ARTS,CHINESE DRAMA,na
CHIJ KATONG CONVENT,SECONDARY (S1-S5),VISUAL AND PERFORMING ARTS,CHINESE ORCHESTRA,na
CHIJ KATONG CONVENT,SECONDARY (S1-S5),VISUAL AND PERFORMING ARTS,CHOIR,na
CHIJ KATONG CONVENT,SECONDARY (S1-S5),VISUAL AND PERFORMING ARTS,CONCERT BAND,na
CHIJ KATONG CONVENT,SECONDARY (S1-S5),CLUBS AND SOCIETIES,DEBATING AND PUBLIC SPEAKING,na
CHIJ KATONG CONVENT,SECONDARY (S1-S5),VISUAL AND PERFORMING ARTS,ENGLISH DRAMA,na
CHIJ KATONG CONVENT,SECONDARY (S1-S5),CLUBS AND SOCIETIES,ENTREPRENEURSHIP,na
CHIJ KATONG CONVENT,SECONDARY (S1-S5),PHYSICAL SPORTS,FLOORBALL,na
CHIJ KATONG CONVENT,SECONDARY (S1-S5),UNIFORMED GROUPS,GIRL GUIDES,na
CHIJ KATONG CONVENT,SECONDARY (S1-S5),CLUBS AND SOCIETIES,HERITAGE,INFANT JESUS YOUTH MISSION
CHIJ KATONG CONVENT,SECONDARY (S1-S5),CLUBS AND SOCIETIES,INFOCOMM TECHNOLOGY (MEDIA PRODUCTION),MEDIA COMMUNCATIONS CLUB
CHIJ KATONG CONVENT,SECONDARY (S1-S5),VISUAL AND PERFORMING ARTS,MODERN DANCE,na
CHIJ KATONG CONVENT,SECONDARY (S1-S5),CLUBS AND SOCIETIES,MODULAR CCA (C&S),CABIN CLUB
CHIJ KATONG CONVENT,SECONDARY (S1-S5),PHYSICAL SPORTS,MODULAR CCA (SPORTS),SPORTS CLUB
CHIJ KATONG CONVENT,SECONDARY (S1-S5),UNIFORMED GROUPS,NATIONAL CIVIL DEFENCE CADET CORPS,na
CHIJ KATONG CONVENT,SECONDARY (S1-S5),PHYSICAL SPORTS,NETBALL,na
CHIJ KATONG CONVENT,SECONDARY (S1-S5),PHYSICAL SPORTS,SP-CCA (CANOEING),na
CHIJ KATONG CONVENT,SECONDARY (S1-S5),PHYSICAL SPORTS,TRACK AND FIELD,na
CHIJ OUR LADY OF GOOD COUNSEL,PRIMARY,CLUBS AND SOCIETIES,ART AND CRAFTS,na
CHIJ OUR LADY OF GOOD COUNSEL,PRIMARY,PHYSICAL SPORTS,BADMINTON,na
CHIJ OUR LADY OF GOOD COUNSEL,PRIMARY,PHYSICAL SPORTS,BOWLING,na
CHIJ OUR LADY OF GOOD COUNSEL,PRIMARY,VISUAL AND PERFORMING ARTS,CHOIR,na
CHIJ OUR LADY OF GOOD COUNSEL,PRIMARY,VISUAL AND PERFORMING ARTS,ENGLISH DRAMA,na
CHIJ OUR LADY OF GOOD COUNSEL,PRIMARY,UNIFORMED GROUPS,GIRL GUIDES (BROWNIES),na
CHIJ OUR LADY OF GOOD COUNSEL,PRIMARY,CLUBS AND SOCIETIES,INFOCOMM TECHNOLOGY (MEDIA PRODUCTION),na
CHIJ OUR LADY OF GOOD COUNSEL,PRIMARY,VISUAL AND PERFORMING ARTS,MODERN DANCE,na
CHIJ OUR LADY OF GOOD COUNSEL,PRIMARY,PHYSICAL SPORTS,NETBALL,na
CHIJ OUR LADY OF GOOD COUNSEL,PRIMARY,PHYSICAL SPORTS,RHYTHMIC GYMNASTICS,na
CHIJ OUR LADY OF GOOD COUNSEL,PRIMARY,CLUBS AND SOCIETIES,ROBOTICS,na
CHIJ OUR LADY OF THE NATIVITY,PRIMARY,CLUBS AND SOCIETIES,ART AND CRAFTS,CREATIVE CREW
CHIJ OUR LADY OF THE NATIVITY,PRIMARY,PHYSICAL SPORTS,BOWLING,na
CHIJ OUR LADY OF THE NATIVITY,PRIMARY,VISUAL AND PERFORMING ARTS,BRASS BAND,na
CHIJ OUR LADY OF THE NATIVITY,PRIMARY,VISUAL AND PERFORMING ARTS,CHOIR,na
CHIJ OUR LADY OF THE NATIVITY,PRIMARY,PHYSICAL SPORTS,FLOORBALL,na
CHIJ OUR LADY OF THE NATIVITY,PRIMARY,UNIFORMED GROUPS,GIRL GUIDES (BROWNIES),na
CHIJ OUR LADY OF THE NATIVITY,PRIMARY,CLUBS AND SOCIETIES,INFOCOMM TECHNOLOGY (MEDIA PRODUCTION),na
CHIJ OUR LADY OF THE NATIVITY,PRIMARY,VISUAL AND PERFORMING ARTS,MODERN DANCE,DANCE INC
CHIJ OUR LADY OF THE NATIVITY,PRIMARY,PHYSICAL SPORTS,NETBALL,na
CHIJ OUR LADY OF THE NATIVITY,PRIMARY,OTHERS,STUDENT LEADERSHIP (PREFECT),na
CHIJ OUR LADY OF THE NATIVITY,PRIMARY,PHYSICAL SPORTS,TABLE TENNIS,na
CHIJ OUR LADY QUEEN OF PEACE,PRIMARY,CLUBS AND SOCIETIES,ART AND CRAFTS,na
CHIJ OUR LADY QUEEN OF PEACE,PRIMARY,VISUAL AND PERFORMING ARTS,CHINESE DANCE,Fusion Dance
CHIJ OUR LADY QUEEN OF PEACE,PRIMARY,VISUAL AND PERFORMING ARTS,CHOIR,na
CHIJ OUR LADY QUEEN OF PEACE,PRIMARY,CLUBS AND SOCIETIES,COMMUNITY SERVICE,LITTLE LIGHTS
CHIJ OUR LADY QUEEN OF PEACE,PRIMARY,VISUAL AND PERFORMING ARTS,ENGLISH DRAMA,na
CHIJ OUR LADY QUEEN OF PEACE,PRIMARY,UNIFORMED GROUPS,GIRL GUIDES (BROWNIES),na
CHIJ OUR LADY QUEEN OF PEACE,PRIMARY,VISUAL AND PERFORMING ARTS,GUITAR ENSEMBLE,na
CHIJ OUR LADY QUEEN OF PEACE,PRIMARY,VISUAL AND PERFORMING ARTS,MODERN DANCE,Tap Dance
CHIJ OUR LADY QUEEN OF PEACE,PRIMARY,PHYSICAL SPORTS,NETBALL,na
CHIJ OUR LADY QUEEN OF PEACE,PRIMARY,CLUBS AND SOCIETIES,PHYSICAL SCIENCE,Environmental Science Club
CHIJ OUR LADY QUEEN OF PEACE,PRIMARY,CLUBS AND SOCIETIES,PUBLICATION,Media & Infocomm Club
CHIJ OUR LADY QUEEN OF PEACE,PRIMARY,PHYSICAL SPORTS,RHYTHMIC GYMNASTICS,na
CHIJ OUR LADY QUEEN OF PEACE,PRIMARY,PHYSICAL SPORTS,SOFTBALL,na
CHIJ PRIMARY (TOA PAYOH),PRIMARY,CLUBS AND SOCIETIES,ART AND CRAFTS,ART CLUB
CHIJ PRIMARY (TOA PAYOH),PRIMARY,PHYSICAL SPORTS,ARTISTIC GYMNASTICS,na
CHIJ PRIMARY (TOA PAYOH),PRIMARY,PHYSICAL SPORTS,ARTISTIC SWIMMING,na
CHIJ PRIMARY (TOA PAYOH),PRIMARY,PHYSICAL SPORTS,BADMINTON,na
CHIJ PRIMARY (TOA PAYOH),PRIMARY,PHYSICAL SPORTS,BASKETBALL,na
CHIJ PRIMARY (TOA PAYOH),PRIMARY,PHYSICAL SPORTS,BOWLING,na
CHIJ PRIMARY (TOA PAYOH),PRIMARY,VISUAL AND PERFORMING ARTS,CHOIR,na
CHIJ PRIMARY (TOA PAYOH),PRIMARY,VISUAL AND PERFORMING ARTS,CULTURAL DANCE,CULTURE DANCE
CHIJ PRIMARY (TOA PAYOH),PRIMARY,CLUBS AND SOCIETIES,DIGITAL MEDIA,TECH & MEDIA CLUB
CHIJ PRIMARY (TOA PAYOH),PRIMARY,VISUAL AND PERFORMING ARTS,ENGLISH DRAMA,THEATRE ACADEMY
CHIJ PRIMARY (TOA PAYOH),PRIMARY,CLUBS AND SOCIETIES,ENVIRONMENTAL SCIENCE,GREEN PIXEL CLUB
CHIJ PRIMARY (TOA PAYOH),PRIMARY,UNIFORMED GROUPS,GIRL GUIDES (BROWNIES),na
CHIJ PRIMARY (TOA PAYOH),PRIMARY,VISUAL AND PERFORMING ARTS,HANDBELL ENSEMBLE,na
CHIJ PRIMARY (TOA PAYOH),PRIMARY,PHYSICAL SPORTS,HEALTH AND FITNESS,DIVING
CHIJ PRIMARY (TOA PAYOH),PRIMARY,CLUBS AND SOCIETIES,INTERNATIONAL CHESS,na
CHIJ PRIMARY (TOA PAYOH),PRIMARY,VISUAL AND PERFORMING ARTS,MODERN DANCE,na
CHIJ PRIMARY (TOA PAYOH),PRIMARY,PHYSICAL SPORTS,NETBALL,na
CHIJ PRIMARY (TOA PAYOH),PRIMARY,PHYSICAL SPORTS,RHYTHMIC GYMNASTICS,na
CHIJ PRIMARY (TOA PAYOH),PRIMARY,PHYSICAL SPORTS,SWIMMING,na
CHIJ PRIMARY (TOA PAYOH),PRIMARY,PHYSICAL SPORTS,TENNIS,na
CHIJ PRIMARY (TOA PAYOH),PRIMARY,PHYSICAL SPORTS,TRACK AND FIELD,na
CHIJ PRIMARY (TOA PAYOH),PRIMARY,PHYSICAL SPORTS,WUSHU,na
CHIJ SECONDARY (TOA PAYOH),SECONDARY (S1-S5),CLUBS AND SOCIETIES,ART AND CRAFTS,ARTS ALIVE!
CHIJ SECONDARY (TOA PAYOH),SECONDARY (S1-S5),PHYSICAL SPORTS,ARTISTIC GYMNASTICS,na
CHIJ SECONDARY (TOA PAYOH),SECONDARY (S1-S5),PHYSICAL SPORTS,BADMINTON,na
CHIJ SECONDARY (TOA PAYOH),SECONDARY (S1-S5),PHYSICAL SPORTS,BASKETBALL,na
CHIJ SECONDARY (TOA PAYOH),SECONDARY (S1-S5),PHYSICAL SPORTS,BOWLING,na
CHIJ SECONDARY (TOA PAYOH),SECONDARY (S1-S5),CLUBS AND SOCIETIES,CHINESE CULTURE AND LANGUAGE,CHINESE CULTURAL SOCIETY
CHIJ SECONDARY (TOA PAYOH),SECONDARY (S1-S5),VISUAL AND PERFORMING ARTS,CHOIR,na
CHIJ SECONDARY (TOA PAYOH),SECONDARY (S1-S5),CLUBS AND SOCIETIES,COMMUNITY SERVICE,IJ YOUTH MISSION
CHIJ SECONDARY (TOA PAYOH),SECONDARY (S1-S5),VISUAL AND PERFORMING ARTS,CONCERT BAND,na
CHIJ SECONDARY (TOA PAYOH),SECONDARY (S1-S5),CLUBS AND SOCIETIES,DEBATING AND PUBLIC SPEAKING,DEBATING AND ORATORY SOCIETY
CHIJ SECONDARY (TOA PAYOH),SECONDARY (S1-S5),VISUAL AND PERFORMING ARTS,ENGLISH DRAMA,IJ Theatre
CHIJ SECONDARY (TOA PAYOH),SECONDARY (S1-S5),CLUBS AND SOCIETIES,ENVIRONMENTAL SCIENCE,IGROW@IJ
CHIJ SECONDARY (TOA PAYOH),SECONDARY (S1-S5),CLUBS AND SOCIETIES,FAITH-BASED CCA,LEGION OF MARY
CHIJ SECONDARY (TOA PAYOH),SECONDARY (S1-S5),UNIFORMED GROUPS,GIRL GUIDES,na
CHIJ SECONDARY (TOA PAYOH),SECONDARY (S1-S5),PHYSICAL SPORTS,GOLF,na
CHIJ SECONDARY (TOA PAYOH),SECONDARY (S1-S5),VISUAL AND PERFORMING ARTS,GUITAR ENSEMBLE,na
CHIJ SECONDARY (TOA PAYOH),SECONDARY (S1-S5),CLUBS AND SOCIETIES,INFOCOMM TECHNOLOGY (MEDIA PRODUCTION),IJ MEDIA CLUB
CHIJ SECONDARY (TOA PAYOH),SECONDARY (S1-S5),CLUBS AND SOCIETIES,INTERNATIONAL CHESS,na
CHIJ SECONDARY (TOA PAYOH),SECONDARY (S1-S5),VISUAL AND PERFORMING ARTS,MODERN DANCE,IJ DANCE ENSEMBLE
CHIJ SECONDARY (TOA PAYOH),SECONDARY (S1-S5),UNIFORMED GROUPS,NATIONAL CADET CORPS (SEA),na
CHIJ SECONDARY (TOA PAYOH),SECONDARY (S1-S5),PHYSICAL SPORTS,NETBALL,na
CHIJ SECONDARY (TOA PAYOH),SECONDARY (S1-S5),UNIFORMED GROUPS,RED CROSS YOUTH,na
CHIJ SECONDARY (TOA PAYOH),SECONDARY (S1-S5),PHYSICAL SPORTS,RHYTHMIC GYMNASTICS,na
CHIJ SECONDARY (TOA PAYOH),SECONDARY (S1-S5),CLUBS AND SOCIETIES,ROBOTICS,AUTOMATION AND ROBOTICS CLUB
CHIJ SECONDARY (TOA PAYOH),SECONDARY (S1-S5),PHYSICAL SPORTS,SAILING,na
CHIJ SECONDARY (TOA PAYOH),SECONDARY (S1-S5),PHYSICAL SPORTS,SHOOTING,na
CHIJ SECONDARY (TOA PAYOH),SECONDARY (S1-S5),VISUAL AND PERFORMING ARTS,SINGAPORE NATIONAL YOUTH ORCHESTRA,na
CHIJ SECONDARY (TOA PAYOH),SECONDARY (S1-S5),PHYSICAL SPORTS,TENNIS,na
CHIJ SECONDARY (TOA PAYOH),SECONDARY (S1-S5),PHYSICAL SPORTS,TRACK AND FIELD,na
CHIJ ST. JOSEPH'S CONVENT,SECONDARY (S1-S5),VISUAL AND PERFORMING ARTS,ANGKLUNG/KULINTANG ENSEMBLE,na
CHIJ ST. JOSEPH'S CONVENT,SECONDARY (S1-S5),PHYSICAL SPORTS,BADMINTON,na
CHIJ ST. JOSEPH'S CONVENT,SECONDARY (S1-S5),VISUAL AND PERFORMING ARTS,CHOIR,na
CHIJ ST. JOSEPH'S CONVENT,SECONDARY (S1-S5),CLUBS AND SOCIETIES,COMMUNITY SERVICE,IJ YOUTH MISSION
CHIJ ST. JOSEPH'S CONVENT,SECONDARY (S1-S5),VISUAL AND PERFORMING ARTS,CONCERT BAND,na
CHIJ ST. JOSEPH'S CONVENT,SECONDARY (S1-S5),CLUBS AND SOCIETIES,DEBATING AND PUBLIC SPEAKING,THE VOX COLLECTIVE
CHIJ ST. JOSEPH'S CONVENT,SECONDARY (S1-S5),CLUBS AND SOCIETIES,FOOD AND CONSUMER EDUCATION,CULINARY ARTS
CHIJ ST. JOSEPH'S CONVENT,SECONDARY (S1-S5),UNIFORMED GROUPS,GIRL GUIDES,na
CHIJ ST. JOSEPH'S CONVENT,SECONDARY (S1-S5),VISUAL AND PERFORMING ARTS,GUITAR ENSEMBLE,na
CHIJ ST. JOSEPH'S CONVENT,SECONDARY (S1-S5),VISUAL AND PERFORMING ARTS,HANDBELL ENSEMBLE,na
CHIJ ST. JOSEPH'S CONVENT,SECONDARY (S1-S5),CLUBS AND SOCIETIES,INFOCOMM TECHNOLOGY (MEDIA PRODUCTION),PIXEL PLAYHOUSE
CHIJ ST. JOSEPH'S CONVENT,SECONDARY (S1-S5),VISUAL AND PERFORMING ARTS,MODERN DANCE,na
CHIJ ST. JOSEPH'S CONVENT,SECONDARY (S1-S5),PHYSICAL SPORTS,MODULAR CCA (SPORTS),SPORTS CLUB
CHIJ ST. JOSEPH'S CONVENT,SECONDARY (S1-S5),UNIFORMED GROUPS,NATIONAL POLICE CADET CORPS,na
CHIJ ST. JOSEPH'S CONVENT,SECONDARY (S1-S5),PHYSICAL SPORTS,NETBALL,na
CHIJ ST. JOSEPH'S CONVENT,SECONDARY (S1-S5),PHYSICAL SPORTS,SHOOTING,na
CHIJ ST. JOSEPH'S CONVENT,SECONDARY (S1-S5),PHYSICAL SPORTS,SP-CCA (ATHLETICS),na
CHIJ ST. JOSEPH'S CONVENT,SECONDARY (S1-S5),PHYSICAL SPORTS,SP-CCA (CANOEING),na
CHIJ ST. JOSEPH'S CONVENT,SECONDARY (S1-S5),PHYSICAL SPORTS,SP-CCA (HOCKEY),na
CHIJ ST. JOSEPH'S CONVENT,SECONDARY (S1-S5),PHYSICAL SPORTS,SP-CCA (WATER POLO),na
CHIJ ST. JOSEPH'S CONVENT,SECONDARY (S1-S5),CLUBS AND SOCIETIES,SPEECH AND DRAMA,CENTRE STAGE
CHIJ ST. JOSEPH'S CONVENT,SECONDARY (S1-S5),UNIFORMED GROUPS,ST JOHN BRIGADE,na
CHIJ ST. JOSEPH'S CONVENT,SECONDARY (S1-S5),PHYSICAL SPORTS,TABLE TENNIS,na
CHIJ ST. JOSEPH'S CONVENT,SECONDARY (S1-S5),PHYSICAL SPORTS,VOLLEYBALL,na
CHIJ ST. NICHOLAS GIRLS' SCHOOL,MIXED LEVEL (P1-S4),CLUBS AND SOCIETIES,ART AND CRAFTS,na
CHIJ ST. NICHOLAS GIRLS' SCHOOL,MIXED LEVEL (P1-S4),PHYSICAL SPORTS,ARTISTIC GYMNASTICS,na
CHIJ ST. NICHOLAS GIRLS' SCHOOL,MIXED LEVEL (P1-S4),CLUBS AND SOCIETIES,AUDIO VISUAL AID,MEDIA CLUB
CHIJ ST. NICHOLAS GIRLS' SCHOOL,MIXED LEVEL (P1-S4),PHYSICAL SPORTS,BADMINTON,na
CHIJ ST. NICHOLAS GIRLS' SCHOOL,MIXED LEVEL (P1-S4),CLUBS AND SOCIETIES,CHINESE CULTURE AND LANGUAGE,CHINESE CULTURAL SOCIETY
CHIJ ST. NICHOLAS GIRLS' SCHOOL,MIXED LEVEL (P1-S4),VISUAL AND PERFORMING ARTS,CHINESE DANCE,DANCE SOCIETY
CHIJ ST. NICHOLAS GIRLS' SCHOOL,MIXED LEVEL (P1-S4),VISUAL AND PERFORMING ARTS,CHINESE DRAMA,CHINESE DRAMA SOCIETY
CHIJ ST. NICHOLAS GIRLS' SCHOOL,MIXED LEVEL (P1-S4),VISUAL AND PERFORMING ARTS,CHINESE ORCHESTRA,na
CHIJ ST. NICHOLAS GIRLS' SCHOOL,MIXED LEVEL (P1-S4),VISUAL AND PERFORMING ARTS,CHOIR,na
CHIJ ST. NICHOLAS GIRLS' SCHOOL,MIXED LEVEL (P1-S4),CLUBS AND SOCIETIES,COMMUNITY SERVICE,IJ YOUTH MISSION
CHIJ ST. NICHOLAS GIRLS' SCHOOL,MIXED LEVEL (P1-S4),VISUAL AND PERFORMING ARTS,CONCERT BAND,SYMPHONIC BAND
CHIJ ST. NICHOLAS GIRLS' SCHOOL,MIXED LEVEL (P1-S4),CLUBS AND SOCIETIES,DEBATING AND PUBLIC SPEAKING,DEBATE SOCIETY
CHIJ ST. NICHOLAS GIRLS' SCHOOL,MIXED LEVEL (P1-S4),CLUBS AND SOCIETIES,DESIGN AND INNOVATION,MAKERS CLUB
CHIJ ST. NICHOLAS GIRLS' SCHOOL,MIXED LEVEL (P1-S4),VISUAL AND PERFORMING ARTS,ENGLISH DRAMA,LITERARY DRAMA SOCIETY
CHIJ ST. NICHOLAS GIRLS' SCHOOL,MIXED LEVEL (P1-S4),CLUBS AND SOCIETIES,ENVIRONMENTAL SCIENCE,GREEN CLUB
CHIJ ST. NICHOLAS GIRLS' SCHOOL,MIXED LEVEL (P1-S4),UNIFORMED GROUPS,GIRL GUIDES,na
CHIJ ST. NICHOLAS GIRLS' SCHOOL,MIXED LEVEL (P1-S4),UNIFORMED GROUPS,GIRL GUIDES (BROWNIES),na
CHIJ ST. NICHOLAS GIRLS' SCHOOL,MIXED LEVEL (P1-S4),VISUAL AND PERFORMING ARTS,GUZHENG ENSEMBLE,na
CHIJ ST. NICHOLAS GIRLS' SCHOOL,MIXED LEVEL (P1-S4),PHYSICAL SPORTS,HOCKEY,na
CHIJ ST. NICHOLAS GIRLS' SCHOOL,MIXED LEVEL (P1-S4),CLUBS AND SOCIETIES,INFOCOMM TECHNOLOGY (COMPUTING),INFOCOMM CLUB
CHIJ ST. NICHOLAS GIRLS' SCHOOL,MIXED LEVEL (P1-S4),CLUBS AND SOCIETIES,MEDIA RESOURCE LIBRARY,LIBRARY SOCIETY
CHIJ ST. NICHOLAS GIRLS' SCHOOL,MIXED LEVEL (P1-S4),UNIFORMED GROUPS,NATIONAL POLICE CADET CORPS,na
CHIJ ST. NICHOLAS GIRLS' SCHOOL,MIXED LEVEL (P1-S4),PHYSICAL SPORTS,NETBALL,na
CHIJ ST. NICHOLAS GIRLS' SCHOOL,MIXED LEVEL (P1-S4),CLUBS AND SOCIETIES,PUBLICATION,na
CHIJ ST. NICHOLAS GIRLS' SCHOOL,MIXED LEVEL (P1-S4),PHYSICAL SPORTS,RHYTHMIC GYMNASTICS,na
CHIJ ST. NICHOLAS GIRLS' SCHOOL,MIXED LEVEL (P1-S4),VISUAL AND PERFORMING ARTS,SINGAPORE NATIONAL YOUTH CHINESE ORCHESTRA,na
CHIJ ST. NICHOLAS GIRLS' SCHOOL,MIXED LEVEL (P1-S4),VISUAL AND PERFORMING ARTS,SINGAPORE NATIONAL YOUTH ORCHESTRA,na
CHIJ ST. NICHOLAS GIRLS' SCHOOL,MIXED LEVEL (P1-S4),UNIFORMED GROUPS,ST JOHN BRIGADE,na
CHIJ ST. NICHOLAS GIRLS' SCHOOL,MIXED LEVEL (P1-S4),VISUAL AND PERFORMING ARTS,STRING ENSEMBLE,STRING ORCHESTRA
CHIJ ST. NICHOLAS GIRLS' SCHOOL,MIXED LEVEL (P1-S4),PHYSICAL SPORTS,TABLE TENNIS,na
CHIJ ST. NICHOLAS GIRLS' SCHOOL,MIXED LEVEL (P1-S4),PHYSICAL SPORTS,TRACK AND FIELD,na
CHIJ ST. NICHOLAS GIRLS' SCHOOL,MIXED LEVEL (P1-S4),PHYSICAL SPORTS,TRAMPOLINE,na
CHIJ ST. THERESA'S CONVENT,SECONDARY (S1-S5),VISUAL AND PERFORMING ARTS,ANGKLUNG/KULINTANG ENSEMBLE,na
CHIJ ST. THERESA'S CONVENT,SECONDARY (S1-S5),PHYSICAL SPORTS,BOWLING,na
CHIJ ST. THERESA'S CONVENT,SECONDARY (S1-S5),VISUAL AND PERFORMING ARTS,CHOIR,na
CHIJ ST. THERESA'S CONVENT,SECONDARY (S1-S5),CLUBS AND SOCIETIES,COMMUNITY SERVICE,na
CHIJ ST. THERESA'S CONVENT,SECONDARY (S1-S5),VISUAL AND PERFORMING ARTS,CONCERT BAND,na
CHIJ ST. THERESA'S CONVENT,SECONDARY (S1-S5),CLUBS AND SOCIETIES,DEBATING AND PUBLIC SPEAKING,na
CHIJ ST. THERESA'S CONVENT,SECONDARY (S1-S5),VISUAL AND PERFORMING ARTS,ENGLISH DRAMA,na
CHIJ ST. THERESA'S CONVENT,SECONDARY (S1-S5),CLUBS AND SOCIETIES,ENTREPRENEURSHIP,na
CHIJ ST. THERESA'S CONVENT,SECONDARY (S1-S5),PHYSICAL SPORTS,FENCING,na
CHIJ ST. THERESA'S CONVENT,SECONDARY (S1-S5),PHYSICAL SPORTS,FLOORBALL,na
CHIJ ST. THERESA'S CONVENT,SECONDARY (S1-S5),UNIFORMED GROUPS,GIRL GUIDES,na
CHIJ ST. THERESA'S CONVENT,SECONDARY (S1-S5),PHYSICAL SPORTS,GOLF,na
CHIJ ST. THERESA'S CONVENT,SECONDARY (S1-S5),VISUAL AND PERFORMING ARTS,GUITAR ENSEMBLE,na
CHIJ ST. THERESA'S CONVENT,SECONDARY (S1-S5),PHYSICAL SPORTS,HOCKEY,na
CHIJ ST. THERESA'S CONVENT,SECONDARY (S1-S5),CLUBS AND SOCIETIES,INFOCOMM TECHNOLOGY (MEDIA PRODUCTION),na
CHIJ ST. THERESA'S CONVENT,SECONDARY (S1-S5),VISUAL AND PERFORMING ARTS,MODERN DANCE,na
CHIJ ST. THERESA'S CONVENT,SECONDARY (S1-S5),UNIFORMED GROUPS,NATIONAL POLICE CADET CORPS,na
CHIJ ST. THERESA'S CONVENT,SECONDARY (S1-S5),PHYSICAL SPORTS,NETBALL,na
CHIJ ST. THERESA'S CONVENT,SECONDARY (S1-S5),CLUBS AND SOCIETIES,PROJECT CABIN,na
CHIJ ST. THERESA'S CONVENT,SECONDARY (S1-S5),PHYSICAL SPORTS,ROCKWALL CLIMBING,na
CHIJ ST. THERESA'S CONVENT,SECONDARY (S1-S5),PHYSICAL SPORTS,SOFTBALL,na
CHIJ ST. THERESA'S CONVENT,SECONDARY (S1-S5),PHYSICAL SPORTS,SP-CCA (WATER POLO),na
CHIJ ST. THERESA'S CONVENT,SECONDARY (S1-S5),PHYSICAL SPORTS,TENNIS,na
CHIJ ST. THERESA'S CONVENT,SECONDARY (S1-S5),PHYSICAL SPORTS,TRACK AND FIELD,na
CHONGFU SCHOOL,PRIMARY,CLUBS AND SOCIETIES,ART AND CRAFTS,na
CHONGFU SCHOOL,PRIMARY,CLUBS AND SOCIETIES,CHINESE CULTURE AND LANGUAGE,na
CHONGFU SCHOOL,PRIMARY,VISUAL AND PERFORMING ARTS,CHINESE DRUMS,na
CHONGFU SCHOOL,PRIMARY,VISUAL AND PERFORMING ARTS,CHINESE ORCHESTRA,na
CHONGFU SCHOOL,PRIMARY,CLUBS AND SOCIETIES,ENGLISH CULTURE AND LANGUAGE,na
CHONGFU SCHOOL,PRIMARY,CLUBS AND SOCIETIES,ENVIRONMENTAL SCIENCE,na
CHONGFU SCHOOL,PRIMARY,PHYSICAL SPORTS,FLOORBALL,na
CHONGFU SCHOOL,PRIMARY,PHYSICAL SPORTS,FOOTBALL,na
CHONGFU SCHOOL,PRIMARY,UNIFORMED GROUPS,GIRL GUIDES (BROWNIES),na
CHONGFU SCHOOL,PRIMARY,VISUAL AND PERFORMING ARTS,GUZHENG ENSEMBLE,na
CHONGFU SCHOOL,PRIMARY,PHYSICAL SPORTS,HEALTH AND FITNESS,na
CHONGFU SCHOOL,PRIMARY,CLUBS AND SOCIETIES,INFOCOMM TECHNOLOGY (COMPUTING),na
CHONGFU SCHOOL,PRIMARY,VISUAL AND PERFORMING ARTS,MALAY DANCE,na
CHONGFU SCHOOL,PRIMARY,VISUAL AND PERFORMING ARTS,MODERN DANCE,na
CHONGFU SCHOOL,PRIMARY,UNIFORMED GROUPS,RED CROSS YOUTH,na
CHONGFU SCHOOL,PRIMARY,UNIFORMED GROUPS,SCOUTS,na
CHONGFU SCHOOL,PRIMARY,PHYSICAL SPORTS,TABLE TENNIS,na
CHONGFU SCHOOL,PRIMARY,PHYSICAL SPORTS,TRACK AND FIELD,na
CHONGFU SCHOOL,PRIMARY,PHYSICAL SPORTS,WUSHU,na
CHONGZHENG PRIMARY SCHOOL,PRIMARY,CLUBS AND SOCIETIES,ART AND CRAFTS,na
CHONGZHENG PRIMARY SCHOOL,PRIMARY,VISUAL AND PERFORMING ARTS,CHOIR,na
CHONGZHENG PRIMARY SCHOOL,PRIMARY,CLUBS AND SOCIETIES,DESIGN AND INNOVATION,na
CHONGZHENG PRIMARY SCHOOL,PRIMARY,CLUBS AND SOCIETIES,DIGITAL MEDIA,na
CHONGZHENG PRIMARY SCHOOL,PRIMARY,CLUBS AND SOCIETIES,ENVIRONMENTAL SCIENCE,na
CHONGZHENG PRIMARY SCHOOL,PRIMARY,UNIFORMED GROUPS,GIRL GUIDES (BROWNIES),na
CHONGZHENG PRIMARY SCHOOL,PRIMARY,PHYSICAL SPORTS,HOCKEY,na
CHONGZHENG PRIMARY SCHOOL,PRIMARY,VISUAL AND PERFORMING ARTS,MALAY DANCE,na
CHONGZHENG PRIMARY SCHOOL,PRIMARY,VISUAL AND PERFORMING ARTS,MODERN DANCE,na
CHONGZHENG PRIMARY SCHOOL,PRIMARY,PHYSICAL SPORTS,MODULAR CCA (SPORTS),na
CHONGZHENG PRIMARY SCHOOL,PRIMARY,PHYSICAL SPORTS,RUGBY,na
CHONGZHENG PRIMARY SCHOOL,PRIMARY,UNIFORMED GROUPS,SCOUTS,na
CHONGZHENG PRIMARY SCHOOL,PRIMARY,CLUBS AND SOCIETIES,SPEECH AND DRAMA,na
CHONGZHENG PRIMARY SCHOOL,PRIMARY,PHYSICAL SPORTS,WUSHU,na
CHRIST CHURCH SECONDARY SCHOOL,SECONDARY (S1-S5),PHYSICAL SPORTS,BADMINTON,na
CHRIST CHURCH SECONDARY SCHOOL,SECONDARY (S1-S5),PHYSICAL SPORTS,BASKETBALL,na
CHRIST CHURCH SECONDARY SCHOOL,SECONDARY (S1-S5),UNIFORMED GROUPS,BOYS' BRIGADE,THE BOYS' BRIGADE
CHRIST CHURCH SECONDARY SCHOOL,SECONDARY (S1-S5),VISUAL AND PERFORMING ARTS,CHINESE ORCHESTRA,na
CHRIST CHURCH SECONDARY SCHOOL,SECONDARY (S1-S5),VISUAL AND PERFORMING ARTS,CHOIR,na
CHRIST CHURCH SECONDARY SCHOOL,SECONDARY (S1-S5),VISUAL AND PERFORMING ARTS,CONCERT BAND,na
CHRIST CHURCH SECONDARY SCHOOL,SECONDARY (S1-S5),VISUAL AND PERFORMING ARTS,ENGLISH DRAMA,na
CHRIST CHURCH SECONDARY SCHOOL,SECONDARY (S1-S5),CLUBS AND SOCIETIES,FAITH-BASED CCA,CHRISTIAN FELLOWSHIP
CHRIST CHURCH SECONDARY SCHOOL,SECONDARY (S1-S5),PHYSICAL SPORTS,FOOTBALL,na
CHRIST CHURCH SECONDARY SCHOOL,SECONDARY (S1-S5),UNIFORMED GROUPS,GIRLS' BRIGADE,THE GIRLS' BRIGADE
CHRIST CHURCH SECONDARY SCHOOL,SECONDARY (S1-S5),CLUBS AND SOCIETIES,INFOCOMM TECHNOLOGY (MEDIA PRODUCTION),INFOCOMM CLUB
CHRIST CHURCH SECONDARY SCHOOL,SECONDARY (S1-S5),VISUAL AND PERFORMING ARTS,MODERN DANCE,na
CHRIST CHURCH SECONDARY SCHOOL,SECONDARY (S1-S5),UNIFORMED GROUPS,NATIONAL CADET CORPS (LAND),na
CHRIST CHURCH SECONDARY SCHOOL,SECONDARY (S1-S5),UNIFORMED GROUPS,NATIONAL CIVIL DEFENCE CADET CORPS,na
CHRIST CHURCH SECONDARY SCHOOL,SECONDARY (S1-S5),UNIFORMED GROUPS,NATIONAL POLICE CADET CORPS,na
CHRIST CHURCH SECONDARY SCHOOL,SECONDARY (S1-S5),PHYSICAL SPORTS,NETBALL,na
CHRIST CHURCH SECONDARY SCHOOL,SECONDARY (S1-S5),PHYSICAL SPORTS,OUTDOOR ADVENTURE,na
CHRIST CHURCH SECONDARY SCHOOL,SECONDARY (S1-S5),PHYSICAL SPORTS,SP-CCA (WATER POLO),na
CHRIST CHURCH SECONDARY SCHOOL,SECONDARY (S1-S5),PHYSICAL SPORTS,WUSHU,na
CHUA CHU KANG PRIMARY SCHOOL,PRIMARY,CLUBS AND SOCIETIES,ART AND CRAFTS,na
CHUA CHU KANG PRIMARY SCHOOL,PRIMARY,PHYSICAL SPORTS,BADMINTON,na
CHUA CHU KANG PRIMARY SCHOOL,PRIMARY,PHYSICAL SPORTS,BASKETBALL,na
CHUA CHU KANG PRIMARY SCHOOL,PRIMARY,VISUAL AND PERFORMING ARTS,CHINESE DANCE,na
CHUA CHU KANG PRIMARY SCHOOL,PRIMARY,VISUAL AND PERFORMING ARTS,CHOIR,na
CHUA CHU KANG PRIMARY SCHOOL,PRIMARY,VISUAL AND PERFORMING ARTS,ENGLISH DRAMA,na
CHUA CHU KANG PRIMARY SCHOOL,PRIMARY,CLUBS AND SOCIETIES,ENVIRONMENTAL SCIENCE,na
CHUA CHU KANG PRIMARY SCHOOL,PRIMARY,PHYSICAL SPORTS,FLOORBALL,na
CHUA CHU KANG PRIMARY SCHOOL,PRIMARY,PHYSICAL SPORTS,FOOTBALL,na
CHUA CHU KANG PRIMARY SCHOOL,PRIMARY,VISUAL AND PERFORMING ARTS,MALAY DANCE,na
CHUA CHU KANG PRIMARY SCHOOL,PRIMARY,VISUAL AND PERFORMING ARTS,MODERN DANCE,na
CHUA CHU KANG PRIMARY SCHOOL,PRIMARY,VISUAL AND PERFORMING ARTS,PERCUSSION ENSEMBLE,na
CHUA CHU KANG PRIMARY SCHOOL,PRIMARY,CLUBS AND SOCIETIES,ROBOTICS,na
CHUA CHU KANG PRIMARY SCHOOL,PRIMARY,UNIFORMED GROUPS,SCOUTS,na
CHUA CHU KANG SECONDARY SCHOOL,SECONDARY (S1-S5),CLUBS AND SOCIETIES,ART AND CRAFTS,na
CHUA CHU KANG SECONDARY SCHOOL,SECONDARY (S1-S5),PHYSICAL SPORTS,BADMINTON,na
CHUA CHU KANG SECONDARY SCHOOL,SECONDARY (S1-S5),PHYSICAL SPORTS,BASKETBALL,na
CHUA CHU KANG SECONDARY SCHOOL,SECONDARY (S1-S5),UNIFORMED GROUPS,BOYS' BRIGADE,na
CHUA CHU KANG SECONDARY SCHOOL,SECONDARY (S1-S5),VISUAL AND PERFORMING ARTS,CONCERT BAND,na
CHUA CHU KANG SECONDARY SCHOOL,SECONDARY (S1-S5),VISUAL AND PERFORMING ARTS,ENGLISH DRAMA,na
CHUA CHU KANG SECONDARY SCHOOL,SECONDARY (S1-S5),CLUBS AND SOCIETIES,ENVIRONMENTAL SCIENCE,na
CHUA CHU KANG SECONDARY SCHOOL,SECONDARY (S1-S5),PHYSICAL SPORTS,FLOORBALL,na
CHUA CHU KANG SECONDARY SCHOOL,SECONDARY (S1-S5),PHYSICAL SPORTS,FOOTBALL,na
CHUA CHU KANG SECONDARY SCHOOL,SECONDARY (S1-S5),UNIFORMED GROUPS,GIRL GUIDES,na
CHUA CHU KANG SECONDARY SCHOOL,SECONDARY (S1-S5),VISUAL AND PERFORMING ARTS,GUITAR ENSEMBLE,na
CHUA CHU KANG SECONDARY SCHOOL,SECONDARY (S1-S5),PHYSICAL SPORTS,HOCKEY,na
CHUA CHU KANG SECONDARY SCHOOL,SECONDARY (S1-S5),CLUBS AND SOCIETIES,INFOCOMM TECHNOLOGY (MEDIA PRODUCTION),na
CHUA CHU KANG SECONDARY SCHOOL,SECONDARY (S1-S5),VISUAL AND PERFORMING ARTS,MODERN DANCE,na
CHUA CHU KANG SECONDARY SCHOOL,SECONDARY (S1-S5),UNIFORMED GROUPS,NATIONAL CADET CORPS (LAND),na
CHUA CHU KANG SECONDARY SCHOOL,SECONDARY (S1-S5),UNIFORMED GROUPS,NATIONAL CADET CORPS (SEA),na
CHUA CHU KANG SECONDARY SCHOOL,SECONDARY (S1-S5),UNIFORMED GROUPS,NATIONAL POLICE CADET CORPS,na
CHUA CHU KANG SECONDARY SCHOOL,SECONDARY (S1-S5),PHYSICAL SPORTS,NETBALL,na
CHUA CHU KANG SECONDARY SCHOOL,SECONDARY (S1-S5),CLUBS AND SOCIETIES,ROBOTICS,na
CHUA CHU KANG SECONDARY SCHOOL,SECONDARY (S1-S5),UNIFORMED GROUPS,SCOUTS,na
CHUA CHU KANG SECONDARY SCHOOL,SECONDARY (S1-S5),CLUBS AND SOCIETIES,SINGAPORE YOUTH FLYING CLUB,na
CHUA CHU KANG SECONDARY SCHOOL,SECONDARY (S1-S5),PHYSICAL SPORTS,SP-CCA (ATHLETICS),na
CHUA CHU KANG SECONDARY SCHOOL,SECONDARY (S1-S5),PHYSICAL SPORTS,SP-CCA (CANOEING),na
CHUA CHU KANG SECONDARY SCHOOL,SECONDARY (S1-S5),PHYSICAL SPORTS,SP-CCA (WATER POLO),na
CHUA CHU KANG SECONDARY SCHOOL,SECONDARY (S1-S5),PHYSICAL SPORTS,SWIMMING,na
CHUA CHU KANG SECONDARY SCHOOL,SECONDARY (S1-S5),PHYSICAL SPORTS,TAEKWONDO,na
CHUA CHU KANG SECONDARY SCHOOL,SECONDARY (S1-S5),PHYSICAL SPORTS,TCHOUKBALL,na
CHUA CHU KANG SECONDARY SCHOOL,SECONDARY (S1-S5),PHYSICAL SPORTS,WUSHU,na
CHUNG CHENG HIGH SCHOOL (MAIN),SECONDARY (S1-S4),CLUBS AND SOCIETIES,ART AND CRAFTS,na
CHUNG CHENG HIGH SCHOOL (MAIN),SECONDARY (S1-S4),PHYSICAL SPORTS,BADMINTON,na
CHUNG CHENG HIGH SCHOOL (MAIN),SECONDARY (S1-S4),PHYSICAL SPORTS,BASKETBALL,na
CHUNG CHENG HIGH SCHOOL (MAIN),SECONDARY (S1-S4),CLUBS AND SOCIETIES,CHINESE CALLIGRAPHY AND BRUSH PAINTING,na
CHUNG CHENG HIGH SCHOOL (MAIN),SECONDARY (S1-S4),CLUBS AND SOCIETIES,CHINESE CHESS,na
CHUNG CHENG HIGH SCHOOL (MAIN),SECONDARY (S1-S4),VISUAL AND PERFORMING ARTS,CHINESE DRAMA,na
CHUNG CHENG HIGH SCHOOL (MAIN),SECONDARY (S1-S4),VISUAL AND PERFORMING ARTS,CHINESE ORCHESTRA,na
CHUNG CHENG HIGH SCHOOL (MAIN),SECONDARY (S1-S4),VISUAL AND PERFORMING ARTS,CHOIR,na
CHUNG CHENG HIGH SCHOOL (MAIN),SECONDARY (S1-S4),VISUAL AND PERFORMING ARTS,CONCERT BAND,na
CHUNG CHENG HIGH SCHOOL (MAIN),SECONDARY (S1-S4),CLUBS AND SOCIETIES,DIGITAL MEDIA,na
CHUNG CHENG HIGH SCHOOL (MAIN),SECONDARY (S1-S4),VISUAL AND PERFORMING ARTS,ENGLISH DRAMA,na
CHUNG CHENG HIGH SCHOOL (MAIN),SECONDARY (S1-S4),UNIFORMED GROUPS,GIRL GUIDES,na
CHUNG CHENG HIGH SCHOOL (MAIN),SECONDARY (S1-S4),CLUBS AND SOCIETIES,LION AND DRAGON DANCE,na
CHUNG CHENG HIGH SCHOOL (MAIN),SECONDARY (S1-S4),VISUAL AND PERFORMING ARTS,MODERN DANCE,na
CHUNG CHENG HIGH SCHOOL (MAIN),SECONDARY (S1-S4),UNIFORMED GROUPS,NATIONAL CADET CORPS (LAND),na
CHUNG CHENG HIGH SCHOOL (MAIN),SECONDARY (S1-S4),UNIFORMED GROUPS,NATIONAL POLICE CADET CORPS,na
CHUNG CHENG HIGH SCHOOL (MAIN),SECONDARY (S1-S4),PHYSICAL SPORTS,NETBALL,na
CHUNG CHENG HIGH SCHOOL (MAIN),SECONDARY (S1-S4),UNIFORMED GROUPS,SCOUTS,na
CHUNG CHENG HIGH SCHOOL (MAIN),SECONDARY (S1-S4),VISUAL AND PERFORMING ARTS,SINGAPORE NATIONAL YOUTH CHINESE ORCHESTRA,na
CHUNG CHENG HIGH SCHOOL (MAIN),SECONDARY (S1-S4),VISUAL AND PERFORMING ARTS,SINGAPORE NATIONAL YOUTH ORCHESTRA,na
CHUNG CHENG HIGH SCHOOL (MAIN),SECONDARY (S1-S4),CLUBS AND SOCIETIES,SINGAPORE YOUTH FLYING CLUB,na
CHUNG CHENG HIGH SCHOOL (MAIN),SECONDARY (S1-S4),PHYSICAL SPORTS,SP-CCA (ATHLETICS),na
CHUNG CHENG HIGH SCHOOL (MAIN),SECONDARY (S1-S4),UNIFORMED GROUPS,ST JOHN BRIGADE,na
CHUNG CHENG HIGH SCHOOL (MAIN),SECONDARY (S1-S4),OTHERS,STUDENT LEADERSHIP (COUNCIL),na
CHUNG CHENG HIGH SCHOOL (MAIN),SECONDARY (S1-S4),OTHERS,STUDENT LEADERSHIP (PEER SUPPORT),na
CHUNG CHENG HIGH SCHOOL (MAIN),SECONDARY (S1-S4),PHYSICAL SPORTS,TABLE TENNIS,na
CHUNG CHENG HIGH SCHOOL (MAIN),SECONDARY (S1-S4),PHYSICAL SPORTS,TAEKWONDO,na
CHUNG CHENG HIGH SCHOOL (MAIN),SECONDARY (S1-S4),PHYSICAL SPORTS,VOLLEYBALL,na
CHUNG CHENG HIGH SCHOOL (MAIN),SECONDARY (S1-S4),PHYSICAL SPORTS,WATER POLO,na
CHUNG CHENG HIGH SCHOOL (MAIN),SECONDARY (S1-S4),PHYSICAL SPORTS,WUSHU,na
CHUNG CHENG HIGH SCHOOL (YISHUN),SECONDARY (S1-S5),CLUBS AND SOCIETIES,AUDIO VISUAL AID,MULTIMEDIA CLUB
CHUNG CHENG HIGH SCHOOL (YISHUN),SECONDARY (S1-S5),PHYSICAL SPORTS,BASKETBALL,na
CHUNG CHENG HIGH SCHOOL (YISHUN),SECONDARY (S1-S5),VISUAL AND PERFORMING ARTS,CHINESE DANCE,na
CHUNG CHENG HIGH SCHOOL (YISHUN),SECONDARY (S1-S5),VISUAL AND PERFORMING ARTS,CHINESE DRAMA,na
CHUNG CHENG HIGH SCHOOL (YISHUN),SECONDARY (S1-S5),VISUAL AND PERFORMING ARTS,CHINESE DRUMS,FESTIVAL DRUMS
CHUNG CHENG HIGH SCHOOL (YISHUN),SECONDARY (S1-S5),VISUAL AND PERFORMING ARTS,CHINESE ORCHESTRA,na
CHUNG CHENG HIGH SCHOOL (YISHUN),SECONDARY (S1-S5),VISUAL AND PERFORMING ARTS,CHOIR,na
CHUNG CHENG HIGH SCHOOL (YISHUN),SECONDARY (S1-S5),VISUAL AND PERFORMING ARTS,CONCERT BAND,SYMPHONIC BAND
CHUNG CHENG HIGH SCHOOL (YISHUN),SECONDARY (S1-S5),CLUBS AND SOCIETIES,ENTREPRENEURSHIP,ENTREPRENEUR CLUB
CHUNG CHENG HIGH SCHOOL (YISHUN),SECONDARY (S1-S5),CLUBS AND SOCIETIES,ENVIRONMENTAL SCIENCE,GREEN CLUB
CHUNG CHENG HIGH SCHOOL (YISHUN),SECONDARY (S1-S5),PHYSICAL SPORTS,FENCING,na
CHUNG CHENG HIGH SCHOOL (YISHUN),SECONDARY (S1-S5),PHYSICAL SPORTS,FOOTBALL,na
CHUNG CHENG HIGH SCHOOL (YISHUN),SECONDARY (S1-S5),VISUAL AND PERFORMING ARTS,GUZHENG ENSEMBLE,na
CHUNG CHENG HIGH SCHOOL (YISHUN),SECONDARY (S1-S5),CLUBS AND SOCIETIES,INFOCOMM TECHNOLOGY (COMPUTING),INFOCOMM & ROBOTICS CLUB
CHUNG CHENG HIGH SCHOOL (YISHUN),SECONDARY (S1-S5),CLUBS AND SOCIETIES,JOURNALISM,JOURNALISM CLUB
CHUNG CHENG HIGH SCHOOL (YISHUN),SECONDARY (S1-S5),VISUAL AND PERFORMING ARTS,MODERN DANCE,DANCE ENSEMBLE
CHUNG CHENG HIGH SCHOOL (YISHUN),SECONDARY (S1-S5),PHYSICAL SPORTS,MODULAR CCA (SPORTS),na
CHUNG CHENG HIGH SCHOOL (YISHUN),SECONDARY (S1-S5),UNIFORMED GROUPS,NATIONAL CADET CORPS (AIR),na
CHUNG CHENG HIGH SCHOOL (YISHUN),SECONDARY (S1-S5),UNIFORMED GROUPS,NATIONAL POLICE CADET CORPS,na
CHUNG CHENG HIGH SCHOOL (YISHUN),SECONDARY (S1-S5),PHYSICAL SPORTS,OUTDOOR ADVENTURE,ODAC
CHUNG CHENG HIGH SCHOOL (YISHUN),SECONDARY (S1-S5),UNIFORMED GROUPS,SCOUTS,na
CHUNG CHENG HIGH SCHOOL (YISHUN),SECONDARY (S1-S5),VISUAL AND PERFORMING ARTS,SINGAPORE NATIONAL YOUTH ORCHESTRA,na
CHUNG CHENG HIGH SCHOOL (YISHUN),SECONDARY (S1-S5),UNIFORMED GROUPS,ST JOHN BRIGADE,na
CHUNG CHENG HIGH SCHOOL (YISHUN),SECONDARY (S1-S5),PHYSICAL SPORTS,VOLLEYBALL,na
CHUNG CHENG HIGH SCHOOL (YISHUN),SECONDARY (S1-S5),PHYSICAL SPORTS,WATER POLO,na
CHUNG CHENG HIGH SCHOOL (YISHUN),SECONDARY (S1-S5),PHYSICAL SPORTS,WUSHU,na
CLEMENTI PRIMARY SCHOOL,PRIMARY,CLUBS AND SOCIETIES,ART AND CRAFTS,na
CLEMENTI PRIMARY SCHOOL,PRIMARY,PHYSICAL SPORTS,BADMINTON,na
CLEMENTI PRIMARY SCHOOL,PRIMARY,PHYSICAL SPORTS,BASKETBALL,na
CLEMENTI PRIMARY SCHOOL,PRIMARY,VISUAL AND PERFORMING ARTS,BRASS BAND,na
CLEMENTI PRIMARY SCHOOL,PRIMARY,VISUAL AND PERFORMING ARTS,CHINESE DANCE,na
CLEMENTI PRIMARY SCHOOL,PRIMARY,VISUAL AND PERFORMING ARTS,CHOIR,na
CLEMENTI PRIMARY SCHOOL,PRIMARY,CLUBS AND SOCIETIES,"ENGLISH LANGUAGE, DRAMA AND DEBATING",na
CLEMENTI PRIMARY SCHOOL,PRIMARY,CLUBS AND SOCIETIES,ENVIRONMENTAL SCIENCE,na
CLEMENTI PRIMARY SCHOOL,PRIMARY,PHYSICAL SPORTS,FLOORBALL,na
CLEMENTI PRIMARY SCHOOL,PRIMARY,PHYSICAL SPORTS,FOOTBALL,na
CLEMENTI PRIMARY SCHOOL,PRIMARY,UNIFORMED GROUPS,GIRL GUIDES (BROWNIES),na
CLEMENTI PRIMARY SCHOOL,PRIMARY,CLUBS AND SOCIETIES,INFOCOMM TECHNOLOGY (MEDIA PRODUCTION),na
CLEMENTI PRIMARY SCHOOL,PRIMARY,CLUBS AND SOCIETIES,INTERNATIONAL CHESS,na
CLEMENTI PRIMARY SCHOOL,PRIMARY,VISUAL AND PERFORMING ARTS,MALAY DANCE,na
CLEMENTI PRIMARY SCHOOL,PRIMARY,VISUAL AND PERFORMING ARTS,MODERN DANCE,na
CLEMENTI PRIMARY SCHOOL,PRIMARY,CLUBS AND SOCIETIES,NATIONAL EDUCATION,na
CLEMENTI PRIMARY SCHOOL,PRIMARY,CLUBS AND SOCIETIES,ROBOTICS,na
CLEMENTI PRIMARY SCHOOL,PRIMARY,PHYSICAL SPORTS,ROPE SKIPPING,na
CLEMENTI PRIMARY SCHOOL,PRIMARY,OTHERS,STUDENT LEADERSHIP (PEER SUPPORT),na
CLEMENTI PRIMARY SCHOOL,PRIMARY,OTHERS,STUDENT LEADERSHIP (PREFECT),na
CLEMENTI PRIMARY SCHOOL,PRIMARY,PHYSICAL SPORTS,TAEKWONDO,na
CLEMENTI TOWN SECONDARY SCHOOL,SECONDARY (S1-S5),CLUBS AND SOCIETIES,ART AND CRAFTS,na
CLEMENTI TOWN SECONDARY SCHOOL,SECONDARY (S1-S5),PHYSICAL SPORTS,BADMINTON,na
CLEMENTI TOWN SECONDARY SCHOOL,SECONDARY (S1-S5),PHYSICAL SPORTS,BASKETBALL,na
CLEMENTI TOWN SECONDARY SCHOOL,SECONDARY (S1-S5),VISUAL AND PERFORMING ARTS,CHINESE DANCE,na
CLEMENTI TOWN SECONDARY SCHOOL,SECONDARY (S1-S5),VISUAL AND PERFORMING ARTS,CONCERT BAND,na
CLEMENTI TOWN SECONDARY SCHOOL,SECONDARY (S1-S5),VISUAL AND PERFORMING ARTS,ENGLISH DRAMA,na
CLEMENTI TOWN SECONDARY SCHOOL,SECONDARY (S1-S5),PHYSICAL SPORTS,FOOTBALL,na
CLEMENTI TOWN SECONDARY SCHOOL,SECONDARY (S1-S5),UNIFORMED GROUPS,GIRL GUIDES,na
CLEMENTI TOWN SECONDARY SCHOOL,SECONDARY (S1-S5),VISUAL AND PERFORMING ARTS,GUZHENG ENSEMBLE,na
CLEMENTI TOWN SECONDARY SCHOOL,SECONDARY (S1-S5),VISUAL AND PERFORMING ARTS,INDIAN DANCE,na
CLEMENTI TOWN SECONDARY SCHOOL,SECONDARY (S1-S5),CLUBS AND SOCIETIES,INFOCOMM TECHNOLOGY (MEDIA PRODUCTION),INFOCOMM TECHNOLOGY
CLEMENTI TOWN SECONDARY SCHOOL,SECONDARY (S1-S5),VISUAL AND PERFORMING ARTS,MALAY DANCE,na
CLEMENTI TOWN SECONDARY SCHOOL,SECONDARY (S1-S5),VISUAL AND PERFORMING ARTS,MODERN DANCE,na
CLEMENTI TOWN SECONDARY SCHOOL,SECONDARY (S1-S5),UNIFORMED GROUPS,NATIONAL CADET CORPS (LAND),na
CLEMENTI TOWN SECONDARY SCHOOL,SECONDARY (S1-S5),UNIFORMED GROUPS,NATIONAL CIVIL DEFENCE CADET CORPS,na
CLEMENTI TOWN SECONDARY SCHOOL,SECONDARY (S1-S5),UNIFORMED GROUPS,NATIONAL POLICE CADET CORPS,na
CLEMENTI TOWN SECONDARY SCHOOL,SECONDARY (S1-S5),PHYSICAL SPORTS,NETBALL,na
CLEMENTI TOWN SECONDARY SCHOOL,SECONDARY (S1-S5),PHYSICAL SPORTS,OUTDOOR ADVENTURE,na
CLEMENTI TOWN SECONDARY SCHOOL,SECONDARY (S1-S5),UNIFORMED GROUPS,SCOUTS,na
CLEMENTI TOWN SECONDARY SCHOOL,SECONDARY (S1-S5),VISUAL AND PERFORMING ARTS,SINGAPORE NATIONAL YOUTH ORCHESTRA,na
CLEMENTI TOWN SECONDARY SCHOOL,SECONDARY (S1-S5),CLUBS AND SOCIETIES,SINGAPORE YOUTH FLYING CLUB,na
CLEMENTI TOWN SECONDARY SCHOOL,SECONDARY (S1-S5),PHYSICAL SPORTS,SP-CCA (ATHLETICS),na
CLEMENTI TOWN SECONDARY SCHOOL,SECONDARY (S1-S5),OTHERS,STUDENT LEADERSHIP (COUNCIL),na
CLEMENTI TOWN SECONDARY SCHOOL,SECONDARY (S1-S5),PHYSICAL SPORTS,VOLLEYBALL,na
CLEMENTI TOWN SECONDARY SCHOOL,SECONDARY (S1-S5),PHYSICAL SPORTS,WUSHU,na
COMMONWEALTH SECONDARY SCHOOL,SECONDARY (S1-S5),PHYSICAL SPORTS,BADMINTON,na
COMMONWEALTH SECONDARY SCHOOL,SECONDARY (S1-S5),PHYSICAL SPORTS,BASKETBALL,na
COMMONWEALTH SECONDARY SCHOOL,SECONDARY (S1-S5),CLUBS AND SOCIETIES,BROADCASTING,CWSS LIVE!
COMMONWEALTH SECONDARY SCHOOL,SECONDARY (S1-S5),VISUAL AND PERFORMING ARTS,CHOIR,na
COMMONWEALTH SECONDARY SCHOOL,SECONDARY (S1-S5),VISUAL AND PERFORMING ARTS,CONCERT BAND,na
COMMONWEALTH SECONDARY SCHOOL,SECONDARY (S1-S5),PHYSICAL SPORTS,CROSS COUNTRY,na
COMMONWEALTH SECONDARY SCHOOL,SECONDARY (S1-S5),PHYSICAL SPORTS,DRAGON BOAT,na
COMMONWEALTH SECONDARY SCHOOL,SECONDARY (S1-S5),VISUAL AND PERFORMING ARTS,ENGLISH DRAMA,na
COMMONWEALTH SECONDARY SCHOOL,SECONDARY (S1-S5),CLUBS AND SOCIETIES,ENVIRONMENTAL SCIENCE,ECO CLUB
COMMONWEALTH SECONDARY SCHOOL,SECONDARY (S1-S5),PHYSICAL SPORTS,FOOTBALL,na
COMMONWEALTH SECONDARY SCHOOL,SECONDARY (S1-S5),UNIFORMED GROUPS,GIRL GUIDES,na
COMMONWEALTH SECONDARY SCHOOL,SECONDARY (S1-S5),VISUAL AND PERFORMING ARTS,INDIAN DANCE,na
COMMONWEALTH SECONDARY SCHOOL,SECONDARY (S1-S5),CLUBS AND SOCIETIES,INFOCOMM TECHNOLOGY (MEDIA PRODUCTION),NEW MEDIA CLUB
COMMONWEALTH SECONDARY SCHOOL,SECONDARY (S1-S5),VISUAL AND PERFORMING ARTS,MODERN DANCE,INTERNATIONAL DANCE
COMMONWEALTH SECONDARY SCHOOL,SECONDARY (S1-S5),UNIFORMED GROUPS,NATIONAL CADET CORPS (LAND),na
COMMONWEALTH SECONDARY SCHOOL,SECONDARY (S1-S5),UNIFORMED GROUPS,NATIONAL POLICE CADET CORPS,na
COMMONWEALTH SECONDARY SCHOOL,SECONDARY (S1-S5),PHYSICAL SPORTS,NETBALL,na
COMMONWEALTH SECONDARY SCHOOL,SECONDARY (S1-S5),VISUAL AND PERFORMING ARTS,PERCUSSION ENSEMBLE,na
COMMONWEALTH SECONDARY SCHOOL,SECONDARY (S1-S5),UNIFORMED GROUPS,RED CROSS YOUTH,na
COMMONWEALTH SECONDARY SCHOOL,SECONDARY (S1-S5),CLUBS AND SOCIETIES,ROBOTICS,BITS & ATOM
COMPASSVALE PRIMARY SCHOOL,PRIMARY,CLUBS AND SOCIETIES,ART AND CRAFTS,na
COMPASSVALE PRIMARY SCHOOL,PRIMARY,PHYSICAL SPORTS,BASKETBALL,na
COMPASSVALE PRIMARY SCHOOL,PRIMARY,VISUAL AND PERFORMING ARTS,BRASS BAND,na
COMPASSVALE PRIMARY SCHOOL,PRIMARY,VISUAL AND PERFORMING ARTS,CHINESE DANCE,na
COMPASSVALE PRIMARY SCHOOL,PRIMARY,CLUBS AND SOCIETIES,"ENGLISH LANGUAGE, DRAMA AND DEBATING",na
COMPASSVALE PRIMARY SCHOOL,PRIMARY,PHYSICAL SPORTS,FOOTBALL,na
COMPASSVALE PRIMARY SCHOOL,PRIMARY,VISUAL AND PERFORMING ARTS,HARMONICA ENSEMBLE,na
COMPASSVALE PRIMARY SCHOOL,PRIMARY,VISUAL AND PERFORMING ARTS,INDIAN DANCE,na
COMPASSVALE PRIMARY SCHOOL,PRIMARY,VISUAL AND PERFORMING ARTS,MALAY DANCE,na
COMPASSVALE PRIMARY SCHOOL,PRIMARY,PHYSICAL SPORTS,NETBALL,na
COMPASSVALE PRIMARY SCHOOL,PRIMARY,CLUBS AND SOCIETIES,PHYSICAL SCIENCE,na
COMPASSVALE PRIMARY SCHOOL,PRIMARY,UNIFORMED GROUPS,RED CROSS YOUTH,na
COMPASSVALE PRIMARY SCHOOL,PRIMARY,CLUBS AND SOCIETIES,ROBOTICS,na
COMPASSVALE PRIMARY SCHOOL,PRIMARY,PHYSICAL SPORTS,TRACK AND FIELD,na
COMPASSVALE PRIMARY SCHOOL,PRIMARY,PHYSICAL SPORTS,WUSHU,na
COMPASSVALE SECONDARY SCHOOL,SECONDARY (S1-S5),CLUBS AND SOCIETIES,AERO-MODELLING,na
COMPASSVALE SECONDARY SCHOOL,SECONDARY (S1-S5),CLUBS AND SOCIETIES,ART AND CRAFTS,na
COMPASSVALE SECONDARY SCHOOL,SECONDARY (S1-S5),CLUBS AND SOCIETIES,AUDIO VISUAL AID,na
COMPASSVALE SECONDARY SCHOOL,SECONDARY (S1-S5),PHYSICAL SPORTS,BADMINTON,na
COMPASSVALE SECONDARY SCHOOL,SECONDARY (S1-S5),PHYSICAL SPORTS,BASKETBALL,na
COMPASSVALE SECONDARY SCHOOL,SECONDARY (S1-S5),UNIFORMED GROUPS,BOYS' BRIGADE,na
COMPASSVALE SECONDARY SCHOOL,SECONDARY (S1-S5),CLUBS AND SOCIETIES,CHINESE CULTURE AND LANGUAGE,na
COMPASSVALE SECONDARY SCHOOL,SECONDARY (S1-S5),VISUAL AND PERFORMING ARTS,CHOIR,na
COMPASSVALE SECONDARY SCHOOL,SECONDARY (S1-S5),CLUBS AND SOCIETIES,COMMUNITY SERVICE,na
COMPASSVALE SECONDARY SCHOOL,SECONDARY (S1-S5),VISUAL AND PERFORMING ARTS,CONCERT BAND,CVSS Wind Symphony Band
COMPASSVALE SECONDARY SCHOOL,SECONDARY (S1-S5),CLUBS AND SOCIETIES,DESIGN AND INNOVATION,na
COMPASSVALE SECONDARY SCHOOL,SECONDARY (S1-S5),CLUBS AND SOCIETIES,ENGLISH CULTURE AND LANGUAGE,na
COMPASSVALE SECONDARY SCHOOL,SECONDARY (S1-S5),VISUAL AND PERFORMING ARTS,ENGLISH DRAMA,na
COMPASSVALE SECONDARY SCHOOL,SECONDARY (S1-S5),CLUBS AND SOCIETIES,ENVIRONMENTAL SCIENCE,ECo.  Environment and Community Club
COMPASSVALE SECONDARY SCHOOL,SECONDARY (S1-S5),PHYSICAL SPORTS,FLOORBALL,na
COMPASSVALE SECONDARY SCHOOL,SECONDARY (S1-S5),UNIFORMED GROUPS,GIRL GUIDES,na
COMPASSVALE SECONDARY SCHOOL,SECONDARY (S1-S5),PHYSICAL SPORTS,HEALTH AND FITNESS,na
COMPASSVALE SECONDARY SCHOOL,SECONDARY (S1-S5),CLUBS AND SOCIETIES,HOME ECONOMICS,na
COMPASSVALE SECONDARY SCHOOL,SECONDARY (S1-S5),CLUBS AND SOCIETIES,INFOCOMM TECHNOLOGY (MEDIA PRODUCTION),na
COMPASSVALE SECONDARY SCHOOL,SECONDARY (S1-S5),CLUBS AND SOCIETIES,MATHEMATICS,na
COMPASSVALE SECONDARY SCHOOL,SECONDARY (S1-S5),CLUBS AND SOCIETIES,MEDIA RESOURCE LIBRARY,School Library Club
COMPASSVALE SECONDARY SCHOOL,SECONDARY (S1-S5),VISUAL AND PERFORMING ARTS,MODERN DANCE,na
COMPASSVALE SECONDARY SCHOOL,SECONDARY (S1-S5),CLUBS AND SOCIETIES,MODULAR CCA (C&S),na
COMPASSVALE SECONDARY SCHOOL,SECONDARY (S1-S5),UNIFORMED GROUPS,NATIONAL CADET CORPS (AIR),na
COMPASSVALE SECONDARY SCHOOL,SECONDARY (S1-S5),CLUBS AND SOCIETIES,NATIONAL EDUCATION,na
COMPASSVALE SECONDARY SCHOOL,SECONDARY (S1-S5),UNIFORMED GROUPS,NATIONAL POLICE CADET CORPS,na
COMPASSVALE SECONDARY SCHOOL,SECONDARY (S1-S5),PHYSICAL SPORTS,NETBALL,na
COMPASSVALE SECONDARY SCHOOL,SECONDARY (S1-S5),CLUBS AND SOCIETIES,PHYSICAL SCIENCE,na
COMPASSVALE SECONDARY SCHOOL,SECONDARY (S1-S5),UNIFORMED GROUPS,RED CROSS YOUTH,na
COMPASSVALE SECONDARY SCHOOL,SECONDARY (S1-S5),CLUBS AND SOCIETIES,ROBOTICS,na
COMPASSVALE SECONDARY SCHOOL,SECONDARY (S1-S5),PHYSICAL SPORTS,SOFTBALL,na
CONCORD PRIMARY SCHOOL,PRIMARY,CLUBS AND SOCIETIES,ART AND CRAFTS,na
CONCORD PRIMARY SCHOOL,PRIMARY,PHYSICAL SPORTS,BASKETBALL,na
CONCORD PRIMARY SCHOOL,PRIMARY,VISUAL AND PERFORMING ARTS,BRASS BAND,na
CONCORD PRIMARY SCHOOL,PRIMARY,VISUAL AND PERFORMING ARTS,CHOIR,na
CONCORD PRIMARY SCHOOL,PRIMARY,CLUBS AND SOCIETIES,ENVIRONMENTAL SCIENCE,Environmental Club
CONCORD PRIMARY SCHOOL,PRIMARY,PHYSICAL SPORTS,FLOORBALL,na
CONCORD PRIMARY SCHOOL,PRIMARY,VISUAL AND PERFORMING ARTS,INDIAN DANCE,na
CONCORD PRIMARY SCHOOL,PRIMARY,CLUBS AND SOCIETIES,INFOCOMM TECHNOLOGY (COMPUTING),Infocomm Club
CONCORD PRIMARY SCHOOL,PRIMARY,CLUBS AND SOCIETIES,INFOCOMM TECHNOLOGY (MEDIA PRODUCTION),Media & Communications
CONCORD PRIMARY SCHOOL,PRIMARY,VISUAL AND PERFORMING ARTS,MODERN DANCE,na
CONCORD PRIMARY SCHOOL,PRIMARY,UNIFORMED GROUPS,SCOUTS,na
CONCORD PRIMARY SCHOOL,PRIMARY,PHYSICAL SPORTS,SEPAKTAKRAW,na
CONCORD PRIMARY SCHOOL,PRIMARY,PHYSICAL SPORTS,VOLLEYBALL,na
CORPORATION PRIMARY SCHOOL,PRIMARY,CLUBS AND SOCIETIES,ART AND CRAFTS,na
CORPORATION PRIMARY SCHOOL,PRIMARY,PHYSICAL SPORTS,BASKETBALL,na
CORPORATION PRIMARY SCHOOL,PRIMARY,CLUBS AND SOCIETIES,CHINESE CHESS,na
CORPORATION PRIMARY SCHOOL,PRIMARY,VISUAL AND PERFORMING ARTS,CHINESE DANCE,na
CORPORATION PRIMARY SCHOOL,PRIMARY,VISUAL AND PERFORMING ARTS,CHOIR,na
CORPORATION PRIMARY SCHOOL,PRIMARY,CLUBS AND SOCIETIES,ENVIRONMENTAL SCIENCE,na
CORPORATION PRIMARY SCHOOL,PRIMARY,PHYSICAL SPORTS,FOOTBALL,na
CORPORATION PRIMARY SCHOOL,PRIMARY,UNIFORMED GROUPS,GIRL GUIDES (BROWNIES),na
CORPORATION PRIMARY SCHOOL,PRIMARY,CLUBS AND SOCIETIES,INFOCOMM TECHNOLOGY (MEDIA PRODUCTION),na
CORPORATION PRIMARY SCHOOL,PRIMARY,VISUAL AND PERFORMING ARTS,MALAY DANCE,na
CORPORATION PRIMARY SCHOOL,PRIMARY,VISUAL AND PERFORMING ARTS,MODERN DANCE,na
CORPORATION PRIMARY SCHOOL,PRIMARY,PHYSICAL SPORTS,NETBALL,na
CORPORATION PRIMARY SCHOOL,PRIMARY,VISUAL AND PERFORMING ARTS,PERCUSSION ENSEMBLE,na
CORPORATION PRIMARY SCHOOL,PRIMARY,UNIFORMED GROUPS,RED CROSS YOUTH,na
CORPORATION PRIMARY SCHOOL,PRIMARY,OTHERS,STUDENT LEADERSHIP (PREFECT),na
CORPORATION PRIMARY SCHOOL,PRIMARY,PHYSICAL SPORTS,VOLLEYBALL,na
CRESCENT GIRLS' SCHOOL,SECONDARY (S1-S4),VISUAL AND PERFORMING ARTS,ANGKLUNG/KULINTANG ENSEMBLE,na
CRESCENT GIRLS' SCHOOL,SECONDARY (S1-S4),CLUBS AND SOCIETIES,AUDIO VISUAL AID,na
CRESCENT GIRLS' SCHOOL,SECONDARY (S1-S4),PHYSICAL SPORTS,BADMINTON,na
CRESCENT GIRLS' SCHOOL,SECONDARY (S1-S4),PHYSICAL SPORTS,CANOEING,na
CRESCENT GIRLS' SCHOOL,SECONDARY (S1-S4),VISUAL AND PERFORMING ARTS,CHINESE DANCE,CHINESE AND MODERN DANCE
CRESCENT GIRLS' SCHOOL,SECONDARY (S1-S4),VISUAL AND PERFORMING ARTS,CHOIR,na
CRESCENT GIRLS' SCHOOL,SECONDARY (S1-S4),VISUAL AND PERFORMING ARTS,CONCERT BAND,na
CRESCENT GIRLS' SCHOOL,SECONDARY (S1-S4),VISUAL AND PERFORMING ARTS,ENGLISH DRAMA,na
CRESCENT GIRLS' SCHOOL,SECONDARY (S1-S4),CLUBS AND SOCIETIES,ENTREPRENEURSHIP,INNOVATION AND ENTERPRISE
CRESCENT GIRLS' SCHOOL,SECONDARY (S1-S4),UNIFORMED GROUPS,GIRL GUIDES,na
CRESCENT GIRLS' SCHOOL,SECONDARY (S1-S4),PHYSICAL SPORTS,HOCKEY,na
CRESCENT GIRLS' SCHOOL,SECONDARY (S1-S4),CLUBS AND SOCIETIES,INFOCOMM TECHNOLOGY (COMPUTING),na
CRESCENT GIRLS' SCHOOL,SECONDARY (S1-S4),CLUBS AND SOCIETIES,INTERNATIONAL CHESS,na
CRESCENT GIRLS' SCHOOL,SECONDARY (S1-S4),UNIFORMED GROUPS,NATIONAL CADET CORPS (LAND),na
CRESCENT GIRLS' SCHOOL,SECONDARY (S1-S4),PHYSICAL SPORTS,NETBALL,na
CRESCENT GIRLS' SCHOOL,SECONDARY (S1-S4),CLUBS AND SOCIETIES,PHOTOGRAPHY,DIGITAL ART & PHOTOGRAPHY CLUB
CRESCENT GIRLS' SCHOOL,SECONDARY (S1-S4),UNIFORMED GROUPS,RED CROSS YOUTH,na
CRESCENT GIRLS' SCHOOL,SECONDARY (S1-S4),VISUAL AND PERFORMING ARTS,SINGAPORE NATIONAL YOUTH ORCHESTRA,na
CRESCENT GIRLS' SCHOOL,SECONDARY (S1-S4),PHYSICAL SPORTS,SOFTBALL,na
CRESCENT GIRLS' SCHOOL,SECONDARY (S1-S4),PHYSICAL SPORTS,SP-CCA (WATER POLO),na
CRESCENT GIRLS' SCHOOL,SECONDARY (S1-S4),PHYSICAL SPORTS,TRACK AND FIELD,na
CREST SECONDARY SCHOOL,SECONDARY (S1-S4),PHYSICAL SPORTS,AIKIDO,na
CREST SECONDARY SCHOOL,SECONDARY (S1-S4),CLUBS AND SOCIETIES,ART AND CRAFTS,VISUAL ARTS CLUB
CREST SECONDARY SCHOOL,SECONDARY (S1-S4),PHYSICAL SPORTS,BADMINTON,na
CREST SECONDARY SCHOOL,SECONDARY (S1-S4),PHYSICAL SPORTS,BASKETBALL,na
CREST SECONDARY SCHOOL,SECONDARY (S1-S4),VISUAL AND PERFORMING ARTS,CONCERT BAND,POP BAND
CREST SECONDARY SCHOOL,SECONDARY (S1-S4),CLUBS AND SOCIETIES,DESIGN AND INNOVATION,INNOVATION CLUB
CREST SECONDARY SCHOOL,SECONDARY (S1-S4),CLUBS AND SOCIETIES,DIABOLO,CIRCUS ARTS
CREST SECONDARY SCHOOL,SECONDARY (S1-S4),CLUBS AND SOCIETIES,ENTREPRENEURSHIP,na
CREST SECONDARY SCHOOL,SECONDARY (S1-S4),PHYSICAL SPORTS,FLOORBALL,na
CREST SECONDARY SCHOOL,SECONDARY (S1-S4),PHYSICAL SPORTS,FOOTBALL,na
CREST SECONDARY SCHOOL,SECONDARY (S1-S4),CLUBS AND SOCIETIES,INFOCOMM TECHNOLOGY (MEDIA PRODUCTION),NEW MEDIA CLUB
CREST SECONDARY SCHOOL,SECONDARY (S1-S4),VISUAL AND PERFORMING ARTS,MODERN DANCE,DANCE
CREST SECONDARY SCHOOL,SECONDARY (S1-S4),UNIFORMED GROUPS,SCOUTS,na
CREST SECONDARY SCHOOL,SECONDARY (S1-S4),PHYSICAL SPORTS,TRACK AND FIELD,ATHLETICS
DAMAI PRIMARY SCHOOL,PRIMARY,CLUBS AND SOCIETIES,ART AND CRAFTS,na
DAMAI PRIMARY SCHOOL,PRIMARY,VISUAL AND PERFORMING ARTS,CHINESE DANCE,na
DAMAI PRIMARY SCHOOL,PRIMARY,CLUBS AND SOCIETIES,ENVIRONMENTAL SCIENCE,na
DAMAI PRIMARY SCHOOL,PRIMARY,PHYSICAL SPORTS,FLOORBALL,na
DAMAI PRIMARY SCHOOL,PRIMARY,UNIFORMED GROUPS,GIRL GUIDES (BROWNIES),na
DAMAI PRIMARY SCHOOL,PRIMARY,VISUAL AND PERFORMING ARTS,MALAY DANCE,na
DAMAI PRIMARY SCHOOL,PRIMARY,VISUAL AND PERFORMING ARTS,MODERN DANCE,na
DAMAI PRIMARY SCHOOL,PRIMARY,CLUBS AND SOCIETIES,PHOTOGRAPHY,na
DAMAI PRIMARY SCHOOL,PRIMARY,UNIFORMED GROUPS,RED CROSS YOUTH,na
DAMAI PRIMARY SCHOOL,PRIMARY,CLUBS AND SOCIETIES,ROBOTICS,na
DAMAI PRIMARY SCHOOL,PRIMARY,PHYSICAL SPORTS,RUGBY,na
DAMAI PRIMARY SCHOOL,PRIMARY,VISUAL AND PERFORMING ARTS,SINGAPORE NATIONAL YOUTH ORCHESTRA,na
DAMAI PRIMARY SCHOOL,PRIMARY,PHYSICAL SPORTS,WUSHU,na
DAMAI SECONDARY SCHOOL,SECONDARY (S1-S5),CLUBS AND SOCIETIES,ART AND CRAFTS,na
DAMAI SECONDARY SCHOOL,SECONDARY (S1-S5),PHYSICAL SPORTS,CANOEING,na
DAMAI SECONDARY SCHOOL,SECONDARY (S1-S5),VISUAL AND PERFORMING ARTS,CHOIR,na
DAMAI SECONDARY SCHOOL,SECONDARY (S1-S5),VISUAL AND PERFORMING ARTS,CONCERT BAND,na
DAMAI SECONDARY SCHOOL,SECONDARY (S1-S5),PHYSICAL SPORTS,DRAGON BOAT,na
DAMAI SECONDARY SCHOOL,SECONDARY (S1-S5),VISUAL AND PERFORMING ARTS,ENGLISH DRAMA,na
DAMAI SECONDARY SCHOOL,SECONDARY (S1-S5),UNIFORMED GROUPS,GIRL GUIDES,na
DAMAI SECONDARY SCHOOL,SECONDARY (S1-S5),VISUAL AND PERFORMING ARTS,GUZHENG ENSEMBLE,na
DAMAI SECONDARY SCHOOL,SECONDARY (S1-S5),CLUBS AND SOCIETIES,INFOCOMM TECHNOLOGY (MEDIA PRODUCTION),na
DAMAI SECONDARY SCHOOL,SECONDARY (S1-S5),VISUAL AND PERFORMING ARTS,MALAY DANCE,na
DAMAI SECONDARY SCHOOL,SECONDARY (S1-S5),VISUAL AND PERFORMING ARTS,MODERN DANCE,na
DAMAI SECONDARY SCHOOL,SECONDARY (S1-S5),UNIFORMED GROUPS,NATIONAL CADET CORPS (LAND),na
DAMAI SECONDARY SCHOOL,SECONDARY (S1-S5),UNIFORMED GROUPS,NATIONAL POLICE CADET CORPS,na
DAMAI SECONDARY SCHOOL,SECONDARY (S1-S5),PHYSICAL SPORTS,NETBALL,na
DAMAI SECONDARY SCHOOL,SECONDARY (S1-S5),PHYSICAL SPORTS,RUGBY,na
DAZHONG PRIMARY SCHOOL,PRIMARY,CLUBS AND SOCIETIES,ART AND CRAFTS,ART CLUB
DAZHONG PRIMARY SCHOOL,PRIMARY,PHYSICAL SPORTS,BADMINTON,na
DAZHONG PRIMARY SCHOOL,PRIMARY,PHYSICAL SPORTS,BASKETBALL,na
DAZHONG PRIMARY SCHOOL,PRIMARY,VISUAL AND PERFORMING ARTS,CHOIR,na
DAZHONG PRIMARY SCHOOL,PRIMARY,PHYSICAL SPORTS,FOOTBALL,na
DAZHONG PRIMARY SCHOOL,PRIMARY,UNIFORMED GROUPS,GIRL GUIDES (BROWNIES),BROWNIES
DAZHONG PRIMARY SCHOOL,PRIMARY,VISUAL AND PERFORMING ARTS,MODERN DANCE,na
DAZHONG PRIMARY SCHOOL,PRIMARY,PHYSICAL SPORTS,NETBALL,na
DAZHONG PRIMARY SCHOOL,PRIMARY,UNIFORMED GROUPS,SCOUTS,na
DAZHONG PRIMARY SCHOOL,PRIMARY,PHYSICAL SPORTS,TCHOUKBALL,na
DAZHONG PRIMARY SCHOOL,PRIMARY,PHYSICAL SPORTS,TRACK AND FIELD,na
DAZHONG PRIMARY SCHOOL,PRIMARY,VISUAL AND PERFORMING ARTS,WESTERN ORCHESTRA,JUNIOR ORCHESTRA
DAZHONG PRIMARY SCHOOL,PRIMARY,PHYSICAL SPORTS,WUSHU,na
DE LA SALLE SCHOOL,PRIMARY,CLUBS AND SOCIETIES,ART AND CRAFTS,MCNALLY CLUB
DE LA SALLE SCHOOL,PRIMARY,PHYSICAL SPORTS,BASKETBALL,na
DE LA SALLE SCHOOL,PRIMARY,VISUAL AND PERFORMING ARTS,CHOIR,na
DE LA SALLE SCHOOL,PRIMARY,CLUBS AND SOCIETIES,"ENGLISH LANGUAGE, DRAMA AND DEBATING",TALKING TITANS
DE LA SALLE SCHOOL,PRIMARY,CLUBS AND SOCIETIES,ENVIRONMENTAL SCIENCE,MAKERS CLUB
DE LA SALLE SCHOOL,PRIMARY,UNIFORMED GROUPS,GIRL GUIDES (BROWNIES),BROWNIES
DE LA SALLE SCHOOL,PRIMARY,PHYSICAL SPORTS,HOCKEY,na
DE LA SALLE SCHOOL,PRIMARY,CLUBS AND SOCIETIES,INTERNATIONAL CHESS,CHESS CLUB
DE LA SALLE SCHOOL,PRIMARY,VISUAL AND PERFORMING ARTS,MODERN DANCE,na
DE LA SALLE SCHOOL,PRIMARY,PHYSICAL SPORTS,NETBALL,na
DE LA SALLE SCHOOL,PRIMARY,VISUAL AND PERFORMING ARTS,PERCUSSION ENSEMBLE,na
DE LA SALLE SCHOOL,PRIMARY,CLUBS AND SOCIETIES,PHOTOGRAPHY,MEDIA CLUB
DE LA SALLE SCHOOL,PRIMARY,CLUBS AND SOCIETIES,ROBOTICS,na
DE LA SALLE SCHOOL,PRIMARY,PHYSICAL SPORTS,RUGBY,na
DE LA SALLE SCHOOL,PRIMARY,UNIFORMED GROUPS,SCOUTS,na
DE LA SALLE SCHOOL,PRIMARY,PHYSICAL SPORTS,WUSHU,na
DEYI SECONDARY SCHOOL,SECONDARY (S1-S5),CLUBS AND SOCIETIES,ART AND CRAFTS,na
DEYI SECONDARY SCHOOL,SECONDARY (S1-S5),PHYSICAL SPORTS,BADMINTON,na
DEYI SECONDARY SCHOOL,SECONDARY (S1-S5),PHYSICAL SPORTS,BASKETBALL,na
DEYI SECONDARY SCHOOL,SECONDARY (S1-S5),VISUAL AND PERFORMING ARTS,CHOIR,na
DEYI SECONDARY SCHOOL,SECONDARY (S1-S5),VISUAL AND PERFORMING ARTS,ENGLISH DRAMA,na
DEYI SECONDARY SCHOOL,SECONDARY (S1-S5),CLUBS AND SOCIETIES,ENVIRONMENTAL SCIENCE,na
DEYI SECONDARY SCHOOL,SECONDARY (S1-S5),PHYSICAL SPORTS,FENCING,na
DEYI SECONDARY SCHOOL,SECONDARY (S1-S5),PHYSICAL SPORTS,FOOTBALL,na
DEYI SECONDARY SCHOOL,SECONDARY (S1-S5),PHYSICAL SPORTS,HANDBALL,na
DEYI SECONDARY SCHOOL,SECONDARY (S1-S5),CLUBS AND SOCIETIES,INFOCOMM TECHNOLOGY (COMPUTING),na
DEYI SECONDARY SCHOOL,SECONDARY (S1-S5),CLUBS AND SOCIETIES,INFOCOMM TECHNOLOGY (MEDIA PRODUCTION),na
DEYI SECONDARY SCHOOL,SECONDARY (S1-S5),CLUBS AND SOCIETIES,JOURNALISM,na
DEYI SECONDARY SCHOOL,SECONDARY (S1-S5),VISUAL AND PERFORMING ARTS,MARCHING BAND,na
DEYI SECONDARY SCHOOL,SECONDARY (S1-S5),VISUAL AND PERFORMING ARTS,MODERN DANCE,na
DEYI SECONDARY SCHOOL,SECONDARY (S1-S5),UNIFORMED GROUPS,NATIONAL CADET CORPS (LAND),na
DEYI SECONDARY SCHOOL,SECONDARY (S1-S5),UNIFORMED GROUPS,NATIONAL POLICE CADET CORPS,na
DEYI SECONDARY SCHOOL,SECONDARY (S1-S5),PHYSICAL SPORTS,OUTDOOR ADVENTURE,na
DEYI SECONDARY SCHOOL,SECONDARY (S1-S5),CLUBS AND SOCIETIES,ROBOTICS,na
DEYI SECONDARY SCHOOL,SECONDARY (S1-S5),UNIFORMED GROUPS,ST JOHN BRIGADE,na
DEYI SECONDARY SCHOOL,SECONDARY (S1-S5),OTHERS,STUDENT LEADERSHIP (COUNCIL),na
DEYI SECONDARY SCHOOL,SECONDARY (S1-S5),OTHERS,STUDENT LEADERSHIP (PEER SUPPORT),na
DEYI SECONDARY SCHOOL,SECONDARY (S1-S5),PHYSICAL SPORTS,SWIMMING,na
DEYI SECONDARY SCHOOL,SECONDARY (S1-S5),PHYSICAL SPORTS,TABLE TENNIS,na
DEYI SECONDARY SCHOOL,SECONDARY (S1-S5),PHYSICAL SPORTS,TAEKWONDO,na
DEYI SECONDARY SCHOOL,SECONDARY (S1-S5),PHYSICAL SPORTS,TRACK AND FIELD,na
DEYI SECONDARY SCHOOL,SECONDARY (S1-S5),PHYSICAL SPORTS,VOLLEYBALL,na
DEYI SECONDARY SCHOOL,SECONDARY (S1-S5),PHYSICAL SPORTS,WUSHU,na
DUNEARN SECONDARY SCHOOL,SECONDARY (S1-S5),PHYSICAL SPORTS,BASKETBALL,BASKETBALL
DUNEARN SECONDARY SCHOOL,SECONDARY (S1-S5),VISUAL AND PERFORMING ARTS,CHOIR,na
DUNEARN SECONDARY SCHOOL,SECONDARY (S1-S5),VISUAL AND PERFORMING ARTS,CONCERT BAND,na
DUNEARN SECONDARY SCHOOL,SECONDARY (S1-S5),VISUAL AND PERFORMING ARTS,ENGLISH DRAMA,na
DUNEARN SECONDARY SCHOOL,SECONDARY (S1-S5),CLUBS AND SOCIETIES,ENTREPRENEURSHIP,na
DUNEARN SECONDARY SCHOOL,SECONDARY (S1-S5),PHYSICAL SPORTS,FLOORBALL,na
DUNEARN SECONDARY SCHOOL,SECONDARY (S1-S5),PHYSICAL SPORTS,FOOTBALL,na
DUNEARN SECONDARY SCHOOL,SECONDARY (S1-S5),CLUBS AND SOCIETIES,INFOCOMM TECHNOLOGY (MEDIA PRODUCTION),NEW MEDIA CLUB
DUNEARN SECONDARY SCHOOL,SECONDARY (S1-S5),CLUBS AND SOCIETIES,MEDIA RESOURCE LIBRARY,na
DUNEARN SECONDARY SCHOOL,SECONDARY (S1-S5),VISUAL AND PERFORMING ARTS,MODERN DANCE,INTERNATIONAL DANCE
DUNEARN SECONDARY SCHOOL,SECONDARY (S1-S5),UNIFORMED GROUPS,NATIONAL CADET CORPS (LAND),na
DUNEARN SECONDARY SCHOOL,SECONDARY (S1-S5),UNIFORMED GROUPS,NATIONAL POLICE CADET CORPS,na
DUNEARN SECONDARY SCHOOL,SECONDARY (S1-S5),UNIFORMED GROUPS,SCOUTS,na
DUNEARN SECONDARY SCHOOL,SECONDARY (S1-S5),VISUAL AND PERFORMING ARTS,SINGAPORE NATIONAL YOUTH ORCHESTRA,na
DUNEARN SECONDARY SCHOOL,SECONDARY (S1-S5),PHYSICAL SPORTS,SOFTBALL,na
DUNEARN SECONDARY SCHOOL,SECONDARY (S1-S5),PHYSICAL SPORTS,SP-CCA (ATHLETICS),na
DUNEARN SECONDARY SCHOOL,SECONDARY (S1-S5),PHYSICAL SPORTS,SP-CCA (WATER POLO),na
DUNEARN SECONDARY SCHOOL,SECONDARY (S1-S5),UNIFORMED GROUPS,ST JOHN BRIGADE,na
DUNEARN SECONDARY SCHOOL,SECONDARY (S1-S5),PHYSICAL SPORTS,TABLE TENNIS,na
DUNMAN HIGH SCHOOL,MIXED LEVEL (S1-JC2),CLUBS AND SOCIETIES,ART AND CRAFTS,ART CLUB
DUNMAN HIGH SCHOOL,MIXED LEVEL (S1-JC2),PHYSICAL SPORTS,BADMINTON,na
DUNMAN HIGH SCHOOL,MIXED LEVEL (S1-JC2),PHYSICAL SPORTS,BASKETBALL,na
DUNMAN HIGH SCHOOL,MIXED LEVEL (S1-JC2),CLUBS AND SOCIETIES,BIOLOGICAL SCIENCE,MEDICAL SOCIETY
DUNMAN HIGH SCHOOL,MIXED LEVEL (S1-JC2),PHYSICAL SPORTS,BOWLING,na
DUNMAN HIGH SCHOOL,MIXED LEVEL (S1-JC2),CLUBS AND SOCIETIES,CHINESE CALLIGRAPHY AND BRUSH PAINTING,na
DUNMAN HIGH SCHOOL,MIXED LEVEL (S1-JC2),VISUAL AND PERFORMING ARTS,CHINESE DANCE,na
DUNMAN HIGH SCHOOL,MIXED LEVEL (S1-JC2),VISUAL AND PERFORMING ARTS,CHINESE DRAMA,CHINESE SOCIETY (DRAMA)
DUNMAN HIGH SCHOOL,MIXED LEVEL (S1-JC2),CLUBS AND SOCIETIES,"CHINESE LANGUAGE, DRAMA AND DEBATING",na
DUNMAN HIGH SCHOOL,MIXED LEVEL (S1-JC2),VISUAL AND PERFORMING ARTS,CHINESE ORCHESTRA,na
DUNMAN HIGH SCHOOL,MIXED LEVEL (S1-JC2),CLUBS AND SOCIETIES,CHINESE WEIQI,INTERNATIONAL CHESS
DUNMAN HIGH SCHOOL,MIXED LEVEL (S1-JC2),CLUBS AND SOCIETIES,CHINESE WEIQI,MIND SPORTS CLUB
DUNMAN HIGH SCHOOL,MIXED LEVEL (S1-JC2),VISUAL AND PERFORMING ARTS,CHOIR,na
DUNMAN HIGH SCHOOL,MIXED LEVEL (S1-JC2),CLUBS AND SOCIETIES,CIVIL DEFENCE,UNIFORMED GROUP COUNCIL
DUNMAN HIGH SCHOOL,MIXED LEVEL (S1-JC2),CLUBS AND SOCIETIES,COMMUNITY SERVICE,COMMUNITY COUNCIL
DUNMAN HIGH SCHOOL,MIXED LEVEL (S1-JC2),VISUAL AND PERFORMING ARTS,CONCERT BAND,SYMPHONIC BAND
DUNMAN HIGH SCHOOL,MIXED LEVEL (S1-JC2),PHYSICAL SPORTS,CROSS COUNTRY,na
DUNMAN HIGH SCHOOL,MIXED LEVEL (S1-JC2),CLUBS AND SOCIETIES,DEBATING AND PUBLIC SPEAKING,DEBATING AND PUBLIC SPEAKING
DUNMAN HIGH SCHOOL,MIXED LEVEL (S1-JC2),CLUBS AND SOCIETIES,DEBATING AND PUBLIC SPEAKING,ORATORICAL SOCIETY (DEBATE)
DUNMAN HIGH SCHOOL,MIXED LEVEL (S1-JC2),CLUBS AND SOCIETIES,ENGLISH CULTURE AND LANGUAGE,na
DUNMAN HIGH SCHOOL,MIXED LEVEL (S1-JC2),VISUAL AND PERFORMING ARTS,ENGLISH DRAMA,ENGLISH DRAMA SOCIETY
DUNMAN HIGH SCHOOL,MIXED LEVEL (S1-JC2),VISUAL AND PERFORMING ARTS,ENGLISH DRAMA,THEATRE ARTS
DUNMAN HIGH SCHOOL,MIXED LEVEL (S1-JC2),CLUBS AND SOCIETIES,ENTREPRENEURSHIP,YOUTH CLUB
DUNMAN HIGH SCHOOL,MIXED LEVEL (S1-JC2),CLUBS AND SOCIETIES,FOOD AND CONSUMER EDUCATION,FOOD AND FASHION
DUNMAN HIGH SCHOOL,MIXED LEVEL (S1-JC2),PHYSICAL SPORTS,FOOTBALL,na
DUNMAN HIGH SCHOOL,MIXED LEVEL (S1-JC2),CLUBS AND SOCIETIES,FOREIGN CULTURE AND LANGUAGE,YUKATA JAPANESE CULTURAL CLUB
DUNMAN HIGH SCHOOL,MIXED LEVEL (S1-JC2),PHYSICAL SPORTS,FRISBEE,na
DUNMAN HIGH SCHOOL,MIXED LEVEL (S1-JC2),UNIFORMED GROUPS,GIRL GUIDES,na
DUNMAN HIGH SCHOOL,MIXED LEVEL (S1-JC2),PHYSICAL SPORTS,GOLF,GOLF
DUNMAN HIGH SCHOOL,MIXED LEVEL (S1-JC2),VISUAL AND PERFORMING ARTS,GUITAR ENSEMBLE,na
DUNMAN HIGH SCHOOL,MIXED LEVEL (S1-JC2),VISUAL AND PERFORMING ARTS,GUZHENG ENSEMBLE,na
DUNMAN HIGH SCHOOL,MIXED LEVEL (S1-JC2),CLUBS AND SOCIETIES,HISTORY,na
DUNMAN HIGH SCHOOL,MIXED LEVEL (S1-JC2),CLUBS AND SOCIETIES,INDIAN CULTURE AND LANGUAGE,na
DUNMAN HIGH SCHOOL,MIXED LEVEL (S1-JC2),CLUBS AND SOCIETIES,INFOCOMM TECHNOLOGY (COMPUTING),STEAM COLLECTIVE (INFOCOMM CHAPTER)
DUNMAN HIGH SCHOOL,MIXED LEVEL (S1-JC2),CLUBS AND SOCIETIES,INFOCOMM TECHNOLOGY (MEDIA PRODUCTION),MASS COMMUNICATIONS SOCIETY
DUNMAN HIGH SCHOOL,MIXED LEVEL (S1-JC2),CLUBS AND SOCIETIES,INTERNATIONAL AND GLOBAL STUDIES,INTERNATIONAL AND STRATEGIC AFFAIRS COUNCIL
DUNMAN HIGH SCHOOL,MIXED LEVEL (S1-JC2),CLUBS AND SOCIETIES,LION AND DRAGON DANCE,LION DANCE
DUNMAN HIGH SCHOOL,MIXED LEVEL (S1-JC2),CLUBS AND SOCIETIES,LION AND DRAGON DANCE,LION DANCE(BOYS)
DUNMAN HIGH SCHOOL,MIXED LEVEL (S1-JC2),CLUBS AND SOCIETIES,MALAY CULTURE AND LANGUAGE,MALAY CULTURAL CLUB
DUNMAN HIGH SCHOOL,MIXED LEVEL (S1-JC2),CLUBS AND SOCIETIES,MATHEMATICS,STEAM COLLECTIVE (MATHEMATICS CHAPTER)
DUNMAN HIGH SCHOOL,MIXED LEVEL (S1-JC2),CLUBS AND SOCIETIES,MEDIA RESOURCE LIBRARY,LIBRARY SOCIETY
DUNMAN HIGH SCHOOL,MIXED LEVEL (S1-JC2),VISUAL AND PERFORMING ARTS,MODERN DANCE,DANCE SOCIETY
DUNMAN HIGH SCHOOL,MIXED LEVEL (S1-JC2),VISUAL AND PERFORMING ARTS,MODERN DANCE,MODERN DANCE(GIRLS)
DUNMAN HIGH SCHOOL,MIXED LEVEL (S1-JC2),CLUBS AND SOCIETIES,MODULAR CCA (C&S),STEAM COLLECTIVE
DUNMAN HIGH SCHOOL,MIXED LEVEL (S1-JC2),CLUBS AND SOCIETIES,NATIONAL EDUCATION,na
DUNMAN HIGH SCHOOL,MIXED LEVEL (S1-JC2),UNIFORMED GROUPS,NATIONAL POLICE CADET CORPS,na
DUNMAN HIGH SCHOOL,MIXED LEVEL (S1-JC2),PHYSICAL SPORTS,NETBALL,na
DUNMAN HIGH SCHOOL,MIXED LEVEL (S1-JC2),VISUAL AND PERFORMING ARTS,OPERA/OPERATTA,BEIJING OPERA
DUNMAN HIGH SCHOOL,MIXED LEVEL (S1-JC2),PHYSICAL SPORTS,OUTDOOR ADVENTURE,OUTDOOR ADVENTURE CLUB
DUNMAN HIGH SCHOOL,MIXED LEVEL (S1-JC2),CLUBS AND SOCIETIES,PHOTOGRAPHY,PHOTOGRAPHY SOCIETY
DUNMAN HIGH SCHOOL,MIXED LEVEL (S1-JC2),CLUBS AND SOCIETIES,PHYSICAL SCIENCE,STEAM COLLECTIVE (SCIENCE CHAPTER)
DUNMAN HIGH SCHOOL,MIXED LEVEL (S1-JC2),CLUBS AND SOCIETIES,PUBLICATION,na
DUNMAN HIGH SCHOOL,MIXED LEVEL (S1-JC2),CLUBS AND SOCIETIES,READING AND WRITING,LAW SOCIETY
DUNMAN HIGH SCHOOL,MIXED LEVEL (S1-JC2),CLUBS AND SOCIETIES,ROBOTICS,STEAM COLLECTIVE (ROBOTICS CHAPTER)
DUNMAN HIGH SCHOOL,MIXED LEVEL (S1-JC2),PHYSICAL SPORTS,SAILING,na
DUNMAN HIGH SCHOOL,MIXED LEVEL (S1-JC2),UNIFORMED GROUPS,SCOUTS,SCOUTS(BOYS)
DUNMAN HIGH SCHOOL,MIXED LEVEL (S1-JC2),UNIFORMED GROUPS,SCOUTS,VENTURES AND ROVERS
DUNMAN HIGH SCHOOL,MIXED LEVEL (S1-JC2),PHYSICAL SPORTS,SHOOTING,AIR WEAPON CLUB
DUNMAN HIGH SCHOOL,MIXED LEVEL (S1-JC2),VISUAL AND PERFORMING ARTS,SINGAPORE NATIONAL YOUTH CHINESE ORCHESTRA,na
DUNMAN HIGH SCHOOL,MIXED LEVEL (S1-JC2),VISUAL AND PERFORMING ARTS,SINGAPORE NATIONAL YOUTH ORCHESTRA,na
DUNMAN HIGH SCHOOL,MIXED LEVEL (S1-JC2),CLUBS AND SOCIETIES,SINGAPORE YOUTH FLYING CLUB,na
DUNMAN HIGH SCHOOL,MIXED LEVEL (S1-JC2),PHYSICAL SPORTS,SOFTBALL,na
DUNMAN HIGH SCHOOL,MIXED LEVEL (S1-JC2),PHYSICAL SPORTS,SP-CCA (CANOEING),SP-CCA (CANOEING)
DUNMAN HIGH SCHOOL,MIXED LEVEL (S1-JC2),VISUAL AND PERFORMING ARTS,SP-CCA (ETHNIC DANCE),na
DUNMAN HIGH SCHOOL,MIXED LEVEL (S1-JC2),UNIFORMED GROUPS,ST JOHN BRIGADE,ST JOHN BRIGADE
DUNMAN HIGH SCHOOL,MIXED LEVEL (S1-JC2),VISUAL AND PERFORMING ARTS,STRING ENSEMBLE,na
DUNMAN HIGH SCHOOL,MIXED LEVEL (S1-JC2),OTHERS,STUDENT INITIATED ACTIVITIES (CLUBS & SOCIETIES),na
DUNMAN HIGH SCHOOL,MIXED LEVEL (S1-JC2),OTHERS,STUDENT LEADERSHIP (COUNCIL),na
DUNMAN HIGH SCHOOL,MIXED LEVEL (S1-JC2),PHYSICAL SPORTS,SWIMMING,na
DUNMAN HIGH SCHOOL,MIXED LEVEL (S1-JC2),PHYSICAL SPORTS,TABLE TENNIS,na
DUNMAN HIGH SCHOOL,MIXED LEVEL (S1-JC2),PHYSICAL SPORTS,TAEKWONDO,na
DUNMAN HIGH SCHOOL,MIXED LEVEL (S1-JC2),PHYSICAL SPORTS,TENNIS,na
DUNMAN HIGH SCHOOL,MIXED LEVEL (S1-JC2),PHYSICAL SPORTS,TOUCH RUGBY,na
DUNMAN HIGH SCHOOL,MIXED LEVEL (S1-JC2),PHYSICAL SPORTS,TRACK AND FIELD,na
DUNMAN HIGH SCHOOL,MIXED LEVEL (S1-JC2),PHYSICAL SPORTS,VOLLEYBALL,na
DUNMAN HIGH SCHOOL,MIXED LEVEL (S1-JC2),PHYSICAL SPORTS,WUSHU,na
DUNMAN SECONDARY SCHOOL,SECONDARY (S1-S5),PHYSICAL SPORTS,BADMINTON,na
DUNMAN SECONDARY SCHOOL,SECONDARY (S1-S5),PHYSICAL SPORTS,BASKETBALL,na
DUNMAN SECONDARY SCHOOL,SECONDARY (S1-S5),VISUAL AND PERFORMING ARTS,CHOIR,na
DUNMAN SECONDARY SCHOOL,SECONDARY (S1-S5),VISUAL AND PERFORMING ARTS,CONCERT BAND,na
DUNMAN SECONDARY SCHOOL,SECONDARY (S1-S5),CLUBS AND SOCIETIES,DESIGN AND INNOVATION,MAKERS' CLUB
DUNMAN SECONDARY SCHOOL,SECONDARY (S1-S5),VISUAL AND PERFORMING ARTS,ENGLISH DRAMA,STAGEARTS DRAMA
DUNMAN SECONDARY SCHOOL,SECONDARY (S1-S5),CLUBS AND SOCIETIES,ENVIRONMENTAL SCIENCE,GREEN CLUB
DUNMAN SECONDARY SCHOOL,SECONDARY (S1-S5),PHYSICAL SPORTS,FOOTBALL,na
DUNMAN SECONDARY SCHOOL,SECONDARY (S1-S5),PHYSICAL SPORTS,GOLF,na
DUNMAN SECONDARY SCHOOL,SECONDARY (S1-S5),VISUAL AND PERFORMING ARTS,GUITAR ENSEMBLE,na
DUNMAN SECONDARY SCHOOL,SECONDARY (S1-S5),PHYSICAL SPORTS,HEALTH AND FITNESS,na
DUNMAN SECONDARY SCHOOL,SECONDARY (S1-S5),CLUBS AND SOCIETIES,INFOCOMM TECHNOLOGY (COMPUTING),INFOCOMM CLUB
DUNMAN SECONDARY SCHOOL,SECONDARY (S1-S5),CLUBS AND SOCIETIES,INFOCOMM TECHNOLOGY (MEDIA PRODUCTION),MEDIA CLUB
DUNMAN SECONDARY SCHOOL,SECONDARY (S1-S5),VISUAL AND PERFORMING ARTS,MODERN DANCE,na
DUNMAN SECONDARY SCHOOL,SECONDARY (S1-S5),UNIFORMED GROUPS,NATIONAL CADET CORPS (AIR),na
DUNMAN SECONDARY SCHOOL,SECONDARY (S1-S5),UNIFORMED GROUPS,NATIONAL POLICE CADET CORPS,na
DUNMAN SECONDARY SCHOOL,SECONDARY (S1-S5),PHYSICAL SPORTS,NETBALL,na
DUNMAN SECONDARY SCHOOL,SECONDARY (S1-S5),UNIFORMED GROUPS,RED CROSS YOUTH,na
DUNMAN SECONDARY SCHOOL,SECONDARY (S1-S5),UNIFORMED GROUPS,SCOUTS,na
DUNMAN SECONDARY SCHOOL,SECONDARY (S1-S5),VISUAL AND PERFORMING ARTS,SINGAPORE NATIONAL YOUTH ORCHESTRA,na
DUNMAN SECONDARY SCHOOL,SECONDARY (S1-S5),PHYSICAL SPORTS,SWIMMING,na
DUNMAN SECONDARY SCHOOL,SECONDARY (S1-S5),PHYSICAL SPORTS,TAEKWONDO,na
DUNMAN SECONDARY SCHOOL,SECONDARY (S1-S5),PHYSICAL SPORTS,TRACK AND FIELD,na
DUNMAN SECONDARY SCHOOL,SECONDARY (S1-S5),PHYSICAL SPORTS,VOLLEYBALL,na
DUNMAN SECONDARY SCHOOL,SECONDARY (S1-S5),PHYSICAL SPORTS,WUSHU,na
EAST SPRING PRIMARY SCHOOL,PRIMARY,CLUBS AND SOCIETIES,ART AND CRAFTS,na
EAST SPRING PRIMARY SCHOOL,PRIMARY,PHYSICAL SPORTS,FOOTBALL,na
EAST SPRING PRIMARY SCHOOL,PRIMARY,VISUAL AND PERFORMING ARTS,GUZHENG ENSEMBLE,na
EAST SPRING PRIMARY SCHOOL,PRIMARY,VISUAL AND PERFORMING ARTS,INDIAN DANCE,na
EAST SPRING PRIMARY SCHOOL,PRIMARY,CLUBS AND SOCIETIES,INFOCOMM TECHNOLOGY (MEDIA PRODUCTION),MEDIA CLUB
EAST SPRING PRIMARY SCHOOL,PRIMARY,VISUAL AND PERFORMING ARTS,MALAY DANCE,na
EAST SPRING PRIMARY SCHOOL,PRIMARY,VISUAL AND PERFORMING ARTS,MODERN DANCE,FUSION & MODERN DANCE
EAST SPRING PRIMARY SCHOOL,PRIMARY,PHYSICAL SPORTS,MODULAR CCA (SPORTS),SPORTS CLUB
EAST SPRING PRIMARY SCHOOL,PRIMARY,VISUAL AND PERFORMING ARTS,MODULAR CCA (VPA),MUSIC CLUB
EAST SPRING PRIMARY SCHOOL,PRIMARY,CLUBS AND SOCIETIES,PHYSICAL SCIENCE,ENVIRONMENTAL CLUB
EAST SPRING PRIMARY SCHOOL,PRIMARY,UNIFORMED GROUPS,SCOUTS,na
EAST SPRING PRIMARY SCHOOL,PRIMARY,PHYSICAL SPORTS,VOLLEYBALL,na
EAST SPRING PRIMARY SCHOOL,PRIMARY,PHYSICAL SPORTS,WUSHU,na
EAST SPRING SECONDARY SCHOOL,SECONDARY (S1-S5),CLUBS AND SOCIETIES,AUDIO VISUAL AID,na
EAST SPRING SECONDARY SCHOOL,SECONDARY (S1-S5),PHYSICAL SPORTS,BADMINTON,na
EAST SPRING SECONDARY SCHOOL,SECONDARY (S1-S5),PHYSICAL SPORTS,BASKETBALL,na
EAST SPRING SECONDARY SCHOOL,SECONDARY (S1-S5),VISUAL AND PERFORMING ARTS,CHINESE DANCE,na
EAST SPRING SECONDARY SCHOOL,SECONDARY (S1-S5),VISUAL AND PERFORMING ARTS,CHOIR,na
EAST SPRING SECONDARY SCHOOL,SECONDARY (S1-S5),VISUAL AND PERFORMING ARTS,CONCERT BAND,na
EAST SPRING SECONDARY SCHOOL,SECONDARY (S1-S5),CLUBS AND SOCIETIES,DESIGN AND INNOVATION,na
EAST SPRING SECONDARY SCHOOL,SECONDARY (S1-S5),VISUAL AND PERFORMING ARTS,ENGLISH DRAMA,na
EAST SPRING SECONDARY SCHOOL,SECONDARY (S1-S5),PHYSICAL SPORTS,FLOORBALL,na
EAST SPRING SECONDARY SCHOOL,SECONDARY (S1-S5),CLUBS AND SOCIETIES,JOURNALISM,na
EAST SPRING SECONDARY SCHOOL,SECONDARY (S1-S5),VISUAL AND PERFORMING ARTS,MALAY DANCE,na
EAST SPRING SECONDARY SCHOOL,SECONDARY (S1-S5),UNIFORMED GROUPS,NATIONAL CADET CORPS (LAND),na
EAST SPRING SECONDARY SCHOOL,SECONDARY (S1-S5),UNIFORMED GROUPS,NATIONAL CIVIL DEFENCE CADET CORPS,na
EAST SPRING SECONDARY SCHOOL,SECONDARY (S1-S5),UNIFORMED GROUPS,NATIONAL POLICE CADET CORPS,na
EAST SPRING SECONDARY SCHOOL,SECONDARY (S1-S5),PHYSICAL SPORTS,NETBALL,na
EAST SPRING SECONDARY SCHOOL,SECONDARY (S1-S5),PHYSICAL SPORTS,RUGBY,na
EAST SPRING SECONDARY SCHOOL,SECONDARY (S1-S5),UNIFORMED GROUPS,SCOUTS,na
EAST SPRING SECONDARY SCHOOL,SECONDARY (S1-S5),UNIFORMED GROUPS,ST JOHN BRIGADE,na
EDGEFIELD PRIMARY SCHOOL,PRIMARY,CLUBS AND SOCIETIES,ART AND CRAFTS,ART CLUB
EDGEFIELD PRIMARY SCHOOL,PRIMARY,PHYSICAL SPORTS,ARTISTIC GYMNASTICS,GYMNASTICS
EDGEFIELD PRIMARY SCHOOL,PRIMARY,PHYSICAL SPORTS,BASKETBALL,na
EDGEFIELD PRIMARY SCHOOL,PRIMARY,VISUAL AND PERFORMING ARTS,CHOIR,na
EDGEFIELD PRIMARY SCHOOL,PRIMARY,CLUBS AND SOCIETIES,INFOCOMM TECHNOLOGY (COMPUTING),na
EDGEFIELD PRIMARY SCHOOL,PRIMARY,VISUAL AND PERFORMING ARTS,MALAY DANCE,na
EDGEFIELD PRIMARY SCHOOL,PRIMARY,VISUAL AND PERFORMING ARTS,MODERN DANCE,DANCESPORTS
EDGEFIELD PRIMARY SCHOOL,PRIMARY,PHYSICAL SPORTS,NETBALL,na
EDGEFIELD PRIMARY SCHOOL,PRIMARY,CLUBS AND SOCIETIES,PHYSICAL SCIENCE,SCIENCE AND ENVIRONMENT
EDGEFIELD PRIMARY SCHOOL,PRIMARY,UNIFORMED GROUPS,SCOUTS,na
EDGEFIELD PRIMARY SCHOOL,PRIMARY,PHYSICAL SPORTS,TRACK AND FIELD,na
EDGEFIELD SECONDARY SCHOOL,SECONDARY (S1-S5),CLUBS AND SOCIETIES,ART AND CRAFTS,ART CLUB
EDGEFIELD SECONDARY SCHOOL,SECONDARY (S1-S5),PHYSICAL SPORTS,BADMINTON,na
EDGEFIELD SECONDARY SCHOOL,SECONDARY (S1-S5),PHYSICAL SPORTS,BASKETBALL,na
EDGEFIELD SECONDARY SCHOOL,SECONDARY (S1-S5),VISUAL AND PERFORMING ARTS,CHOIR,na
EDGEFIELD SECONDARY SCHOOL,SECONDARY (S1-S5),VISUAL AND PERFORMING ARTS,CONCERT BAND,na
EDGEFIELD SECONDARY SCHOOL,SECONDARY (S1-S5),VISUAL AND PERFORMING ARTS,ENGLISH DRAMA,na
EDGEFIELD SECONDARY SCHOOL,SECONDARY (S1-S5),CLUBS AND SOCIETIES,ENTREPRENEURSHIP,na
EDGEFIELD SECONDARY SCHOOL,SECONDARY (S1-S5),UNIFORMED GROUPS,GIRL GUIDES,na
EDGEFIELD SECONDARY SCHOOL,SECONDARY (S1-S5),VISUAL AND PERFORMING ARTS,GUZHENG ENSEMBLE,na
EDGEFIELD SECONDARY SCHOOL,SECONDARY (S1-S5),VISUAL AND PERFORMING ARTS,HARMONICA ENSEMBLE,na
EDGEFIELD SECONDARY SCHOOL,SECONDARY (S1-S5),CLUBS AND SOCIETIES,INFOCOMM TECHNOLOGY (MEDIA PRODUCTION),NEW MEDIA CLUB
EDGEFIELD SECONDARY SCHOOL,SECONDARY (S1-S5),VISUAL AND PERFORMING ARTS,MODERN DANCE,na
EDGEFIELD SECONDARY SCHOOL,SECONDARY (S1-S5),UNIFORMED GROUPS,NATIONAL CIVIL DEFENCE CADET CORPS,na
EDGEFIELD SECONDARY SCHOOL,SECONDARY (S1-S5),UNIFORMED GROUPS,NATIONAL POLICE CADET CORPS (SEA),na
EDGEFIELD SECONDARY SCHOOL,SECONDARY (S1-S5),VISUAL AND PERFORMING ARTS,PERCUSSION ENSEMBLE,FESTIVE DRUMS
EDGEFIELD SECONDARY SCHOOL,SECONDARY (S1-S5),CLUBS AND SOCIETIES,ROBOTICS,na
EDGEFIELD SECONDARY SCHOOL,SECONDARY (S1-S5),UNIFORMED GROUPS,SCOUTS,na
EDGEFIELD SECONDARY SCHOOL,SECONDARY (S1-S5),PHYSICAL SPORTS,SHOOTING,na
EDGEFIELD SECONDARY SCHOOL,SECONDARY (S1-S5),VISUAL AND PERFORMING ARTS,SINGAPORE NATIONAL YOUTH CHINESE ORCHESTRA,na
EDGEFIELD SECONDARY SCHOOL,SECONDARY (S1-S5),VISUAL AND PERFORMING ARTS,SINGAPORE NATIONAL YOUTH ORCHESTRA,na
EDGEFIELD SECONDARY SCHOOL,SECONDARY (S1-S5),CLUBS AND SOCIETIES,SINGAPORE YOUTH FLYING CLUB,na
EDGEFIELD SECONDARY SCHOOL,SECONDARY (S1-S5),PHYSICAL SPORTS,SOFTBALL,na
EDGEFIELD SECONDARY SCHOOL,SECONDARY (S1-S5),PHYSICAL SPORTS,SP-CCA (ATHLETICS),na
EDGEFIELD SECONDARY SCHOOL,SECONDARY (S1-S5),PHYSICAL SPORTS,TAEKWONDO,na
EDGEFIELD SECONDARY SCHOOL,SECONDARY (S1-S5),PHYSICAL SPORTS,VOLLEYBALL,na
EDGEFIELD SECONDARY SCHOOL,SECONDARY (S1-S5),PHYSICAL SPORTS,WUSHU,na
ELIAS PARK PRIMARY SCHOOL,PRIMARY,CLUBS AND SOCIETIES,ART AND CRAFTS,na
ELIAS PARK PRIMARY SCHOOL,PRIMARY,PHYSICAL SPORTS,BASKETBALL,na
ELIAS PARK PRIMARY SCHOOL,PRIMARY,VISUAL AND PERFORMING ARTS,CHINESE ORCHESTRA,na
ELIAS PARK PRIMARY SCHOOL,PRIMARY,VISUAL AND PERFORMING ARTS,CHOIR,na
ELIAS PARK PRIMARY SCHOOL,PRIMARY,CLUBS AND SOCIETIES,INFOCOMM TECHNOLOGY (COMPUTING),na
ELIAS PARK PRIMARY SCHOOL,PRIMARY,VISUAL AND PERFORMING ARTS,MODERN DANCE,na
ELIAS PARK PRIMARY SCHOOL,PRIMARY,CLUBS AND SOCIETIES,PHYSICAL SCIENCE,STEM
ELIAS PARK PRIMARY SCHOOL,PRIMARY,UNIFORMED GROUPS,SCOUTS,na
ELIAS PARK PRIMARY SCHOOL,PRIMARY,PHYSICAL SPORTS,TABLE TENNIS,na
ELIAS PARK PRIMARY SCHOOL,PRIMARY,PHYSICAL SPORTS,TRACK AND FIELD,SWIFT STRIDERS
ELIAS PARK PRIMARY SCHOOL,PRIMARY,PHYSICAL SPORTS,VOLLEYBALL,na
ENDEAVOUR PRIMARY SCHOOL,PRIMARY,CLUBS AND SOCIETIES,ART AND CRAFTS,na
ENDEAVOUR PRIMARY SCHOOL,PRIMARY,PHYSICAL SPORTS,BADMINTON,na
ENDEAVOUR PRIMARY SCHOOL,PRIMARY,PHYSICAL SPORTS,BASKETBALL,na
ENDEAVOUR PRIMARY SCHOOL,PRIMARY,VISUAL AND PERFORMING ARTS,CHINESE DANCE,na
ENDEAVOUR PRIMARY SCHOOL,PRIMARY,VISUAL AND PERFORMING ARTS,CHOIR,na
ENDEAVOUR PRIMARY SCHOOL,PRIMARY,VISUAL AND PERFORMING ARTS,ENGLISH DRAMA,na
ENDEAVOUR PRIMARY SCHOOL,PRIMARY,PHYSICAL SPORTS,FLOORBALL,na
ENDEAVOUR PRIMARY SCHOOL,PRIMARY,UNIFORMED GROUPS,GIRL GUIDES (BROWNIES),na
ENDEAVOUR PRIMARY SCHOOL,PRIMARY,VISUAL AND PERFORMING ARTS,GUZHENG ENSEMBLE,na
ENDEAVOUR PRIMARY SCHOOL,PRIMARY,CLUBS AND SOCIETIES,INFOCOMM TECHNOLOGY (COMPUTING),na
ENDEAVOUR PRIMARY SCHOOL,PRIMARY,VISUAL AND PERFORMING ARTS,MALAY DANCE,na
ENDEAVOUR PRIMARY SCHOOL,PRIMARY,CLUBS AND SOCIETIES,PHYSICAL SCIENCE,na
ENDEAVOUR PRIMARY SCHOOL,PRIMARY,PHYSICAL SPORTS,RUGBY,na
ENDEAVOUR PRIMARY SCHOOL,PRIMARY,PHYSICAL SPORTS,SAILING,na
ENDEAVOUR PRIMARY SCHOOL,PRIMARY,UNIFORMED GROUPS,SCOUTS,na
ENDEAVOUR PRIMARY SCHOOL,PRIMARY,OTHERS,STUDENT LEADERSHIP (PREFECT),na
ENDEAVOUR PRIMARY SCHOOL,PRIMARY,PHYSICAL SPORTS,TABLE TENNIS,na
ENDEAVOUR PRIMARY SCHOOL,PRIMARY,PHYSICAL SPORTS,VOLLEYBALL,na
ENDEAVOUR PRIMARY SCHOOL,PRIMARY,PHYSICAL SPORTS,WUSHU,na
EUNOIA JUNIOR COLLEGE,JUNIOR COLLEGE,CLUBS AND SOCIETIES,ART AND CRAFTS,EJ VISUAL ART CLUB
EUNOIA JUNIOR COLLEGE,JUNIOR COLLEGE,PHYSICAL SPORTS,ARTISTIC GYMNASTICS,na
EUNOIA JUNIOR COLLEGE,JUNIOR COLLEGE,PHYSICAL SPORTS,BADMINTON,na
EUNOIA JUNIOR COLLEGE,JUNIOR COLLEGE,PHYSICAL SPORTS,BASKETBALL,na
EUNOIA JUNIOR COLLEGE,JUNIOR COLLEGE,PHYSICAL SPORTS,BOWLING,na
EUNOIA JUNIOR COLLEGE,JUNIOR COLLEGE,UNIFORMED GROUPS,BOYS' BRIGADE,na
EUNOIA JUNIOR COLLEGE,JUNIOR COLLEGE,PHYSICAL SPORTS,CANOEING,na
EUNOIA JUNIOR COLLEGE,JUNIOR COLLEGE,CLUBS AND SOCIETIES,CHEERLEADING,na
EUNOIA JUNIOR COLLEGE,JUNIOR COLLEGE,VISUAL AND PERFORMING ARTS,CHINESE ORCHESTRA,na
EUNOIA JUNIOR COLLEGE,JUNIOR COLLEGE,VISUAL AND PERFORMING ARTS,CHOIR,na
EUNOIA JUNIOR COLLEGE,JUNIOR COLLEGE,CLUBS AND SOCIETIES,COMMUNITY SERVICE,SERVICE LEARNING CLUB
EUNOIA JUNIOR COLLEGE,JUNIOR COLLEGE,VISUAL AND PERFORMING ARTS,CONCERT BAND,SYMPHONIC BAND
EUNOIA JUNIOR COLLEGE,JUNIOR COLLEGE,CLUBS AND SOCIETIES,DEBATING AND PUBLIC SPEAKING,DEBATE SOCIETY
EUNOIA JUNIOR COLLEGE,JUNIOR COLLEGE,CLUBS AND SOCIETIES,DIGITAL MEDIA,na
EUNOIA JUNIOR COLLEGE,JUNIOR COLLEGE,VISUAL AND PERFORMING ARTS,ENGLISH DRAMA,na
EUNOIA JUNIOR COLLEGE,JUNIOR COLLEGE,CLUBS AND SOCIETIES,ENVIRONMENTAL SCIENCE,ENVIRONMENT CLUB
EUNOIA JUNIOR COLLEGE,JUNIOR COLLEGE,PHYSICAL SPORTS,FLOORBALL,na
EUNOIA JUNIOR COLLEGE,JUNIOR COLLEGE,PHYSICAL SPORTS,FRISBEE,na
EUNOIA JUNIOR COLLEGE,JUNIOR COLLEGE,UNIFORMED GROUPS,GIRLS' BRIGADE,na
EUNOIA JUNIOR COLLEGE,JUNIOR COLLEGE,PHYSICAL SPORTS,GOLF,na
EUNOIA JUNIOR COLLEGE,JUNIOR COLLEGE,PHYSICAL SPORTS,HEALTH AND FITNESS,HEALTH AND FITNESS CLUB
EUNOIA JUNIOR COLLEGE,JUNIOR COLLEGE,PHYSICAL SPORTS,HOCKEY,na
EUNOIA JUNIOR COLLEGE,JUNIOR COLLEGE,CLUBS AND SOCIETIES,INFOCOMM TECHNOLOGY (MEDIA PRODUCTION),EJC MEDIA CLUB
EUNOIA JUNIOR COLLEGE,JUNIOR COLLEGE,CLUBS AND SOCIETIES,MEDIA RESOURCE LIBRARY,LIBRARY CLUB
EUNOIA JUNIOR COLLEGE,JUNIOR COLLEGE,VISUAL AND PERFORMING ARTS,MODERN DANCE,na
EUNOIA JUNIOR COLLEGE,JUNIOR COLLEGE,PHYSICAL SPORTS,MODULAR CCA (SPORTS),na
EUNOIA JUNIOR COLLEGE,JUNIOR COLLEGE,UNIFORMED GROUPS,NATIONAL CADET CORPS (LAND),na
EUNOIA JUNIOR COLLEGE,JUNIOR COLLEGE,UNIFORMED GROUPS,NATIONAL POLICE CADET CORPS,na
EUNOIA JUNIOR COLLEGE,JUNIOR COLLEGE,PHYSICAL SPORTS,NETBALL,na
EUNOIA JUNIOR COLLEGE,JUNIOR COLLEGE,PHYSICAL SPORTS,OUTDOOR ADVENTURE,na
EUNOIA JUNIOR COLLEGE,JUNIOR COLLEGE,VISUAL AND PERFORMING ARTS,POP AND JAZZ,STREET DANCE
EUNOIA JUNIOR COLLEGE,JUNIOR COLLEGE,CLUBS AND SOCIETIES,PUBLICATION,PRESS
EUNOIA JUNIOR COLLEGE,JUNIOR COLLEGE,UNIFORMED GROUPS,RED CROSS YOUTH,na
EUNOIA JUNIOR COLLEGE,JUNIOR COLLEGE,PHYSICAL SPORTS,RHYTHMIC GYMNASTICS,na
EUNOIA JUNIOR COLLEGE,JUNIOR COLLEGE,CLUBS AND SOCIETIES,ROBOTICS,COMPUTING & ROBOTICS CLUB
EUNOIA JUNIOR COLLEGE,JUNIOR COLLEGE,UNIFORMED GROUPS,SCOUTS,na
EUNOIA JUNIOR COLLEGE,JUNIOR COLLEGE,PHYSICAL SPORTS,SHOOTING,na
EUNOIA JUNIOR COLLEGE,JUNIOR COLLEGE,VISUAL AND PERFORMING ARTS,SINGAPORE NATIONAL YOUTH CHINESE ORCHESTRA,na
EUNOIA JUNIOR COLLEGE,JUNIOR COLLEGE,VISUAL AND PERFORMING ARTS,SINGAPORE NATIONAL YOUTH ORCHESTRA,na
EUNOIA JUNIOR COLLEGE,JUNIOR COLLEGE,CLUBS AND SOCIETIES,SINGAPORE YOUTH FLYING CLUB,na
EUNOIA JUNIOR COLLEGE,JUNIOR COLLEGE,PHYSICAL SPORTS,SOFTBALL,na
EUNOIA JUNIOR COLLEGE,JUNIOR COLLEGE,PHYSICAL SPORTS,SQUASH,na
EUNOIA JUNIOR COLLEGE,JUNIOR COLLEGE,UNIFORMED GROUPS,ST JOHN BRIGADE,na
EUNOIA JUNIOR COLLEGE,JUNIOR COLLEGE,CLUBS AND SOCIETIES,STRATEGY GAMES,MIND SPORTS CLUB
EUNOIA JUNIOR COLLEGE,JUNIOR COLLEGE,VISUAL AND PERFORMING ARTS,STRING ENSEMBLE,CHAMBER STRINGS
EUNOIA JUNIOR COLLEGE,JUNIOR COLLEGE,OTHERS,STUDENT INITIATED ACTIVITIES (PHYSICAL SPORTS AND OUTDOORS),na
EUNOIA JUNIOR COLLEGE,JUNIOR COLLEGE,OTHERS,STUDENT INITIATED ACTIVITIES (VISUAL & PERFORMING ARTS),na
EUNOIA JUNIOR COLLEGE,JUNIOR COLLEGE,OTHERS,STUDENT LEADERSHIP (COUNCIL),na
EUNOIA JUNIOR COLLEGE,JUNIOR COLLEGE,OTHERS,STUDENT LEADERSHIP (HOUSE),na
EUNOIA JUNIOR COLLEGE,JUNIOR COLLEGE,OTHERS,STUDENT LEADERSHIP (PEER SUPPORT),na
EUNOIA JUNIOR COLLEGE,JUNIOR COLLEGE,PHYSICAL SPORTS,SWIMMING,na
EUNOIA JUNIOR COLLEGE,JUNIOR COLLEGE,PHYSICAL SPORTS,TABLE TENNIS,na
EUNOIA JUNIOR COLLEGE,JUNIOR COLLEGE,PHYSICAL SPORTS,TAEKWONDO,na
EUNOIA JUNIOR COLLEGE,JUNIOR COLLEGE,PHYSICAL SPORTS,TENNIS,na
EUNOIA JUNIOR COLLEGE,JUNIOR COLLEGE,PHYSICAL SPORTS,TRACK AND FIELD,na
EUNOIA JUNIOR COLLEGE,JUNIOR COLLEGE,PHYSICAL SPORTS,TRAMPOLINE,na
EUNOIA JUNIOR COLLEGE,JUNIOR COLLEGE,PHYSICAL SPORTS,VOLLEYBALL,na
EUNOIA JUNIOR COLLEGE,JUNIOR COLLEGE,VISUAL AND PERFORMING ARTS,WESTERN ORCHESTRA,ROCK BAND
EUNOIA JUNIOR COLLEGE,JUNIOR COLLEGE,PHYSICAL SPORTS,WUSHU,na
EVERGREEN PRIMARY SCHOOL,PRIMARY,CLUBS AND SOCIETIES,ART AND CRAFTS,na
EVERGREEN PRIMARY SCHOOL,PRIMARY,PHYSICAL SPORTS,BADMINTON,na
EVERGREEN PRIMARY SCHOOL,PRIMARY,PHYSICAL SPORTS,BASKETBALL,na
EVERGREEN PRIMARY SCHOOL,PRIMARY,VISUAL AND PERFORMING ARTS,CHINESE DANCE,na
EVERGREEN PRIMARY SCHOOL,PRIMARY,VISUAL AND PERFORMING ARTS,CHOIR,na
EVERGREEN PRIMARY SCHOOL,PRIMARY,CLUBS AND SOCIETIES,ENVIRONMENTAL SCIENCE,na
EVERGREEN PRIMARY SCHOOL,PRIMARY,PHYSICAL SPORTS,FOOTBALL,na
EVERGREEN PRIMARY SCHOOL,PRIMARY,VISUAL AND PERFORMING ARTS,INDIAN DANCE,na
EVERGREEN PRIMARY SCHOOL,PRIMARY,CLUBS AND SOCIETIES,INFOCOMM TECHNOLOGY (MEDIA PRODUCTION),na
EVERGREEN PRIMARY SCHOOL,PRIMARY,VISUAL AND PERFORMING ARTS,MALAY DANCE,na
EVERGREEN PRIMARY SCHOOL,PRIMARY,PHYSICAL SPORTS,NETBALL,na
EVERGREEN PRIMARY SCHOOL,PRIMARY,VISUAL AND PERFORMING ARTS,PERCUSSION ENSEMBLE,na
EVERGREEN PRIMARY SCHOOL,PRIMARY,UNIFORMED GROUPS,SCOUTS,na
EVERGREEN PRIMARY SCHOOL,PRIMARY,OTHERS,STUDENT LEADERSHIP (PEER SUPPORT),STUDENT LEADERSHIP (PEER SUPPORT LEADER)
EVERGREEN PRIMARY SCHOOL,PRIMARY,OTHERS,STUDENT LEADERSHIP (PREFECT),STUDENT LEADERSHIP (PREFECT)
EVERGREEN PRIMARY SCHOOL,PRIMARY,PHYSICAL SPORTS,TAEKWONDO,na
EVERGREEN SECONDARY SCHOOL,SECONDARY (S1-S5),CLUBS AND SOCIETIES,ART AND CRAFTS,AESTHETICS DEPT
EVERGREEN SECONDARY SCHOOL,SECONDARY (S1-S5),CLUBS AND SOCIETIES,AUDIO VISUAL AID,na
EVERGREEN SECONDARY SCHOOL,SECONDARY (S1-S5),PHYSICAL SPORTS,BADMINTON,na
EVERGREEN SECONDARY SCHOOL,SECONDARY (S1-S5),CLUBS AND SOCIETIES,CHINESE CULTURE AND LANGUAGE,CHINESE LANGUAGE DEPT
EVERGREEN SECONDARY SCHOOL,SECONDARY (S1-S5),VISUAL AND PERFORMING ARTS,CHINESE DANCE,na
EVERGREEN SECONDARY SCHOOL,SECONDARY (S1-S5),VISUAL AND PERFORMING ARTS,CHINESE ORCHESTRA,na
EVERGREEN SECONDARY SCHOOL,SECONDARY (S1-S5),CLUBS AND SOCIETIES,COMMUNITY SERVICE (ROTARY-SPONSORED),INTERACT CLUB
EVERGREEN SECONDARY SCHOOL,SECONDARY (S1-S5),PHYSICAL SPORTS,CROSS COUNTRY,na
EVERGREEN SECONDARY SCHOOL,SECONDARY (S1-S5),CLUBS AND SOCIETIES,ENGLISH CULTURE AND LANGUAGE,ENGLISH DEPT
EVERGREEN SECONDARY SCHOOL,SECONDARY (S1-S5),CLUBS AND SOCIETIES,"ENGLISH LANGUAGE, DRAMA AND DEBATING",ELDDS
EVERGREEN SECONDARY SCHOOL,SECONDARY (S1-S5),VISUAL AND PERFORMING ARTS,GAMELAN ENSEMBLE,na
EVERGREEN SECONDARY SCHOOL,SECONDARY (S1-S5),VISUAL AND PERFORMING ARTS,GUITAR ENSEMBLE,na
EVERGREEN SECONDARY SCHOOL,SECONDARY (S1-S5),PHYSICAL SPORTS,HEALTH AND FITNESS,na
EVERGREEN SECONDARY SCHOOL,SECONDARY (S1-S5),CLUBS AND SOCIETIES,INFOCOMM TECHNOLOGY (COMPUTING),DIGITAL MEDIA CLUB
EVERGREEN SECONDARY SCHOOL,SECONDARY (S1-S5),CLUBS AND SOCIETIES,MALAY CULTURE AND LANGUAGE,MALAY LANGUAGE DEPT
EVERGREEN SECONDARY SCHOOL,SECONDARY (S1-S5),VISUAL AND PERFORMING ARTS,MALAY DANCE,na
EVERGREEN SECONDARY SCHOOL,SECONDARY (S1-S5),CLUBS AND SOCIETIES,MATHEMATICS,MATHEMATICS DEPT
EVERGREEN SECONDARY SCHOOL,SECONDARY (S1-S5),UNIFORMED GROUPS,NATIONAL CADET CORPS (LAND),na
EVERGREEN SECONDARY SCHOOL,SECONDARY (S1-S5),UNIFORMED GROUPS,NATIONAL CIVIL DEFENCE CADET CORPS,NCDCC
EVERGREEN SECONDARY SCHOOL,SECONDARY (S1-S5),UNIFORMED GROUPS,NATIONAL POLICE CADET CORPS,na
EVERGREEN SECONDARY SCHOOL,SECONDARY (S1-S5),PHYSICAL SPORTS,NETBALL,na
EVERGREEN SECONDARY SCHOOL,SECONDARY (S1-S5),CLUBS AND SOCIETIES,PHYSICAL SCIENCE,SCIENCE DEPT
EVERGREEN SECONDARY SCHOOL,SECONDARY (S1-S5),UNIFORMED GROUPS,RED CROSS YOUTH,na
EVERGREEN SECONDARY SCHOOL,SECONDARY (S1-S5),PHYSICAL SPORTS,ROPE SKIPPING,na
EVERGREEN SECONDARY SCHOOL,SECONDARY (S1-S5),PHYSICAL SPORTS,RUGBY,na
EVERGREEN SECONDARY SCHOOL,SECONDARY (S1-S5),UNIFORMED GROUPS,SCOUTS,na
EVERGREEN SECONDARY SCHOOL,SECONDARY (S1-S5),VISUAL AND PERFORMING ARTS,SINGAPORE NATIONAL YOUTH ORCHESTRA,na
EVERGREEN SECONDARY SCHOOL,SECONDARY (S1-S5),CLUBS AND SOCIETIES,SINGAPORE YOUTH FLYING CLUB,na
EVERGREEN SECONDARY SCHOOL,SECONDARY (S1-S5),OTHERS,STUDENT LEADERSHIP (COUNCIL),CCA EXCO
EVERGREEN SECONDARY SCHOOL,SECONDARY (S1-S5),OTHERS,STUDENT LEADERSHIP (HOUSE),na
EVERGREEN SECONDARY SCHOOL,SECONDARY (S1-S5),OTHERS,STUDENT LEADERSHIP (PREFECT),na
EVERGREEN SECONDARY SCHOOL,SECONDARY (S1-S5),PHYSICAL SPORTS,TABLE TENNIS,na
EVERGREEN SECONDARY SCHOOL,SECONDARY (S1-S5),PHYSICAL SPORTS,TAEKWONDO,na
EVERGREEN SECONDARY SCHOOL,SECONDARY (S1-S5),PHYSICAL SPORTS,VOLLEYBALL,na
FAIRFIELD METHODIST SCHOOL (PRIMARY),PRIMARY,CLUBS AND SOCIETIES,ART AND CRAFTS,na
FAIRFIELD METHODIST SCHOOL (PRIMARY),PRIMARY,PHYSICAL SPORTS,BADMINTON,na
FAIRFIELD METHODIST SCHOOL (PRIMARY),PRIMARY,PHYSICAL SPORTS,BASKETBALL,na
FAIRFIELD METHODIST SCHOOL (PRIMARY),PRIMARY,UNIFORMED GROUPS,BOYS' BRIGADE,na
FAIRFIELD METHODIST SCHOOL (PRIMARY),PRIMARY,VISUAL AND PERFORMING ARTS,CHINESE DANCE,na
FAIRFIELD METHODIST SCHOOL (PRIMARY),PRIMARY,VISUAL AND PERFORMING ARTS,CHOIR,na
FAIRFIELD METHODIST SCHOOL (PRIMARY),PRIMARY,VISUAL AND PERFORMING ARTS,CONCERT BAND,na
FAIRFIELD METHODIST SCHOOL (PRIMARY),PRIMARY,CLUBS AND SOCIETIES,DIGITAL MEDIA,STEM CLUB
FAIRFIELD METHODIST SCHOOL (PRIMARY),PRIMARY,CLUBS AND SOCIETIES,FAITH-BASED CCA,na
FAIRFIELD METHODIST SCHOOL (PRIMARY),PRIMARY,PHYSICAL SPORTS,FOOTBALL,na
FAIRFIELD METHODIST SCHOOL (PRIMARY),PRIMARY,UNIFORMED GROUPS,GIRLS' BRIGADE,na
FAIRFIELD METHODIST SCHOOL (PRIMARY),PRIMARY,VISUAL AND PERFORMING ARTS,HANDBELL ENSEMBLE,na
FAIRFIELD METHODIST SCHOOL (PRIMARY),PRIMARY,CLUBS AND SOCIETIES,MODULAR CCA (C&S),na
FAIRFIELD METHODIST SCHOOL (PRIMARY),PRIMARY,PHYSICAL SPORTS,MODULAR CCA (SPORTS),na
FAIRFIELD METHODIST SCHOOL (PRIMARY),PRIMARY,PHYSICAL SPORTS,VOLLEYBALL,na
FAIRFIELD METHODIST SCHOOL (SECONDARY),SECONDARY (S1-S5),PHYSICAL SPORTS,BADMINTON,na
FAIRFIELD METHODIST SCHOOL (SECONDARY),SECONDARY (S1-S5),PHYSICAL SPORTS,BASKETBALL,na
FAIRFIELD METHODIST SCHOOL (SECONDARY),SECONDARY (S1-S5),UNIFORMED GROUPS,BOYS' BRIGADE,na
FAIRFIELD METHODIST SCHOOL (SECONDARY),SECONDARY (S1-S5),VISUAL AND PERFORMING ARTS,CHOIR,na
FAIRFIELD METHODIST SCHOOL (SECONDARY),SECONDARY (S1-S5),VISUAL AND PERFORMING ARTS,CONCERT BAND,na
FAIRFIELD METHODIST SCHOOL (SECONDARY),SECONDARY (S1-S5),VISUAL AND PERFORMING ARTS,ENGLISH DRAMA,na
FAIRFIELD METHODIST SCHOOL (SECONDARY),SECONDARY (S1-S5),PHYSICAL SPORTS,FOOTBALL,na
FAIRFIELD METHODIST SCHOOL (SECONDARY),SECONDARY (S1-S5),UNIFORMED GROUPS,GIRLS' BRIGADE,na
FAIRFIELD METHODIST SCHOOL (SECONDARY),SECONDARY (S1-S5),VISUAL AND PERFORMING ARTS,GUITAR ENSEMBLE,na
FAIRFIELD METHODIST SCHOOL (SECONDARY),SECONDARY (S1-S5),CLUBS AND SOCIETIES,INFOCOMM TECHNOLOGY (MEDIA PRODUCTION),na
FAIRFIELD METHODIST SCHOOL (SECONDARY),SECONDARY (S1-S5),CLUBS AND SOCIETIES,JOURNALISM,na
FAIRFIELD METHODIST SCHOOL (SECONDARY),SECONDARY (S1-S5),VISUAL AND PERFORMING ARTS,MODERN DANCE,na
FAIRFIELD METHODIST SCHOOL (SECONDARY),SECONDARY (S1-S5),UNIFORMED GROUPS,NATIONAL CADET CORPS (LAND),na
FAIRFIELD METHODIST SCHOOL (SECONDARY),SECONDARY (S1-S5),UNIFORMED GROUPS,NATIONAL CADET CORPS (SEA),na
FAIRFIELD METHODIST SCHOOL (SECONDARY),SECONDARY (S1-S5),PHYSICAL SPORTS,NETBALL,na
FAIRFIELD METHODIST SCHOOL (SECONDARY),SECONDARY (S1-S5),UNIFORMED GROUPS,RED CROSS YOUTH,na
FAIRFIELD METHODIST SCHOOL (SECONDARY),SECONDARY (S1-S5),CLUBS AND SOCIETIES,ROBOTICS,na
FAIRFIELD METHODIST SCHOOL (SECONDARY),SECONDARY (S1-S5),VISUAL AND PERFORMING ARTS,SINGAPORE NATIONAL YOUTH ORCHESTRA,na
FAIRFIELD METHODIST SCHOOL (SECONDARY),SECONDARY (S1-S5),CLUBS AND SOCIETIES,SINGAPORE YOUTH FLYING CLUB,na
FAIRFIELD METHODIST SCHOOL (SECONDARY),SECONDARY (S1-S5),PHYSICAL SPORTS,SP-CCA (ATHLETICS),na
FAIRFIELD METHODIST SCHOOL (SECONDARY),SECONDARY (S1-S5),PHYSICAL SPORTS,SP-CCA (WATER POLO),na
FAIRFIELD METHODIST SCHOOL (SECONDARY),SECONDARY (S1-S5),OTHERS,STUDENT LEADERSHIP (COUNCIL),na
FAIRFIELD METHODIST SCHOOL (SECONDARY),SECONDARY (S1-S5),PHYSICAL SPORTS,VOLLEYBALL,na
FARRER PARK PRIMARY SCHOOL,PRIMARY,CLUBS AND SOCIETIES,ART AND CRAFTS,na
FARRER PARK PRIMARY SCHOOL,PRIMARY,PHYSICAL SPORTS,BADMINTON,na
FARRER PARK PRIMARY SCHOOL,PRIMARY,PHYSICAL SPORTS,BASKETBALL,na
FARRER PARK PRIMARY SCHOOL,PRIMARY,UNIFORMED GROUPS,BOYS' BRIGADE,na
FARRER PARK PRIMARY SCHOOL,PRIMARY,VISUAL AND PERFORMING ARTS,CHINESE INSTRUMENTAL ENSEMBLE,PERCUSSION ENSEMBLE
FARRER PARK PRIMARY SCHOOL,PRIMARY,VISUAL AND PERFORMING ARTS,ENGLISH DRAMA,na
FARRER PARK PRIMARY SCHOOL,PRIMARY,CLUBS AND SOCIETIES,ENVIRONMENTAL SCIENCE,na
FARRER PARK PRIMARY SCHOOL,PRIMARY,PHYSICAL SPORTS,FLOORBALL,na
FARRER PARK PRIMARY SCHOOL,PRIMARY,PHYSICAL SPORTS,FOOTBALL,na
FARRER PARK PRIMARY SCHOOL,PRIMARY,VISUAL AND PERFORMING ARTS,GUITAR ENSEMBLE,na
FARRER PARK PRIMARY SCHOOL,PRIMARY,CLUBS AND SOCIETIES,INFOCOMM TECHNOLOGY (COMPUTING),na
FARRER PARK PRIMARY SCHOOL,PRIMARY,CLUBS AND SOCIETIES,MATHEMATICS,DARWINIAN CLUB (MA)
FARRER PARK PRIMARY SCHOOL,PRIMARY,VISUAL AND PERFORMING ARTS,MODERN DANCE,na
FARRER PARK PRIMARY SCHOOL,PRIMARY,CLUBS AND SOCIETIES,PHYSICAL SCIENCE,DARWINIAN CLUB (SCI)
FARRER PARK PRIMARY SCHOOL,PRIMARY,UNIFORMED GROUPS,SCOUTS,na
FARRER PARK PRIMARY SCHOOL,PRIMARY,PHYSICAL SPORTS,TENNIS,na
FENGSHAN PRIMARY SCHOOL,PRIMARY,CLUBS AND SOCIETIES,ART AND CRAFTS,na
FENGSHAN PRIMARY SCHOOL,PRIMARY,PHYSICAL SPORTS,BASKETBALL,na
FENGSHAN PRIMARY SCHOOL,PRIMARY,UNIFORMED GROUPS,BOYS' BRIGADE,na
FENGSHAN PRIMARY SCHOOL,PRIMARY,VISUAL AND PERFORMING ARTS,CHOIR,na
FENGSHAN PRIMARY SCHOOL,PRIMARY,VISUAL AND PERFORMING ARTS,CONCERT BAND,na
FENGSHAN PRIMARY SCHOOL,PRIMARY,CLUBS AND SOCIETIES,ENVIRONMENTAL SCIENCE,na
FENGSHAN PRIMARY SCHOOL,PRIMARY,PHYSICAL SPORTS,FOOTBALL,na
FENGSHAN PRIMARY SCHOOL,PRIMARY,PHYSICAL SPORTS,HEALTH AND FITNESS,MULTI SPORTS CLUB
FENGSHAN PRIMARY SCHOOL,PRIMARY,VISUAL AND PERFORMING ARTS,MODERN DANCE,na
FENGSHAN PRIMARY SCHOOL,PRIMARY,PHYSICAL SPORTS,NETBALL,na
FENGSHAN PRIMARY SCHOOL,PRIMARY,UNIFORMED GROUPS,SCOUTS,na
FENGSHAN PRIMARY SCHOOL,PRIMARY,PHYSICAL SPORTS,WUSHU,na
FERN GREEN PRIMARY SCHOOL,PRIMARY,CLUBS AND SOCIETIES,ART AND CRAFTS,na
FERN GREEN PRIMARY SCHOOL,PRIMARY,PHYSICAL SPORTS,BASKETBALL,na
FERN GREEN PRIMARY SCHOOL,PRIMARY,VISUAL AND PERFORMING ARTS,CHOIR,na
FERN GREEN PRIMARY SCHOOL,PRIMARY,CLUBS AND SOCIETIES,DEBATING AND PUBLIC SPEAKING,na
FERN GREEN PRIMARY SCHOOL,PRIMARY,CLUBS AND SOCIETIES,DESIGN AND INNOVATION,na
FERN GREEN PRIMARY SCHOOL,PRIMARY,VISUAL AND PERFORMING ARTS,ENGLISH DRAMA,na
FERN GREEN PRIMARY SCHOOL,PRIMARY,PHYSICAL SPORTS,FLOORBALL,na
FERN GREEN PRIMARY SCHOOL,PRIMARY,PHYSICAL SPORTS,FOOTBALL,na
FERN GREEN PRIMARY SCHOOL,PRIMARY,VISUAL AND PERFORMING ARTS,GUITAR ENSEMBLE,na
FERN GREEN PRIMARY SCHOOL,PRIMARY,VISUAL AND PERFORMING ARTS,HARMONICA ENSEMBLE,na
FERN GREEN PRIMARY SCHOOL,PRIMARY,CLUBS AND SOCIETIES,INFOCOMM TECHNOLOGY (MEDIA PRODUCTION),na
FERN GREEN PRIMARY SCHOOL,PRIMARY,VISUAL AND PERFORMING ARTS,MODERN DANCE,na
FERN GREEN PRIMARY SCHOOL,PRIMARY,PHYSICAL SPORTS,OUTDOOR ADVENTURE,na
FERN GREEN PRIMARY SCHOOL,PRIMARY,UNIFORMED GROUPS,SCOUTS,na
FERN GREEN PRIMARY SCHOOL,PRIMARY,PHYSICAL SPORTS,TCHOUKBALL,na
FERNVALE PRIMARY SCHOOL,PRIMARY,VISUAL AND PERFORMING ARTS,ANGKLUNG/KULINTANG ENSEMBLE,na
FERNVALE PRIMARY SCHOOL,PRIMARY,CLUBS AND SOCIETIES,ART AND CRAFTS,na
FERNVALE PRIMARY SCHOOL,PRIMARY,PHYSICAL SPORTS,BADMINTON,na
FERNVALE PRIMARY SCHOOL,PRIMARY,PHYSICAL SPORTS,BASKETBALL,na
FERNVALE PRIMARY SCHOOL,PRIMARY,CLUBS AND SOCIETIES,ENVIRONMENTAL SCIENCE,na
FERNVALE PRIMARY SCHOOL,PRIMARY,PHYSICAL SPORTS,FLOORBALL,na
FERNVALE PRIMARY SCHOOL,PRIMARY,VISUAL AND PERFORMING ARTS,GUITAR ENSEMBLE,na
FERNVALE PRIMARY SCHOOL,PRIMARY,VISUAL AND PERFORMING ARTS,GUZHENG ENSEMBLE,na
FERNVALE PRIMARY SCHOOL,PRIMARY,VISUAL AND PERFORMING ARTS,INDIAN DANCE,na
FERNVALE PRIMARY SCHOOL,PRIMARY,CLUBS AND SOCIETIES,INFOCOMM TECHNOLOGY (MEDIA PRODUCTION),na
FERNVALE PRIMARY SCHOOL,PRIMARY,VISUAL AND PERFORMING ARTS,PERCUSSION ENSEMBLE,na
FERNVALE PRIMARY SCHOOL,PRIMARY,CLUBS AND SOCIETIES,ROBOTICS,na
FERNVALE PRIMARY SCHOOL,PRIMARY,UNIFORMED GROUPS,SCOUTS,na
FERNVALE PRIMARY SCHOOL,PRIMARY,PHYSICAL SPORTS,WUSHU,na
FIRST TOA PAYOH PRIMARY SCHOOL,PRIMARY,CLUBS AND SOCIETIES,ART AND CRAFTS,na
FIRST TOA PAYOH PRIMARY SCHOOL,PRIMARY,PHYSICAL SPORTS,BASKETBALL,na
FIRST TOA PAYOH PRIMARY SCHOOL,PRIMARY,UNIFORMED GROUPS,BOYS' BRIGADE,na
FIRST TOA PAYOH PRIMARY SCHOOL,PRIMARY,VISUAL AND PERFORMING ARTS,CHOIR,na
FIRST TOA PAYOH PRIMARY SCHOOL,PRIMARY,CLUBS AND SOCIETIES,ENVIRONMENTAL SCIENCE,na
FIRST TOA PAYOH PRIMARY SCHOOL,PRIMARY,PHYSICAL SPORTS,FOOTBALL,na
FIRST TOA PAYOH PRIMARY SCHOOL,PRIMARY,UNIFORMED GROUPS,GIRLS' BRIGADE,na
FIRST TOA PAYOH PRIMARY SCHOOL,PRIMARY,VISUAL AND PERFORMING ARTS,MODULAR CCA (VPA),HIP-HOP DANCE
FIRST TOA PAYOH PRIMARY SCHOOL,PRIMARY,CLUBS AND SOCIETIES,PHOTOGRAPHY,na
FIRST TOA PAYOH PRIMARY SCHOOL,PRIMARY,CLUBS AND SOCIETIES,ROBOTICS,na
FIRST TOA PAYOH PRIMARY SCHOOL,PRIMARY,UNIFORMED GROUPS,SCOUTS,na
FIRST TOA PAYOH PRIMARY SCHOOL,PRIMARY,OTHERS,STUDENT LEADERSHIP (PEER SUPPORT),na
FIRST TOA PAYOH PRIMARY SCHOOL,PRIMARY,OTHERS,STUDENT LEADERSHIP (PREFECT),na
FRONTIER PRIMARY SCHOOL,PRIMARY,CLUBS AND SOCIETIES,ART AND CRAFTS,na
FRONTIER PRIMARY SCHOOL,PRIMARY,PHYSICAL SPORTS,BADMINTON,na
FRONTIER PRIMARY SCHOOL,PRIMARY,PHYSICAL SPORTS,BASKETBALL,na
FRONTIER PRIMARY SCHOOL,PRIMARY,VISUAL AND PERFORMING ARTS,CHINESE DANCE,na
FRONTIER PRIMARY SCHOOL,PRIMARY,VISUAL AND PERFORMING ARTS,CHOIR,na
FRONTIER PRIMARY SCHOOL,PRIMARY,CLUBS AND SOCIETIES,DESIGN AND INNOVATION,na
FRONTIER PRIMARY SCHOOL,PRIMARY,CLUBS AND SOCIETIES,ENVIRONMENTAL SCIENCE,na
FRONTIER PRIMARY SCHOOL,PRIMARY,VISUAL AND PERFORMING ARTS,MODERN DANCE,na
FRONTIER PRIMARY SCHOOL,PRIMARY,UNIFORMED GROUPS,RED CROSS YOUTH,na
FRONTIER PRIMARY SCHOOL,PRIMARY,PHYSICAL SPORTS,ROCKWALL CLIMBING,na
FRONTIER PRIMARY SCHOOL,PRIMARY,PHYSICAL SPORTS,RUGBY,na
FRONTIER PRIMARY SCHOOL,PRIMARY,UNIFORMED GROUPS,SCOUTS,na
FRONTIER PRIMARY SCHOOL,PRIMARY,PHYSICAL SPORTS,SOFTBALL,na
FRONTIER PRIMARY SCHOOL,PRIMARY,VISUAL AND PERFORMING ARTS,STRING ENSEMBLE,na
FRONTIER PRIMARY SCHOOL,PRIMARY,OTHERS,STUDENT LEADERSHIP (PREFECT),na
FUCHUN PRIMARY SCHOOL,PRIMARY,CLUBS AND SOCIETIES,ART AND CRAFTS,na
FUCHUN PRIMARY SCHOOL,PRIMARY,PHYSICAL SPORTS,BADMINTON,na
FUCHUN PRIMARY SCHOOL,PRIMARY,PHYSICAL SPORTS,BASKETBALL,na
FUCHUN PRIMARY SCHOOL,PRIMARY,VISUAL AND PERFORMING ARTS,BRASS BAND,na
FUCHUN PRIMARY SCHOOL,PRIMARY,VISUAL AND PERFORMING ARTS,CHOIR,na
FUCHUN PRIMARY SCHOOL,PRIMARY,CLUBS AND SOCIETIES,ENVIRONMENTAL SCIENCE,na
FUCHUN PRIMARY SCHOOL,PRIMARY,PHYSICAL SPORTS,FOOTBALL,na
FUCHUN PRIMARY SCHOOL,PRIMARY,PHYSICAL SPORTS,HEALTH AND FITNESS,na
FUCHUN PRIMARY SCHOOL,PRIMARY,CLUBS AND SOCIETIES,INFOCOMM TECHNOLOGY (MEDIA PRODUCTION),na
FUCHUN PRIMARY SCHOOL,PRIMARY,CLUBS AND SOCIETIES,JOURNALISM,JUNIOR REPORTERS
FUCHUN PRIMARY SCHOOL,PRIMARY,VISUAL AND PERFORMING ARTS,MODERN DANCE,INTERNATIONAL DANCE
FUCHUN PRIMARY SCHOOL,PRIMARY,UNIFORMED GROUPS,SCOUTS,na
FUCHUN PRIMARY SCHOOL,PRIMARY,VISUAL AND PERFORMING ARTS,STRING ENSEMBLE,na
FUHUA PRIMARY SCHOOL,PRIMARY,CLUBS AND SOCIETIES,ART AND CRAFTS,na
FUHUA PRIMARY SCHOOL,PRIMARY,PHYSICAL SPORTS,BADMINTON,na
FUHUA PRIMARY SCHOOL,PRIMARY,PHYSICAL SPORTS,BASKETBALL,na
FUHUA PRIMARY SCHOOL,PRIMARY,UNIFORMED GROUPS,BOYS' BRIGADE,na
FUHUA PRIMARY SCHOOL,PRIMARY,VISUAL AND PERFORMING ARTS,BRASS BAND,na
FUHUA PRIMARY SCHOOL,PRIMARY,VISUAL AND PERFORMING ARTS,CHINESE DANCE,na
FUHUA PRIMARY SCHOOL,PRIMARY,VISUAL AND PERFORMING ARTS,CHOIR,na
FUHUA PRIMARY SCHOOL,PRIMARY,CLUBS AND SOCIETIES,DESIGN AND INNOVATION,na
FUHUA PRIMARY SCHOOL,PRIMARY,CLUBS AND SOCIETIES,ENVIRONMENTAL SCIENCE,na
FUHUA PRIMARY SCHOOL,PRIMARY,PHYSICAL SPORTS,FLOORBALL,na
FUHUA PRIMARY SCHOOL,PRIMARY,PHYSICAL SPORTS,FOOTBALL,na
FUHUA PRIMARY SCHOOL,PRIMARY,UNIFORMED GROUPS,GIRLS' BRIGADE,na
FUHUA PRIMARY SCHOOL,PRIMARY,VISUAL AND PERFORMING ARTS,GUZHENG ENSEMBLE,na
FUHUA PRIMARY SCHOOL,PRIMARY,CLUBS AND SOCIETIES,INFOCOMM TECHNOLOGY (COMPUTING),na
FUHUA PRIMARY SCHOOL,PRIMARY,CLUBS AND SOCIETIES,INFOCOMM TECHNOLOGY (MEDIA PRODUCTION),na
FUHUA PRIMARY SCHOOL,PRIMARY,VISUAL AND PERFORMING ARTS,MODERN DANCE,na
FUHUA PRIMARY SCHOOL,PRIMARY,PHYSICAL SPORTS,NETBALL,na
FUHUA PRIMARY SCHOOL,PRIMARY,PHYSICAL SPORTS,RUGBY,na
FUHUA PRIMARY SCHOOL,PRIMARY,UNIFORMED GROUPS,SCOUTS,na
FUHUA PRIMARY SCHOOL,PRIMARY,CLUBS AND SOCIETIES,SPEECH AND DRAMA,na
FUHUA PRIMARY SCHOOL,PRIMARY,OTHERS,STUDENT LEADERSHIP (HOUSE),na
FUHUA PRIMARY SCHOOL,PRIMARY,OTHERS,STUDENT LEADERSHIP (PEER SUPPORT),na
FUHUA PRIMARY SCHOOL,PRIMARY,OTHERS,STUDENT LEADERSHIP (PREFECT),na
FUHUA SECONDARY SCHOOL,SECONDARY (S1-S5),CLUBS AND SOCIETIES,ART AND CRAFTS,ART CLUB
FUHUA SECONDARY SCHOOL,SECONDARY (S1-S5),PHYSICAL SPORTS,BADMINTON,na
FUHUA SECONDARY SCHOOL,SECONDARY (S1-S5),VISUAL AND PERFORMING ARTS,CHINESE DANCE,CHINESE DANCE & WUSHU
FUHUA SECONDARY SCHOOL,SECONDARY (S1-S5),VISUAL AND PERFORMING ARTS,CHINESE ORCHESTRA,na
FUHUA SECONDARY SCHOOL,SECONDARY (S1-S5),VISUAL AND PERFORMING ARTS,CHOIR,na
FUHUA SECONDARY SCHOOL,SECONDARY (S1-S5),VISUAL AND PERFORMING ARTS,CONCERT BAND,na
FUHUA SECONDARY SCHOOL,SECONDARY (S1-S5),CLUBS AND SOCIETIES,"ENGLISH LANGUAGE, DRAMA AND DEBATING",na
FUHUA SECONDARY SCHOOL,SECONDARY (S1-S5),CLUBS AND SOCIETIES,ENVIRONMENTAL SCIENCE,ENVIRONMENT CLUB
FUHUA SECONDARY SCHOOL,SECONDARY (S1-S5),CLUBS AND SOCIETIES,INFOCOMM TECHNOLOGY (MEDIA PRODUCTION),INFOCOMM
FUHUA SECONDARY SCHOOL,SECONDARY (S1-S5),CLUBS AND SOCIETIES,MALAY CULTURE AND LANGUAGE,MALAY CULTURAL SOCIETY
FUHUA SECONDARY SCHOOL,SECONDARY (S1-S5),UNIFORMED GROUPS,NATIONAL CADET CORPS (LAND),NATIONAL CADET CORPS
FUHUA SECONDARY SCHOOL,SECONDARY (S1-S5),UNIFORMED GROUPS,NATIONAL POLICE CADET CORPS,na
FUHUA SECONDARY SCHOOL,SECONDARY (S1-S5),UNIFORMED GROUPS,RED CROSS YOUTH,na
FUHUA SECONDARY SCHOOL,SECONDARY (S1-S5),CLUBS AND SOCIETIES,ROBOTICS,ROBOTICS CLUB
FUHUA SECONDARY SCHOOL,SECONDARY (S1-S5),UNIFORMED GROUPS,SCOUTS,na
FUHUA SECONDARY SCHOOL,SECONDARY (S1-S5),PHYSICAL SPORTS,SHOOTING,na
FUHUA SECONDARY SCHOOL,SECONDARY (S1-S5),PHYSICAL SPORTS,TABLE TENNIS,na
FUHUA SECONDARY SCHOOL,SECONDARY (S1-S5),PHYSICAL SPORTS,TCHOUKBALL,na
GAN ENG SENG PRIMARY SCHOOL,PRIMARY,CLUBS AND SOCIETIES,ART AND CRAFTS,ART CLUB
GAN ENG SENG PRIMARY SCHOOL,PRIMARY,PHYSICAL SPORTS,BADMINTON,na
GAN ENG SENG PRIMARY SCHOOL,PRIMARY,PHYSICAL SPORTS,BASKETBALL,na
GAN ENG SENG PRIMARY SCHOOL,PRIMARY,UNIFORMED GROUPS,BOYS' BRIGADE,na
GAN ENG SENG PRIMARY SCHOOL,PRIMARY,VISUAL AND PERFORMING ARTS,BRASS BAND,BAND
GAN ENG SENG PRIMARY SCHOOL,PRIMARY,VISUAL AND PERFORMING ARTS,CHOIR,na
GAN ENG SENG PRIMARY SCHOOL,PRIMARY,CLUBS AND SOCIETIES,ENVIRONMENTAL SCIENCE,GREEN EXPLORERS CLUB
GAN ENG SENG PRIMARY SCHOOL,PRIMARY,PHYSICAL SPORTS,FLOORBALL,na
GAN ENG SENG PRIMARY SCHOOL,PRIMARY,PHYSICAL SPORTS,FOOTBALL,na
GAN ENG SENG PRIMARY SCHOOL,PRIMARY,UNIFORMED GROUPS,GIRL GUIDES (BROWNIES),BROWNIES
GAN ENG SENG PRIMARY SCHOOL,PRIMARY,CLUBS AND SOCIETIES,INFOCOMM TECHNOLOGY (MEDIA PRODUCTION),INFOCOMM & MEDIA CLUB
GAN ENG SENG PRIMARY SCHOOL,PRIMARY,VISUAL AND PERFORMING ARTS,MODERN DANCE,na
GAN ENG SENG PRIMARY SCHOOL,PRIMARY,PHYSICAL SPORTS,MODULAR CCA (SPORTS),MODULAR SPORTS
GAN ENG SENG PRIMARY SCHOOL,PRIMARY,UNIFORMED GROUPS,SCOUTS,na
GAN ENG SENG SCHOOL,SECONDARY (S1-S5),PHYSICAL SPORTS,ARCHERY,na
GAN ENG SENG SCHOOL,SECONDARY (S1-S5),PHYSICAL SPORTS,BASKETBALL,na
GAN ENG SENG SCHOOL,SECONDARY (S1-S5),UNIFORMED GROUPS,BOYS' BRIGADE,na
GAN ENG SENG SCHOOL,SECONDARY (S1-S5),PHYSICAL SPORTS,CANOEING,na
GAN ENG SENG SCHOOL,SECONDARY (S1-S5),VISUAL AND PERFORMING ARTS,CHOIR,na
GAN ENG SENG SCHOOL,SECONDARY (S1-S5),PHYSICAL SPORTS,CROSS COUNTRY,na
GAN ENG SENG SCHOOL,SECONDARY (S1-S5),VISUAL AND PERFORMING ARTS,ENGLISH DRAMA,na
GAN ENG SENG SCHOOL,SECONDARY (S1-S5),CLUBS AND SOCIETIES,ENTREPRENEURSHIP,na
GAN ENG SENG SCHOOL,SECONDARY (S1-S5),PHYSICAL SPORTS,FENCING,na
GAN ENG SENG SCHOOL,SECONDARY (S1-S5),PHYSICAL SPORTS,FOOTBALL,na
GAN ENG SENG SCHOOL,SECONDARY (S1-S5),UNIFORMED GROUPS,GIRLS' BRIGADE,na
GAN ENG SENG SCHOOL,SECONDARY (S1-S5),CLUBS AND SOCIETIES,INFOCOMM TECHNOLOGY (MEDIA PRODUCTION),na
GAN ENG SENG SCHOOL,SECONDARY (S1-S5),VISUAL AND PERFORMING ARTS,MARCHING BAND,na
GAN ENG SENG SCHOOL,SECONDARY (S1-S5),VISUAL AND PERFORMING ARTS,MODERN DANCE,na
GAN ENG SENG SCHOOL,SECONDARY (S1-S5),PHYSICAL SPORTS,MODULAR CCA (SPORTS),na
GAN ENG SENG SCHOOL,SECONDARY (S1-S5),UNIFORMED GROUPS,NATIONAL CADET CORPS (LAND),na
GAN ENG SENG SCHOOL,SECONDARY (S1-S5),UNIFORMED GROUPS,NATIONAL POLICE CADET CORPS,na
GAN ENG SENG SCHOOL,SECONDARY (S1-S5),PHYSICAL SPORTS,ROCKWALL CLIMBING,na
GAN ENG SENG SCHOOL,SECONDARY (S1-S5),UNIFORMED GROUPS,SCOUTS,na
GAN ENG SENG SCHOOL,SECONDARY (S1-S5),VISUAL AND PERFORMING ARTS,SINGAPORE NATIONAL YOUTH ORCHESTRA,na
GAN ENG SENG SCHOOL,SECONDARY (S1-S5),PHYSICAL SPORTS,SP-CCA (ATHLETICS),na
GAN ENG SENG SCHOOL,SECONDARY (S1-S5),PHYSICAL SPORTS,SP-CCA (WATER POLO),na
GAN ENG SENG SCHOOL,SECONDARY (S1-S5),UNIFORMED GROUPS,ST JOHN BRIGADE,na
GAN ENG SENG SCHOOL,SECONDARY (S1-S5),OTHERS,STUDENT LEADERSHIP (COUNCIL),na
GAN ENG SENG SCHOOL,SECONDARY (S1-S5),PHYSICAL SPORTS,SWIMMING,na
GAN ENG SENG SCHOOL,SECONDARY (S1-S5),PHYSICAL SPORTS,TABLE TENNIS,na
GAN ENG SENG SCHOOL,SECONDARY (S1-S5),PHYSICAL SPORTS,TAEKWONDO,na
GEYLANG METHODIST SCHOOL (PRIMARY),PRIMARY,VISUAL AND PERFORMING ARTS,ANGKLUNG/KULINTANG ENSEMBLE,na
GEYLANG METHODIST SCHOOL (PRIMARY),PRIMARY,CLUBS AND SOCIETIES,ART AND CRAFTS,na
GEYLANG METHODIST SCHOOL (PRIMARY),PRIMARY,PHYSICAL SPORTS,BADMINTON,na
GEYLANG METHODIST SCHOOL (PRIMARY),PRIMARY,PHYSICAL SPORTS,BASKETBALL,na
GEYLANG METHODIST SCHOOL (PRIMARY),PRIMARY,UNIFORMED GROUPS,BOYS' BRIGADE,na
GEYLANG METHODIST SCHOOL (PRIMARY),PRIMARY,VISUAL AND PERFORMING ARTS,CHOIR,na
GEYLANG METHODIST SCHOOL (PRIMARY),PRIMARY,CLUBS AND SOCIETIES,ENGLISH CULTURE AND LANGUAGE,na
GEYLANG METHODIST SCHOOL (PRIMARY),PRIMARY,CLUBS AND SOCIETIES,ENVIRONMENTAL SCIENCE,na
GEYLANG METHODIST SCHOOL (PRIMARY),PRIMARY,PHYSICAL SPORTS,FOOTBALL,na
GEYLANG METHODIST SCHOOL (PRIMARY),PRIMARY,UNIFORMED GROUPS,GIRLS' BRIGADE,na
GEYLANG METHODIST SCHOOL (PRIMARY),PRIMARY,VISUAL AND PERFORMING ARTS,GUZHENG ENSEMBLE,na
GEYLANG METHODIST SCHOOL (PRIMARY),PRIMARY,VISUAL AND PERFORMING ARTS,HANDBELL ENSEMBLE,na
GEYLANG METHODIST SCHOOL (PRIMARY),PRIMARY,CLUBS AND SOCIETIES,INFOCOMM TECHNOLOGY (MEDIA PRODUCTION),na
GEYLANG METHODIST SCHOOL (PRIMARY),PRIMARY,CLUBS AND SOCIETIES,INTERNATIONAL CHESS,na
GEYLANG METHODIST SCHOOL (PRIMARY),PRIMARY,VISUAL AND PERFORMING ARTS,MODERN DANCE,na
GEYLANG METHODIST SCHOOL (PRIMARY),PRIMARY,PHYSICAL SPORTS,NETBALL,na
GEYLANG METHODIST SCHOOL (PRIMARY),PRIMARY,PHYSICAL SPORTS,ROPE SKIPPING,na
GEYLANG METHODIST SCHOOL (PRIMARY),PRIMARY,PHYSICAL SPORTS,TRACK AND FIELD,na
GEYLANG METHODIST SCHOOL (SECONDARY),SECONDARY (S1-S5),PHYSICAL SPORTS,BADMINTON,na
GEYLANG METHODIST SCHOOL (SECONDARY),SECONDARY (S1-S5),PHYSICAL SPORTS,BASKETBALL,na
GEYLANG METHODIST SCHOOL (SECONDARY),SECONDARY (S1-S5),PHYSICAL SPORTS,BOWLING,na
GEYLANG METHODIST SCHOOL (SECONDARY),SECONDARY (S1-S5),UNIFORMED GROUPS,BOYS' BRIGADE,na
GEYLANG METHODIST SCHOOL (SECONDARY),SECONDARY (S1-S5),VISUAL AND PERFORMING ARTS,CHINESE DANCE,na
GEYLANG METHODIST SCHOOL (SECONDARY),SECONDARY (S1-S5),VISUAL AND PERFORMING ARTS,CHOIR,na
GEYLANG METHODIST SCHOOL (SECONDARY),SECONDARY (S1-S5),VISUAL AND PERFORMING ARTS,CONCERT BAND,na
GEYLANG METHODIST SCHOOL (SECONDARY),SECONDARY (S1-S5),VISUAL AND PERFORMING ARTS,ENGLISH DRAMA,na
GEYLANG METHODIST SCHOOL (SECONDARY),SECONDARY (S1-S5),PHYSICAL SPORTS,FOOTBALL,na
GEYLANG METHODIST SCHOOL (SECONDARY),SECONDARY (S1-S5),UNIFORMED GROUPS,GIRL GUIDES,na
GEYLANG METHODIST SCHOOL (SECONDARY),SECONDARY (S1-S5),UNIFORMED GROUPS,GIRLS' BRIGADE,na
GEYLANG METHODIST SCHOOL (SECONDARY),SECONDARY (S1-S5),CLUBS AND SOCIETIES,INFOCOMM TECHNOLOGY (COMPUTING),na
GEYLANG METHODIST SCHOOL (SECONDARY),SECONDARY (S1-S5),CLUBS AND SOCIETIES,INFOCOMM TECHNOLOGY (MEDIA PRODUCTION),MEDIA RESOURCE
GEYLANG METHODIST SCHOOL (SECONDARY),SECONDARY (S1-S5),PHYSICAL SPORTS,MODULAR CCA (SPORTS),na
GEYLANG METHODIST SCHOOL (SECONDARY),SECONDARY (S1-S5),UNIFORMED GROUPS,NATIONAL POLICE CADET CORPS,na
GEYLANG METHODIST SCHOOL (SECONDARY),SECONDARY (S1-S5),PHYSICAL SPORTS,NETBALL,na
GEYLANG METHODIST SCHOOL (SECONDARY),SECONDARY (S1-S5),CLUBS AND SOCIETIES,PHOTOGRAPHY,MEDIA@GM
GEYLANG METHODIST SCHOOL (SECONDARY),SECONDARY (S1-S5),CLUBS AND SOCIETIES,SINGAPORE YOUTH FLYING CLUB,na
GEYLANG METHODIST SCHOOL (SECONDARY),SECONDARY (S1-S5),PHYSICAL SPORTS,SOFTBALL,na
GEYLANG METHODIST SCHOOL (SECONDARY),SECONDARY (S1-S5),CLUBS AND SOCIETIES,STRATEGY GAMES,BOARD GAMES
GEYLANG METHODIST SCHOOL (SECONDARY),SECONDARY (S1-S5),OTHERS,STUDENT INITIATED ACTIVITIES (CLUBS & SOCIETIES),na
GEYLANG METHODIST SCHOOL (SECONDARY),SECONDARY (S1-S5),OTHERS,STUDENT LEADERSHIP (COUNCIL),na
GEYLANG METHODIST SCHOOL (SECONDARY),SECONDARY (S1-S5),OTHERS,STUDENT LEADERSHIP (HOUSE),na
GEYLANG METHODIST SCHOOL (SECONDARY),SECONDARY (S1-S5),OTHERS,STUDENT LEADERSHIP (PEER SUPPORT),na
GEYLANG METHODIST SCHOOL (SECONDARY),SECONDARY (S1-S5),PHYSICAL SPORTS,TABLE TENNIS,na
GEYLANG METHODIST SCHOOL (SECONDARY),SECONDARY (S1-S5),PHYSICAL SPORTS,TRACK AND FIELD,ATHLETICS
GEYLANG METHODIST SCHOOL (SECONDARY),SECONDARY (S1-S5),PHYSICAL SPORTS,VOLLEYBALL,na
GONGSHANG PRIMARY SCHOOL,PRIMARY,CLUBS AND SOCIETIES,ART AND CRAFTS,na
GONGSHANG PRIMARY SCHOOL,PRIMARY,PHYSICAL SPORTS,BADMINTON,na
GONGSHANG PRIMARY SCHOOL,PRIMARY,PHYSICAL SPORTS,BASKETBALL,Basketball
GONGSHANG PRIMARY SCHOOL,PRIMARY,CLUBS AND SOCIETIES,ENVIRONMENTAL SCIENCE,na
GONGSHANG PRIMARY SCHOOL,PRIMARY,PHYSICAL SPORTS,FLOORBALL,na
GONGSHANG PRIMARY SCHOOL,PRIMARY,CLUBS AND SOCIETIES,INFOCOMM TECHNOLOGY (COMPUTING),na
GONGSHANG PRIMARY SCHOOL,PRIMARY,CLUBS AND SOCIETIES,INTERNATIONAL CHESS,na
GONGSHANG PRIMARY SCHOOL,PRIMARY,VISUAL AND PERFORMING ARTS,MODERN DANCE,na
GONGSHANG PRIMARY SCHOOL,PRIMARY,UNIFORMED GROUPS,SCOUTS,na
GONGSHANG PRIMARY SCHOOL,PRIMARY,CLUBS AND SOCIETIES,SPEECH AND DRAMA,na
GONGSHANG PRIMARY SCHOOL,PRIMARY,VISUAL AND PERFORMING ARTS,STRING ENSEMBLE,na
GONGSHANG PRIMARY SCHOOL,PRIMARY,PHYSICAL SPORTS,TRACK AND FIELD,na
GONGSHANG PRIMARY SCHOOL,PRIMARY,PHYSICAL SPORTS,WUSHU,na
GREENDALE PRIMARY SCHOOL,PRIMARY,CLUBS AND SOCIETIES,ART AND CRAFTS,na
GREENDALE PRIMARY SCHOOL,PRIMARY,PHYSICAL SPORTS,BADMINTON,na
GREENDALE PRIMARY SCHOOL,PRIMARY,UNIFORMED GROUPS,BOYS' BRIGADE,na
GREENDALE PRIMARY SCHOOL,PRIMARY,VISUAL AND PERFORMING ARTS,CHOIR,na
GREENDALE PRIMARY SCHOOL,PRIMARY,CLUBS AND SOCIETIES,ENVIRONMENTAL SCIENCE,na
GREENDALE PRIMARY SCHOOL,PRIMARY,UNIFORMED GROUPS,GIRLS' BRIGADE,na
GREENDALE PRIMARY SCHOOL,PRIMARY,VISUAL AND PERFORMING ARTS,GUITAR ENSEMBLE,na
GREENDALE PRIMARY SCHOOL,PRIMARY,CLUBS AND SOCIETIES,INFOCOMM TECHNOLOGY (COMPUTING),na
GREENDALE PRIMARY SCHOOL,PRIMARY,CLUBS AND SOCIETIES,INTERNATIONAL CHESS,na
GREENDALE PRIMARY SCHOOL,PRIMARY,VISUAL AND PERFORMING ARTS,MODERN DANCE,na
GREENDALE PRIMARY SCHOOL,PRIMARY,PHYSICAL SPORTS,NETBALL,na
GREENDALE PRIMARY SCHOOL,PRIMARY,UNIFORMED GROUPS,RED CROSS YOUTH,na
GREENDALE PRIMARY SCHOOL,PRIMARY,PHYSICAL SPORTS,SOFTBALL,na
GREENDALE PRIMARY SCHOOL,PRIMARY,OTHERS,STUDENT LEADERSHIP (PREFECT),na
GREENDALE PRIMARY SCHOOL,PRIMARY,PHYSICAL SPORTS,TABLE TENNIS,na
GREENDALE PRIMARY SCHOOL,PRIMARY,PHYSICAL SPORTS,VOLLEYBALL,na
GREENDALE PRIMARY SCHOOL,PRIMARY,PHYSICAL SPORTS,WUSHU,na
GREENDALE SECONDARY SCHOOL,SECONDARY (S1-S5),VISUAL AND PERFORMING ARTS,ANGKLUNG/KULINTANG ENSEMBLE,ANGKLUNG ENSEMBLE
GREENDALE SECONDARY SCHOOL,SECONDARY (S1-S5),CLUBS AND SOCIETIES,ART AND CRAFTS,ART & CULTURE CLUB
GREENDALE SECONDARY SCHOOL,SECONDARY (S1-S5),PHYSICAL SPORTS,CANOEING,na
GREENDALE SECONDARY SCHOOL,SECONDARY (S1-S5),VISUAL AND PERFORMING ARTS,CHINESE ORCHESTRA,GREENDALE ORCHESTRA
GREENDALE SECONDARY SCHOOL,SECONDARY (S1-S5),VISUAL AND PERFORMING ARTS,CHOIR,CHORALE
GREENDALE SECONDARY SCHOOL,SECONDARY (S1-S5),CLUBS AND SOCIETIES,DIGITAL MEDIA,GREENDALE BROGADCASTING CLUB
GREENDALE SECONDARY SCHOOL,SECONDARY (S1-S5),VISUAL AND PERFORMING ARTS,ENGLISH DRAMA,THEATRICKS!
GREENDALE SECONDARY SCHOOL,SECONDARY (S1-S5),CLUBS AND SOCIETIES,ENVIRONMENTAL SCIENCE,GREENDALE GREEN CLUB
GREENDALE SECONDARY SCHOOL,SECONDARY (S1-S5),PHYSICAL SPORTS,FENCING,na
GREENDALE SECONDARY SCHOOL,SECONDARY (S1-S5),PHYSICAL SPORTS,FLOORBALL,na
GREENDALE SECONDARY SCHOOL,SECONDARY (S1-S5),PHYSICAL SPORTS,FOOTBALL,na
GREENDALE SECONDARY SCHOOL,SECONDARY (S1-S5),CLUBS AND SOCIETIES,MEDIA RESOURCE LIBRARY,LIBRARY
GREENDALE SECONDARY SCHOOL,SECONDARY (S1-S5),VISUAL AND PERFORMING ARTS,MODERN DANCE,DANCE ENSEMBLE
GREENDALE SECONDARY SCHOOL,SECONDARY (S1-S5),UNIFORMED GROUPS,NATIONAL CADET CORPS (LAND),NATIONAL CADET CORPS (AIR)
GREENDALE SECONDARY SCHOOL,SECONDARY (S1-S5),UNIFORMED GROUPS,NATIONAL POLICE CADET CORPS,na
GREENDALE SECONDARY SCHOOL,SECONDARY (S1-S5),PHYSICAL SPORTS,OUTDOOR ADVENTURE,ODAC
GREENDALE SECONDARY SCHOOL,SECONDARY (S1-S5),UNIFORMED GROUPS,RED CROSS YOUTH,na
GREENDALE SECONDARY SCHOOL,SECONDARY (S1-S5),CLUBS AND SOCIETIES,ROBOTICS,na
GREENDALE SECONDARY SCHOOL,SECONDARY (S1-S5),CLUBS AND SOCIETIES,SINGAPORE YOUTH FLYING CLUB,na
GREENDALE SECONDARY SCHOOL,SECONDARY (S1-S5),PHYSICAL SPORTS,SOFTBALL,na
GREENDALE SECONDARY SCHOOL,SECONDARY (S1-S5),PHYSICAL SPORTS,SP-CCA (ATHLETICS),na
GREENRIDGE PRIMARY SCHOOL,PRIMARY,CLUBS AND SOCIETIES,ART AND CRAFTS,ART EXPRESSION
GREENRIDGE PRIMARY SCHOOL,PRIMARY,PHYSICAL SPORTS,BADMINTON,na
GREENRIDGE PRIMARY SCHOOL,PRIMARY,PHYSICAL SPORTS,BASKETBALL,na
GREENRIDGE PRIMARY SCHOOL,PRIMARY,UNIFORMED GROUPS,BOYS' BRIGADE,na
GREENRIDGE PRIMARY SCHOOL,PRIMARY,VISUAL AND PERFORMING ARTS,BRASS BAND,na
GREENRIDGE PRIMARY SCHOOL,PRIMARY,VISUAL AND PERFORMING ARTS,CULTURAL DANCE,INTERNATIONAL DANCE
GREENRIDGE PRIMARY SCHOOL,PRIMARY,VISUAL AND PERFORMING ARTS,ENGLISH DRAMA,DRAMA CLUB
GREENRIDGE PRIMARY SCHOOL,PRIMARY,CLUBS AND SOCIETIES,ENVIRONMENTAL SCIENCE,GREEN & INNOVATION CLUB
GREENRIDGE PRIMARY SCHOOL,PRIMARY,PHYSICAL SPORTS,FOOTBALL,na
GREENRIDGE PRIMARY SCHOOL,PRIMARY,UNIFORMED GROUPS,GIRLS' BRIGADE,na
GREENRIDGE PRIMARY SCHOOL,PRIMARY,VISUAL AND PERFORMING ARTS,GUZHENG ENSEMBLE,na
GREENRIDGE PRIMARY SCHOOL,PRIMARY,PHYSICAL SPORTS,HOCKEY,na
GREENRIDGE PRIMARY SCHOOL,PRIMARY,CLUBS AND SOCIETIES,INFOCOMM TECHNOLOGY (MEDIA PRODUCTION),na
GREENRIDGE PRIMARY SCHOOL,PRIMARY,CLUBS AND SOCIETIES,MEDIA RESOURCE LIBRARY,LIBRARY
GREENRIDGE PRIMARY SCHOOL,PRIMARY,PHYSICAL SPORTS,NETBALL,na
GREENRIDGE PRIMARY SCHOOL,PRIMARY,CLUBS AND SOCIETIES,ROBOTICS,na
GREENRIDGE PRIMARY SCHOOL,PRIMARY,PHYSICAL SPORTS,ROCKWALL CLIMBING,SPORT CLIMBING
GREENRIDGE PRIMARY SCHOOL,PRIMARY,UNIFORMED GROUPS,SCOUTS,na
GREENRIDGE PRIMARY SCHOOL,PRIMARY,OTHERS,STUDENT LEADERSHIP (PREFECT),na
GREENRIDGE PRIMARY SCHOOL,PRIMARY,PHYSICAL SPORTS,WUSHU,na
GREENRIDGE SECONDARY SCHOOL,SECONDARY (S1-S5),PHYSICAL SPORTS,BADMINTON,na
GREENRIDGE SECONDARY SCHOOL,SECONDARY (S1-S5),VISUAL AND PERFORMING ARTS,CONCERT BAND,na
GREENRIDGE SECONDARY SCHOOL,SECONDARY (S1-S5),VISUAL AND PERFORMING ARTS,ENGLISH DRAMA,na
GREENRIDGE SECONDARY SCHOOL,SECONDARY (S1-S5),PHYSICAL SPORTS,FOOTBALL,na
GREENRIDGE SECONDARY SCHOOL,SECONDARY (S1-S5),UNIFORMED GROUPS,GIRLS' BRIGADE,na
GREENRIDGE SECONDARY SCHOOL,SECONDARY (S1-S5),CLUBS AND SOCIETIES,INFOCOMM TECHNOLOGY (MEDIA PRODUCTION),na
GREENRIDGE SECONDARY SCHOOL,SECONDARY (S1-S5),VISUAL AND PERFORMING ARTS,MODERN DANCE,na
GREENRIDGE SECONDARY SCHOOL,SECONDARY (S1-S5),UNIFORMED GROUPS,NATIONAL CADET CORPS (LAND),na
GREENRIDGE SECONDARY SCHOOL,SECONDARY (S1-S5),UNIFORMED GROUPS,NATIONAL CIVIL DEFENCE CADET CORPS,na
GREENRIDGE SECONDARY SCHOOL,SECONDARY (S1-S5),UNIFORMED GROUPS,NATIONAL POLICE CADET CORPS,na
GREENRIDGE SECONDARY SCHOOL,SECONDARY (S1-S5),PHYSICAL SPORTS,NETBALL,na
GREENRIDGE SECONDARY SCHOOL,SECONDARY (S1-S5),CLUBS AND SOCIETIES,ROBOTICS,na
GREENRIDGE SECONDARY SCHOOL,SECONDARY (S1-S5),PHYSICAL SPORTS,RUGBY,na
GREENRIDGE SECONDARY SCHOOL,SECONDARY (S1-S5),UNIFORMED GROUPS,SCOUTS,na
GREENRIDGE SECONDARY SCHOOL,SECONDARY (S1-S5),CLUBS AND SOCIETIES,SINGAPORE YOUTH FLYING CLUB,na
GREENRIDGE SECONDARY SCHOOL,SECONDARY (S1-S5),OTHERS,STUDENT LEADERSHIP (COUNCIL),na
GREENRIDGE SECONDARY SCHOOL,SECONDARY (S1-S5),OTHERS,STUDENT LEADERSHIP (PEER SUPPORT),na
GREENRIDGE SECONDARY SCHOOL,SECONDARY (S1-S5),PHYSICAL SPORTS,TCHOUKBALL,na
GREENRIDGE SECONDARY SCHOOL,SECONDARY (S1-S5),PHYSICAL SPORTS,VOLLEYBALL,na
GREENWOOD PRIMARY SCHOOL,PRIMARY,VISUAL AND PERFORMING ARTS,ANGKLUNG/KULINTANG ENSEMBLE,na
GREENWOOD PRIMARY SCHOOL,PRIMARY,CLUBS AND SOCIETIES,ART AND CRAFTS,na
GREENWOOD PRIMARY SCHOOL,PRIMARY,PHYSICAL SPORTS,BADMINTON,na
GREENWOOD PRIMARY SCHOOL,PRIMARY,PHYSICAL SPORTS,BASKETBALL,na
GREENWOOD PRIMARY SCHOOL,PRIMARY,VISUAL AND PERFORMING ARTS,CHINESE DANCE,na
GREENWOOD PRIMARY SCHOOL,PRIMARY,VISUAL AND PERFORMING ARTS,CHOIR,na
GREENWOOD PRIMARY SCHOOL,PRIMARY,CLUBS AND SOCIETIES,"ENGLISH LANGUAGE, DRAMA AND DEBATING",na
GREENWOOD PRIMARY SCHOOL,PRIMARY,CLUBS AND SOCIETIES,ENVIRONMENTAL SCIENCE,na
GREENWOOD PRIMARY SCHOOL,PRIMARY,PHYSICAL SPORTS,FLOORBALL,na
GREENWOOD PRIMARY SCHOOL,PRIMARY,VISUAL AND PERFORMING ARTS,INDIAN DANCE,na
GREENWOOD PRIMARY SCHOOL,PRIMARY,CLUBS AND SOCIETIES,INFOCOMM TECHNOLOGY (MEDIA PRODUCTION),na
GREENWOOD PRIMARY SCHOOL,PRIMARY,VISUAL AND PERFORMING ARTS,MALAY DANCE,na
GREENWOOD PRIMARY SCHOOL,PRIMARY,PHYSICAL SPORTS,RUGBY,na
GREENWOOD PRIMARY SCHOOL,PRIMARY,UNIFORMED GROUPS,SCOUTS,na
GREENWOOD PRIMARY SCHOOL,PRIMARY,VISUAL AND PERFORMING ARTS,STRING ENSEMBLE,na
GUANGYANG SECONDARY SCHOOL,SECONDARY (S1-S5),PHYSICAL SPORTS,BADMINTON,na
GUANGYANG SECONDARY SCHOOL,SECONDARY (S1-S5),PHYSICAL SPORTS,BASKETBALL,na
GUANGYANG SECONDARY SCHOOL,SECONDARY (S1-S5),VISUAL AND PERFORMING ARTS,CHOIR,na
GUANGYANG SECONDARY SCHOOL,SECONDARY (S1-S5),VISUAL AND PERFORMING ARTS,CONCERT BAND,na
GUANGYANG SECONDARY SCHOOL,SECONDARY (S1-S5),PHYSICAL SPORTS,CROSS COUNTRY,na
GUANGYANG SECONDARY SCHOOL,SECONDARY (S1-S5),VISUAL AND PERFORMING ARTS,ENGLISH DRAMA,na
GUANGYANG SECONDARY SCHOOL,SECONDARY (S1-S5),CLUBS AND SOCIETIES,ENVIRONMENTAL SCIENCE,na
GUANGYANG SECONDARY SCHOOL,SECONDARY (S1-S5),PHYSICAL SPORTS,FOOTBALL,na
GUANGYANG SECONDARY SCHOOL,SECONDARY (S1-S5),UNIFORMED GROUPS,GIRLS' BRIGADE,na
GUANGYANG SECONDARY SCHOOL,SECONDARY (S1-S5),CLUBS AND SOCIETIES,INFOCOMM TECHNOLOGY (MEDIA PRODUCTION),na
GUANGYANG SECONDARY SCHOOL,SECONDARY (S1-S5),VISUAL AND PERFORMING ARTS,MODULAR CCA (VPA),INTERNATIONAL DANCE
GUANGYANG SECONDARY SCHOOL,SECONDARY (S1-S5),UNIFORMED GROUPS,NATIONAL CADET CORPS (LAND),na
GUANGYANG SECONDARY SCHOOL,SECONDARY (S1-S5),UNIFORMED GROUPS,NATIONAL POLICE CADET CORPS,na
GUANGYANG SECONDARY SCHOOL,SECONDARY (S1-S5),UNIFORMED GROUPS,RED CROSS YOUTH,na
GUANGYANG SECONDARY SCHOOL,SECONDARY (S1-S5),PHYSICAL SPORTS,RHYTHMIC GYMNASTICS,na
GUANGYANG SECONDARY SCHOOL,SECONDARY (S1-S5),PHYSICAL SPORTS,ROCKWALL CLIMBING,na
GUANGYANG SECONDARY SCHOOL,SECONDARY (S1-S5),VISUAL AND PERFORMING ARTS,SINGAPORE NATIONAL YOUTH CHINESE ORCHESTRA,na
GUANGYANG SECONDARY SCHOOL,SECONDARY (S1-S5),CLUBS AND SOCIETIES,SINGAPORE YOUTH FLYING CLUB,na
GUANGYANG SECONDARY SCHOOL,SECONDARY (S1-S5),PHYSICAL SPORTS,SP-CCA (ATHLETICS),na
GUANGYANG SECONDARY SCHOOL,SECONDARY (S1-S5),VISUAL AND PERFORMING ARTS,SP-CCA (ETHNIC DANCE),na
GUANGYANG SECONDARY SCHOOL,SECONDARY (S1-S5),PHYSICAL SPORTS,SP-CCA (WATER POLO),na
HAI SING CATHOLIC SCHOOL,SECONDARY (S1-S5),PHYSICAL SPORTS,BADMINTON,na
HAI SING CATHOLIC SCHOOL,SECONDARY (S1-S5),PHYSICAL SPORTS,BOWLING,na
HAI SING CATHOLIC SCHOOL,SECONDARY (S1-S5),VISUAL AND PERFORMING ARTS,CHOIR,na
HAI SING CATHOLIC SCHOOL,SECONDARY (S1-S5),VISUAL AND PERFORMING ARTS,CONCERT BAND,na
HAI SING CATHOLIC SCHOOL,SECONDARY (S1-S5),PHYSICAL SPORTS,CROSS COUNTRY,ATHLETICS
HAI SING CATHOLIC SCHOOL,SECONDARY (S1-S5),VISUAL AND PERFORMING ARTS,ENGLISH DRAMA,na
HAI SING CATHOLIC SCHOOL,SECONDARY (S1-S5),PHYSICAL SPORTS,FENCING,na
HAI SING CATHOLIC SCHOOL,SECONDARY (S1-S5),PHYSICAL SPORTS,FLOORBALL,na
HAI SING CATHOLIC SCHOOL,SECONDARY (S1-S5),PHYSICAL SPORTS,FOOTBALL,na
HAI SING CATHOLIC SCHOOL,SECONDARY (S1-S5),CLUBS AND SOCIETIES,INFOCOMM TECHNOLOGY (MEDIA PRODUCTION),na
HAI SING CATHOLIC SCHOOL,SECONDARY (S1-S5),VISUAL AND PERFORMING ARTS,MODERN DANCE,na
HAI SING CATHOLIC SCHOOL,SECONDARY (S1-S5),UNIFORMED GROUPS,NATIONAL CADET CORPS (LAND),na
HAI SING CATHOLIC SCHOOL,SECONDARY (S1-S5),UNIFORMED GROUPS,NATIONAL POLICE CADET CORPS,na
HAI SING CATHOLIC SCHOOL,SECONDARY (S1-S5),CLUBS AND SOCIETIES,ROBOTICS,na
HAI SING CATHOLIC SCHOOL,SECONDARY (S1-S5),VISUAL AND PERFORMING ARTS,SINGAPORE NATIONAL YOUTH ORCHESTRA,na
HAI SING CATHOLIC SCHOOL,SECONDARY (S1-S5),CLUBS AND SOCIETIES,SINGAPORE YOUTH FLYING CLUB,na
HAI SING CATHOLIC SCHOOL,SECONDARY (S1-S5),VISUAL AND PERFORMING ARTS,SP-CCA (ETHNIC DANCE),na
HAI SING CATHOLIC SCHOOL,SECONDARY (S1-S5),UNIFORMED GROUPS,ST JOHN BRIGADE,na
HAI SING CATHOLIC SCHOOL,SECONDARY (S1-S5),OTHERS,STUDENT LEADERSHIP (COUNCIL),na
HAI SING CATHOLIC SCHOOL,SECONDARY (S1-S5),PHYSICAL SPORTS,VOLLEYBALL,na
HAIG GIRLS' SCHOOL,PRIMARY,CLUBS AND SOCIETIES,ART AND CRAFTS,na
HAIG GIRLS' SCHOOL,PRIMARY,PHYSICAL SPORTS,BADMINTON,na
HAIG GIRLS' SCHOOL,PRIMARY,PHYSICAL SPORTS,BOWLING,na
HAIG GIRLS' SCHOOL,PRIMARY,VISUAL AND PERFORMING ARTS,CHINESE DANCE,na
HAIG GIRLS' SCHOOL,PRIMARY,VISUAL AND PERFORMING ARTS,CHOIR,na
HAIG GIRLS' SCHOOL,PRIMARY,CLUBS AND SOCIETIES,"ENGLISH LANGUAGE, DRAMA AND DEBATING",na
HAIG GIRLS' SCHOOL,PRIMARY,PHYSICAL SPORTS,FOOTBALL,na
HAIG GIRLS' SCHOOL,PRIMARY,VISUAL AND PERFORMING ARTS,GAMELAN ENSEMBLE,na
HAIG GIRLS' SCHOOL,PRIMARY,UNIFORMED GROUPS,GIRL GUIDES (BROWNIES),na
HAIG GIRLS' SCHOOL,PRIMARY,VISUAL AND PERFORMING ARTS,HANDBELL ENSEMBLE,na
HAIG GIRLS' SCHOOL,PRIMARY,VISUAL AND PERFORMING ARTS,MODERN DANCE,na
HAIG GIRLS' SCHOOL,PRIMARY,PHYSICAL SPORTS,NETBALL,na
HAIG GIRLS' SCHOOL,PRIMARY,CLUBS AND SOCIETIES,PHYSICAL SCIENCE,na
HAIG GIRLS' SCHOOL,PRIMARY,UNIFORMED GROUPS,RED CROSS YOUTH,na
HAIG GIRLS' SCHOOL,PRIMARY,PHYSICAL SPORTS,WUSHU,na
HENRY PARK PRIMARY SCHOOL,PRIMARY,CLUBS AND SOCIETIES,ART AND CRAFTS,ART CLUB
HENRY PARK PRIMARY SCHOOL,PRIMARY,PHYSICAL SPORTS,ARTISTIC GYMNASTICS,na
HENRY PARK PRIMARY SCHOOL,PRIMARY,PHYSICAL SPORTS,BADMINTON,na
HENRY PARK PRIMARY SCHOOL,PRIMARY,PHYSICAL SPORTS,BASKETBALL,na
HENRY PARK PRIMARY SCHOOL,PRIMARY,VISUAL AND PERFORMING ARTS,CHINESE DANCE,na
HENRY PARK PRIMARY SCHOOL,PRIMARY,VISUAL AND PERFORMING ARTS,CHINESE ORCHESTRA,na
HENRY PARK PRIMARY SCHOOL,PRIMARY,VISUAL AND PERFORMING ARTS,CHOIR,na
HENRY PARK PRIMARY SCHOOL,PRIMARY,CLUBS AND SOCIETIES,ENGLISH CULTURE AND LANGUAGE,ENGLISH ORATORICAL CLUB
HENRY PARK PRIMARY SCHOOL,PRIMARY,PHYSICAL SPORTS,FLOORBALL,na
HENRY PARK PRIMARY SCHOOL,PRIMARY,PHYSICAL SPORTS,FOOTBALL,na
HENRY PARK PRIMARY SCHOOL,PRIMARY,UNIFORMED GROUPS,GIRL GUIDES (BROWNIES),na
HENRY PARK PRIMARY SCHOOL,PRIMARY,UNIFORMED GROUPS,GIRLS' BRIGADE,na
HENRY PARK PRIMARY SCHOOL,PRIMARY,CLUBS AND SOCIETIES,INTERNATIONAL CHESS,na
HENRY PARK PRIMARY SCHOOL,PRIMARY,VISUAL AND PERFORMING ARTS,MODERN DANCE,na
HENRY PARK PRIMARY SCHOOL,PRIMARY,PHYSICAL SPORTS,MODULAR CCA (SPORTS),na
HENRY PARK PRIMARY SCHOOL,PRIMARY,PHYSICAL SPORTS,NETBALL,na
HENRY PARK PRIMARY SCHOOL,PRIMARY,CLUBS AND SOCIETIES,PHYSICAL SCIENCE,na
HENRY PARK PRIMARY SCHOOL,PRIMARY,UNIFORMED GROUPS,SCOUTS,na
HENRY PARK PRIMARY SCHOOL,PRIMARY,VISUAL AND PERFORMING ARTS,STRING ENSEMBLE,na
HENRY PARK PRIMARY SCHOOL,PRIMARY,PHYSICAL SPORTS,TABLE TENNIS,na
HENRY PARK PRIMARY SCHOOL,PRIMARY,PHYSICAL SPORTS,TENNIS,na
HENRY PARK PRIMARY SCHOOL,PRIMARY,PHYSICAL SPORTS,TRACK AND FIELD,na
HILLGROVE SECONDARY SCHOOL,SECONDARY (S1-S5),CLUBS AND SOCIETIES,ART AND CRAFTS,na
HILLGROVE SECONDARY SCHOOL,SECONDARY (S1-S5),PHYSICAL SPORTS,BADMINTON,na
HILLGROVE SECONDARY SCHOOL,SECONDARY (S1-S5),PHYSICAL SPORTS,BOWLING,na
HILLGROVE SECONDARY SCHOOL,SECONDARY (S1-S5),UNIFORMED GROUPS,BOYS' BRIGADE,na
HILLGROVE SECONDARY SCHOOL,SECONDARY (S1-S5),CLUBS AND SOCIETIES,BROADCASTING,na
HILLGROVE SECONDARY SCHOOL,SECONDARY (S1-S5),VISUAL AND PERFORMING ARTS,CHOIR,na
HILLGROVE SECONDARY SCHOOL,SECONDARY (S1-S5),VISUAL AND PERFORMING ARTS,CONCERT BAND,na
HILLGROVE SECONDARY SCHOOL,SECONDARY (S1-S5),CLUBS AND SOCIETIES,DIGITAL MEDIA,na
HILLGROVE SECONDARY SCHOOL,SECONDARY (S1-S5),VISUAL AND PERFORMING ARTS,ENGLISH DRAMA,na
HILLGROVE SECONDARY SCHOOL,SECONDARY (S1-S5),PHYSICAL SPORTS,FLOORBALL,na
HILLGROVE SECONDARY SCHOOL,SECONDARY (S1-S5),UNIFORMED GROUPS,GIRLS' BRIGADE,na
HILLGROVE SECONDARY SCHOOL,SECONDARY (S1-S5),PHYSICAL SPORTS,GOLF,na
HILLGROVE SECONDARY SCHOOL,SECONDARY (S1-S5),VISUAL AND PERFORMING ARTS,MALAY DANCE,na
HILLGROVE SECONDARY SCHOOL,SECONDARY (S1-S5),VISUAL AND PERFORMING ARTS,MODERN DANCE,na
HILLGROVE SECONDARY SCHOOL,SECONDARY (S1-S5),UNIFORMED GROUPS,NATIONAL CADET CORPS (AIR),na
HILLGROVE SECONDARY SCHOOL,SECONDARY (S1-S5),UNIFORMED GROUPS,NATIONAL POLICE CADET CORPS,na
HILLGROVE SECONDARY SCHOOL,SECONDARY (S1-S5),PHYSICAL SPORTS,NETBALL,na
HILLGROVE SECONDARY SCHOOL,SECONDARY (S1-S5),CLUBS AND SOCIETIES,ROBOTICS,na
HILLGROVE SECONDARY SCHOOL,SECONDARY (S1-S5),UNIFORMED GROUPS,SCOUTS,na
HILLGROVE SECONDARY SCHOOL,SECONDARY (S1-S5),CLUBS AND SOCIETIES,SINGAPORE YOUTH FLYING CLUB,na
HILLGROVE SECONDARY SCHOOL,SECONDARY (S1-S5),PHYSICAL SPORTS,SP-CCA (ATHLETICS),na
HILLGROVE SECONDARY SCHOOL,SECONDARY (S1-S5),PHYSICAL SPORTS,SP-CCA (WATER POLO),na
HILLGROVE SECONDARY SCHOOL,SECONDARY (S1-S5),PHYSICAL SPORTS,VOLLEYBALL,na
HILLGROVE SECONDARY SCHOOL,SECONDARY (S1-S5),PHYSICAL SPORTS,WUSHU,na
HOLY INNOCENTS' HIGH SCHOOL,SECONDARY (S1-S5),PHYSICAL SPORTS,ARCHERY,na
HOLY INNOCENTS' HIGH SCHOOL,SECONDARY (S1-S5),CLUBS AND SOCIETIES,ART AND CRAFTS,na
HOLY INNOCENTS' HIGH SCHOOL,SECONDARY (S1-S5),PHYSICAL SPORTS,BADMINTON,na
HOLY INNOCENTS' HIGH SCHOOL,SECONDARY (S1-S5),PHYSICAL SPORTS,BASKETBALL,na
HOLY INNOCENTS' HIGH SCHOOL,SECONDARY (S1-S5),PHYSICAL SPORTS,BOWLING,na
HOLY INNOCENTS' HIGH SCHOOL,SECONDARY (S1-S5),VISUAL AND PERFORMING ARTS,CHINESE ORCHESTRA,na
HOLY INNOCENTS' HIGH SCHOOL,SECONDARY (S1-S5),CLUBS AND SOCIETIES,CHINESE WEIQI,na
HOLY INNOCENTS' HIGH SCHOOL,SECONDARY (S1-S5),VISUAL AND PERFORMING ARTS,CHOIR,na
HOLY INNOCENTS' HIGH SCHOOL,SECONDARY (S1-S5),CLUBS AND SOCIETIES,COMMUNITY SERVICE,na
HOLY INNOCENTS' HIGH SCHOOL,SECONDARY (S1-S5),VISUAL AND PERFORMING ARTS,CONCERT BAND,na
HOLY INNOCENTS' HIGH SCHOOL,SECONDARY (S1-S5),CLUBS AND SOCIETIES,DIGITAL MEDIA,na
HOLY INNOCENTS' HIGH SCHOOL,SECONDARY (S1-S5),VISUAL AND PERFORMING ARTS,ENGLISH DRAMA,na
HOLY INNOCENTS' HIGH SCHOOL,SECONDARY (S1-S5),CLUBS AND SOCIETIES,FAITH-BASED CCA,na
HOLY INNOCENTS' HIGH SCHOOL,SECONDARY (S1-S5),PHYSICAL SPORTS,FLOORBALL,na
HOLY INNOCENTS' HIGH SCHOOL,SECONDARY (S1-S5),PHYSICAL SPORTS,FOOTBALL,na
HOLY INNOCENTS' HIGH SCHOOL,SECONDARY (S1-S5),CLUBS AND SOCIETIES,JOURNALISM,na
HOLY INNOCENTS' HIGH SCHOOL,SECONDARY (S1-S5),CLUBS AND SOCIETIES,MEDIA RESOURCE LIBRARY,na
HOLY INNOCENTS' HIGH SCHOOL,SECONDARY (S1-S5),VISUAL AND PERFORMING ARTS,MODERN DANCE,na
HOLY INNOCENTS' HIGH SCHOOL,SECONDARY (S1-S5),UNIFORMED GROUPS,NATIONAL CADET CORPS (LAND),na
HOLY INNOCENTS' HIGH SCHOOL,SECONDARY (S1-S5),UNIFORMED GROUPS,NATIONAL POLICE CADET CORPS,na
HOLY INNOCENTS' HIGH SCHOOL,SECONDARY (S1-S5),PHYSICAL SPORTS,NETBALL,na
HOLY INNOCENTS' HIGH SCHOOL,SECONDARY (S1-S5),UNIFORMED GROUPS,SCOUTS,na
HOLY INNOCENTS' HIGH SCHOOL,SECONDARY (S1-S5),CLUBS AND SOCIETIES,SINGAPORE YOUTH FLYING CLUB,na
HOLY INNOCENTS' HIGH SCHOOL,SECONDARY (S1-S5),PHYSICAL SPORTS,SP-CCA (ATHLETICS),na
HOLY INNOCENTS' HIGH SCHOOL,SECONDARY (S1-S5),PHYSICAL SPORTS,SP-CCA (CANOEING),na
HOLY INNOCENTS' HIGH SCHOOL,SECONDARY (S1-S5),PHYSICAL SPORTS,SP-CCA (WATER POLO),na
HOLY INNOCENTS' HIGH SCHOOL,SECONDARY (S1-S5),UNIFORMED GROUPS,ST JOHN BRIGADE,na
HOLY INNOCENTS' HIGH SCHOOL,SECONDARY (S1-S5),PHYSICAL SPORTS,WUSHU,na
HOLY INNOCENTS' PRIMARY SCHOOL,PRIMARY,CLUBS AND SOCIETIES,ART AND CRAFTS,na
HOLY INNOCENTS' PRIMARY SCHOOL,PRIMARY,PHYSICAL SPORTS,BADMINTON,na
HOLY INNOCENTS' PRIMARY SCHOOL,PRIMARY,PHYSICAL SPORTS,BASKETBALL,na
HOLY INNOCENTS' PRIMARY SCHOOL,PRIMARY,CLUBS AND SOCIETIES,CHINESE CULTURE AND LANGUAGE,na
HOLY INNOCENTS' PRIMARY SCHOOL,PRIMARY,VISUAL AND PERFORMING ARTS,CHINESE DANCE,na
HOLY INNOCENTS' PRIMARY SCHOOL,PRIMARY,VISUAL AND PERFORMING ARTS,CHINESE ORCHESTRA,na
HOLY INNOCENTS' PRIMARY SCHOOL,PRIMARY,CLUBS AND SOCIETIES,CHINESE WEIQI,na
HOLY INNOCENTS' PRIMARY SCHOOL,PRIMARY,VISUAL AND PERFORMING ARTS,CHOIR,na
HOLY INNOCENTS' PRIMARY SCHOOL,PRIMARY,PHYSICAL SPORTS,FOOTBALL,na
HOLY INNOCENTS' PRIMARY SCHOOL,PRIMARY,UNIFORMED GROUPS,GIRL GUIDES (BROWNIES),na
HOLY INNOCENTS' PRIMARY SCHOOL,PRIMARY,VISUAL AND PERFORMING ARTS,GUZHENG ENSEMBLE,na
HOLY INNOCENTS' PRIMARY SCHOOL,PRIMARY,CLUBS AND SOCIETIES,INFOCOMM TECHNOLOGY (MEDIA PRODUCTION),na
HOLY INNOCENTS' PRIMARY SCHOOL,PRIMARY,PHYSICAL SPORTS,OUTDOOR ADVENTURE,na
HOLY INNOCENTS' PRIMARY SCHOOL,PRIMARY,CLUBS AND SOCIETIES,PHYSICAL SCIENCE,na
HOLY INNOCENTS' PRIMARY SCHOOL,PRIMARY,UNIFORMED GROUPS,RED CROSS YOUTH,na
HOLY INNOCENTS' PRIMARY SCHOOL,PRIMARY,CLUBS AND SOCIETIES,ROBOTICS,na
HOLY INNOCENTS' PRIMARY SCHOOL,PRIMARY,PHYSICAL SPORTS,ROPE SKIPPING,na
HOLY INNOCENTS' PRIMARY SCHOOL,PRIMARY,PHYSICAL SPORTS,WUSHU,na
HONG WEN SCHOOL,PRIMARY,CLUBS AND SOCIETIES,ART AND CRAFTS,na
HONG WEN SCHOOL,PRIMARY,PHYSICAL SPORTS,BADMINTON,na
HONG WEN SCHOOL,PRIMARY,PHYSICAL SPORTS,BASKETBALL,na
HONG WEN SCHOOL,PRIMARY,CLUBS AND SOCIETIES,CHINESE CALLIGRAPHY AND BRUSH PAINTING,na
HONG WEN SCHOOL,PRIMARY,CLUBS AND SOCIETIES,CHINESE CHESS,na
HONG WEN SCHOOL,PRIMARY,VISUAL AND PERFORMING ARTS,CHINESE DANCE,na
HONG WEN SCHOOL,PRIMARY,VISUAL AND PERFORMING ARTS,CHINESE DRUMS,na
HONG WEN SCHOOL,PRIMARY,VISUAL AND PERFORMING ARTS,CHINESE ORCHESTRA,na
HONG WEN SCHOOL,PRIMARY,CLUBS AND SOCIETIES,CHINESE WEIQI,na
HONG WEN SCHOOL,PRIMARY,VISUAL AND PERFORMING ARTS,CHOIR,na
HONG WEN SCHOOL,PRIMARY,PHYSICAL SPORTS,FOOTBALL,na
HONG WEN SCHOOL,PRIMARY,VISUAL AND PERFORMING ARTS,GUZHENG ENSEMBLE,na
HONG WEN SCHOOL,PRIMARY,CLUBS AND SOCIETIES,INFOCOMM TECHNOLOGY (COMPUTING),na
HONG WEN SCHOOL,PRIMARY,CLUBS AND SOCIETIES,INFOCOMM TECHNOLOGY (MEDIA PRODUCTION),na
HONG WEN SCHOOL,PRIMARY,PHYSICAL SPORTS,ROPE SKIPPING,na
HONG WEN SCHOOL,PRIMARY,PHYSICAL SPORTS,TABLE TENNIS,na
HONG WEN SCHOOL,PRIMARY,PHYSICAL SPORTS,WUSHU,na
HORIZON PRIMARY SCHOOL,PRIMARY,CLUBS AND SOCIETIES,ART AND CRAFTS,ART CLUB
HORIZON PRIMARY SCHOOL,PRIMARY,PHYSICAL SPORTS,BADMINTON,BADMINTON
HORIZON PRIMARY SCHOOL,PRIMARY,PHYSICAL SPORTS,BASKETBALL,BASKETBALL
HORIZON PRIMARY SCHOOL,PRIMARY,PHYSICAL SPORTS,BOWLING,TENPIN BOWLING
HORIZON PRIMARY SCHOOL,PRIMARY,CLUBS AND SOCIETIES,DESIGN AND INNOVATION,INNOVATIONS CLUB
HORIZON PRIMARY SCHOOL,PRIMARY,PHYSICAL SPORTS,FOOTBALL,FOOTBALL
HORIZON PRIMARY SCHOOL,PRIMARY,VISUAL AND PERFORMING ARTS,GUITAR ENSEMBLE,GUITAR ENSEMBLE
HORIZON PRIMARY SCHOOL,PRIMARY,CLUBS AND SOCIETIES,INFOCOMM TECHNOLOGY (COMPUTING),INFOCOMM CLUB
HORIZON PRIMARY SCHOOL,PRIMARY,CLUBS AND SOCIETIES,INTERNATIONAL CHESS,INTERNATIONAL CHESS CLUB
HORIZON PRIMARY SCHOOL,PRIMARY,VISUAL AND PERFORMING ARTS,MODERN DANCE,MODERN DANCE
HORIZON PRIMARY SCHOOL,PRIMARY,CLUBS AND SOCIETIES,MODULAR CCA (C&S),P3 MODULAR CCA
HORIZON PRIMARY SCHOOL,PRIMARY,CLUBS AND SOCIETIES,ROBOTICS,ROBOTICS
HORIZON PRIMARY SCHOOL,PRIMARY,PHYSICAL SPORTS,ROPE SKIPPING,ROPE SKIPPING
HORIZON PRIMARY SCHOOL,PRIMARY,UNIFORMED GROUPS,SCOUTS,SCOUTS
HORIZON PRIMARY SCHOOL,PRIMARY,CLUBS AND SOCIETIES,SPEECH AND DRAMA,SPEECH AND DRAMA
HORIZON PRIMARY SCHOOL,PRIMARY,OTHERS,STUDENT LEADERSHIP (PREFECT),na
HORIZON PRIMARY SCHOOL,PRIMARY,PHYSICAL SPORTS,WUSHU,WUSHU
HOUGANG PRIMARY SCHOOL,PRIMARY,VISUAL AND PERFORMING ARTS,ANGKLUNG/KULINTANG ENSEMBLE,na
HOUGANG PRIMARY SCHOOL,PRIMARY,CLUBS AND SOCIETIES,ART AND CRAFTS,na
HOUGANG PRIMARY SCHOOL,PRIMARY,VISUAL AND PERFORMING ARTS,BALLET,na
HOUGANG PRIMARY SCHOOL,PRIMARY,VISUAL AND PERFORMING ARTS,BRASS BAND,na
HOUGANG PRIMARY SCHOOL,PRIMARY,VISUAL AND PERFORMING ARTS,CHINESE DANCE,na
HOUGANG PRIMARY SCHOOL,PRIMARY,VISUAL AND PERFORMING ARTS,ENGLISH DRAMA,na
HOUGANG PRIMARY SCHOOL,PRIMARY,CLUBS AND SOCIETIES,ENVIRONMENTAL SCIENCE,na
HOUGANG PRIMARY SCHOOL,PRIMARY,PHYSICAL SPORTS,FOOTBALL,na
HOUGANG PRIMARY SCHOOL,PRIMARY,VISUAL AND PERFORMING ARTS,GUZHENG ENSEMBLE,na
HOUGANG PRIMARY SCHOOL,PRIMARY,PHYSICAL SPORTS,HEALTH AND FITNESS,na
HOUGANG PRIMARY SCHOOL,PRIMARY,PHYSICAL SPORTS,HOCKEY,na
HOUGANG PRIMARY SCHOOL,PRIMARY,VISUAL AND PERFORMING ARTS,INDIAN DANCE,na
HOUGANG PRIMARY SCHOOL,PRIMARY,CLUBS AND SOCIETIES,INFOCOMM TECHNOLOGY (COMPUTING),na
HOUGANG PRIMARY SCHOOL,PRIMARY,VISUAL AND PERFORMING ARTS,MALAY DANCE,na
HOUGANG PRIMARY SCHOOL,PRIMARY,CLUBS AND SOCIETIES,MATHEMATICS,na
HOUGANG PRIMARY SCHOOL,PRIMARY,CLUBS AND SOCIETIES,MEDIA RESOURCE LIBRARY,na
HOUGANG PRIMARY SCHOOL,PRIMARY,CLUBS AND SOCIETIES,PHOTOGRAPHY,na
HOUGANG PRIMARY SCHOOL,PRIMARY,CLUBS AND SOCIETIES,PHYSICAL SCIENCE,na
HOUGANG PRIMARY SCHOOL,PRIMARY,PHYSICAL SPORTS,ROCKWALL CLIMBING,na
HOUGANG PRIMARY SCHOOL,PRIMARY,UNIFORMED GROUPS,SCOUTS,na
HOUGANG PRIMARY SCHOOL,PRIMARY,PHYSICAL SPORTS,VOLLEYBALL,na
HOUGANG PRIMARY SCHOOL,PRIMARY,PHYSICAL SPORTS,WUSHU,na
HOUGANG SECONDARY SCHOOL,SECONDARY (S1-S5),VISUAL AND PERFORMING ARTS,ANGKLUNG/KULINTANG ENSEMBLE,na
HOUGANG SECONDARY SCHOOL,SECONDARY (S1-S5),PHYSICAL SPORTS,BASKETBALL,na
HOUGANG SECONDARY SCHOOL,SECONDARY (S1-S5),UNIFORMED GROUPS,BOYS' BRIGADE,na
HOUGANG SECONDARY SCHOOL,SECONDARY (S1-S5),VISUAL AND PERFORMING ARTS,CHOIR,na
HOUGANG SECONDARY SCHOOL,SECONDARY (S1-S5),VISUAL AND PERFORMING ARTS,CONCERT BAND,SYMPHONIC BAND
HOUGANG SECONDARY SCHOOL,SECONDARY (S1-S5),PHYSICAL SPORTS,FLOORBALL,na
HOUGANG SECONDARY SCHOOL,SECONDARY (S1-S5),PHYSICAL SPORTS,FOOTBALL,na
HOUGANG SECONDARY SCHOOL,SECONDARY (S1-S5),UNIFORMED GROUPS,GIRL GUIDES,na
HOUGANG SECONDARY SCHOOL,SECONDARY (S1-S5),UNIFORMED GROUPS,GIRLS' BRIGADE,na
HOUGANG SECONDARY SCHOOL,SECONDARY (S1-S5),VISUAL AND PERFORMING ARTS,GUZHENG ENSEMBLE,na
HOUGANG SECONDARY SCHOOL,SECONDARY (S1-S5),CLUBS AND SOCIETIES,INFOCOMM TECHNOLOGY (MEDIA PRODUCTION),MEDIA RESOURCE CLUB
HOUGANG SECONDARY SCHOOL,SECONDARY (S1-S5),PHYSICAL SPORTS,JUDO,na
HOUGANG SECONDARY SCHOOL,SECONDARY (S1-S5),VISUAL AND PERFORMING ARTS,MODERN DANCE,na
HOUGANG SECONDARY SCHOOL,SECONDARY (S1-S5),UNIFORMED GROUPS,NATIONAL CADET CORPS (LAND),na
HOUGANG SECONDARY SCHOOL,SECONDARY (S1-S5),UNIFORMED GROUPS,NATIONAL POLICE CADET CORPS,na
HOUGANG SECONDARY SCHOOL,SECONDARY (S1-S5),PHYSICAL SPORTS,NETBALL,na
HOUGANG SECONDARY SCHOOL,SECONDARY (S1-S5),UNIFORMED GROUPS,RED CROSS YOUTH,na
HOUGANG SECONDARY SCHOOL,SECONDARY (S1-S5),CLUBS AND SOCIETIES,SPEECH AND DRAMA,"ENGLISH LANGUAGE, DRAMA, DEBATING AND SPEECH (ELDDS)"
HOUGANG SECONDARY SCHOOL,SECONDARY (S1-S5),PHYSICAL SPORTS,WUSHU,na
HUA YI SECONDARY SCHOOL,SECONDARY (S1-S5),CLUBS AND SOCIETIES,ART AND CRAFTS,na
HUA YI SECONDARY SCHOOL,SECONDARY (S1-S5),PHYSICAL SPORTS,BADMINTON,na
HUA YI SECONDARY SCHOOL,SECONDARY (S1-S5),PHYSICAL SPORTS,BASKETBALL,na
HUA YI SECONDARY SCHOOL,SECONDARY (S1-S5),CLUBS AND SOCIETIES,"CHINESE LANGUAGE, DRAMA AND DEBATING",na
HUA YI SECONDARY SCHOOL,SECONDARY (S1-S5),VISUAL AND PERFORMING ARTS,CHOIR,SHOW CHOIR
HUA YI SECONDARY SCHOOL,SECONDARY (S1-S5),VISUAL AND PERFORMING ARTS,CONCERT BAND,na
HUA YI SECONDARY SCHOOL,SECONDARY (S1-S5),VISUAL AND PERFORMING ARTS,CULTURAL DANCE,na
HUA YI SECONDARY SCHOOL,SECONDARY (S1-S5),CLUBS AND SOCIETIES,"ENGLISH LANGUAGE, DRAMA AND DEBATING",na
HUA YI SECONDARY SCHOOL,SECONDARY (S1-S5),PHYSICAL SPORTS,FOOTBALL,na
HUA YI SECONDARY SCHOOL,SECONDARY (S1-S5),VISUAL AND PERFORMING ARTS,GUZHENG ENSEMBLE,na
HUA YI SECONDARY SCHOOL,SECONDARY (S1-S5),CLUBS AND SOCIETIES,HOME ECONOMICS,NUTRITION AND FOOD SCIENCE CLUB
HUA YI SECONDARY SCHOOL,SECONDARY (S1-S5),CLUBS AND SOCIETIES,INFOCOMM TECHNOLOGY (MEDIA PRODUCTION),na
HUA YI SECONDARY SCHOOL,SECONDARY (S1-S5),VISUAL AND PERFORMING ARTS,MODERN DANCE,na
HUA YI SECONDARY SCHOOL,SECONDARY (S1-S5),UNIFORMED GROUPS,NATIONAL CADET CORPS (LAND),na
HUA YI SECONDARY SCHOOL,SECONDARY (S1-S5),UNIFORMED GROUPS,NATIONAL POLICE CADET CORPS,na
HUA YI SECONDARY SCHOOL,SECONDARY (S1-S5),PHYSICAL SPORTS,NETBALL,na
HUA YI SECONDARY SCHOOL,SECONDARY (S1-S5),UNIFORMED GROUPS,RED CROSS YOUTH,na
HUA YI SECONDARY SCHOOL,SECONDARY (S1-S5),CLUBS AND SOCIETIES,SINGAPORE YOUTH FLYING CLUB,na
HUA YI SECONDARY SCHOOL,SECONDARY (S1-S5),OTHERS,STUDENT LEADERSHIP (COUNCIL),na
HUA YI SECONDARY SCHOOL,SECONDARY (S1-S5),OTHERS,STUDENT LEADERSHIP (HOUSE),na
HUA YI SECONDARY SCHOOL,SECONDARY (S1-S5),PHYSICAL SPORTS,TRACK AND FIELD,na
HUA YI SECONDARY SCHOOL,SECONDARY (S1-S5),PHYSICAL SPORTS,VOLLEYBALL,na
HUA YI SECONDARY SCHOOL,SECONDARY (S1-S5),PHYSICAL SPORTS,WATER POLO,na
HUAMIN PRIMARY SCHOOL,PRIMARY,VISUAL AND PERFORMING ARTS,ANGKLUNG/KULINTANG ENSEMBLE,na
HUAMIN PRIMARY SCHOOL,PRIMARY,CLUBS AND SOCIETIES,ART AND CRAFTS,na
HUAMIN PRIMARY SCHOOL,PRIMARY,PHYSICAL SPORTS,BADMINTON,na
HUAMIN PRIMARY SCHOOL,PRIMARY,PHYSICAL SPORTS,BASKETBALL,na
HUAMIN PRIMARY SCHOOL,PRIMARY,PHYSICAL SPORTS,BOWLING,na
HUAMIN PRIMARY SCHOOL,PRIMARY,CLUBS AND SOCIETIES,CERAMICS,na
HUAMIN PRIMARY SCHOOL,PRIMARY,VISUAL AND PERFORMING ARTS,CHINESE DANCE,na
HUAMIN PRIMARY SCHOOL,PRIMARY,VISUAL AND PERFORMING ARTS,CHOIR,na
HUAMIN PRIMARY SCHOOL,PRIMARY,VISUAL AND PERFORMING ARTS,ENGLISH DRAMA,na
HUAMIN PRIMARY SCHOOL,PRIMARY,CLUBS AND SOCIETIES,ENVIRONMENTAL SCIENCE,UNESCO CLUB
HUAMIN PRIMARY SCHOOL,PRIMARY,PHYSICAL SPORTS,FLOORBALL,na
HUAMIN PRIMARY SCHOOL,PRIMARY,VISUAL AND PERFORMING ARTS,GUITAR ENSEMBLE,na
HUAMIN PRIMARY SCHOOL,PRIMARY,CLUBS AND SOCIETIES,INFOCOMM TECHNOLOGY (COMPUTING),na
HUAMIN PRIMARY SCHOOL,PRIMARY,CLUBS AND SOCIETIES,MEDIA RESOURCE LIBRARY,na
HUAMIN PRIMARY SCHOOL,PRIMARY,VISUAL AND PERFORMING ARTS,MODERN DANCE,na
HUAMIN PRIMARY SCHOOL,PRIMARY,CLUBS AND SOCIETIES,ROBOTICS,na
HUAMIN PRIMARY SCHOOL,PRIMARY,UNIFORMED GROUPS,SCOUTS,na
HUAMIN PRIMARY SCHOOL,PRIMARY,CLUBS AND SOCIETIES,STRATEGY GAMES,na
HUAMIN PRIMARY SCHOOL,PRIMARY,OTHERS,STUDENT LEADERSHIP (HOUSE),CCA LEADERS
HWA CHONG INSTITUTION,MIXED LEVEL (S1-JC2),CLUBS AND SOCIETIES,ART AND CRAFTS,ART CLUB
HWA CHONG INSTITUTION,MIXED LEVEL (S1-JC2),PHYSICAL SPORTS,ARTISTIC GYMNASTICS,na
HWA CHONG INSTITUTION,MIXED LEVEL (S1-JC2),CLUBS AND SOCIETIES,AUDIO VISUAL AID,MEDIATECH
HWA CHONG INSTITUTION,MIXED LEVEL (S1-JC2),CLUBS AND SOCIETIES,AUDIO VISUAL AID,PHOTOGRAPHY CLUB
HWA CHONG INSTITUTION,MIXED LEVEL (S1-JC2),PHYSICAL SPORTS,BADMINTON,na
HWA CHONG INSTITUTION,MIXED LEVEL (S1-JC2),PHYSICAL SPORTS,BASKETBALL,na
HWA CHONG INSTITUTION,MIXED LEVEL (S1-JC2),CLUBS AND SOCIETIES,BIOLOGICAL SCIENCE,na
HWA CHONG INSTITUTION,MIXED LEVEL (S1-JC2),PHYSICAL SPORTS,BOWLING,na
HWA CHONG INSTITUTION,MIXED LEVEL (S1-JC2),PHYSICAL SPORTS,CANOEING,na
HWA CHONG INSTITUTION,MIXED LEVEL (S1-JC2),CLUBS AND SOCIETIES,CHINESE CALLIGRAPHY AND BRUSH PAINTING,Chinese Calligraphy Society
HWA CHONG INSTITUTION,MIXED LEVEL (S1-JC2),CLUBS AND SOCIETIES,CHINESE CHESS,na
HWA CHONG INSTITUTION,MIXED LEVEL (S1-JC2),VISUAL AND PERFORMING ARTS,CHINESE DANCE,CHINESE DANCE
HWA CHONG INSTITUTION,MIXED LEVEL (S1-JC2),VISUAL AND PERFORMING ARTS,CHINESE DANCE,MUSIC AND DANCE
HWA CHONG INSTITUTION,MIXED LEVEL (S1-JC2),VISUAL AND PERFORMING ARTS,CHINESE DRAMA,na
HWA CHONG INSTITUTION,MIXED LEVEL (S1-JC2),CLUBS AND SOCIETIES,"CHINESE LANGUAGE, DRAMA AND DEBATING",CHINESE ORATORICAL SOCIETY
HWA CHONG INSTITUTION,MIXED LEVEL (S1-JC2),VISUAL AND PERFORMING ARTS,CHINESE ORCHESTRA,na
HWA CHONG INSTITUTION,MIXED LEVEL (S1-JC2),CLUBS AND SOCIETIES,CHINESE WEIQI,na
HWA CHONG INSTITUTION,MIXED LEVEL (S1-JC2),VISUAL AND PERFORMING ARTS,CHOIR,na
HWA CHONG INSTITUTION,MIXED LEVEL (S1-JC2),CLUBS AND SOCIETIES,COMMUNITY SERVICE,VALUES IN ACTION COUNCIL
HWA CHONG INSTITUTION,MIXED LEVEL (S1-JC2),CLUBS AND SOCIETIES,COMMUNITY SERVICE (FIRST AID),FIRST AID CLUB
HWA CHONG INSTITUTION,MIXED LEVEL (S1-JC2),CLUBS AND SOCIETIES,COMMUNITY SERVICE (ROTARY-SPONSORED),INTERACT CLUB
HWA CHONG INSTITUTION,MIXED LEVEL (S1-JC2),VISUAL AND PERFORMING ARTS,CONCERT BAND,CONCERT BAND
HWA CHONG INSTITUTION,MIXED LEVEL (S1-JC2),VISUAL AND PERFORMING ARTS,CONCERT BAND,SYMPHONIC BAND
HWA CHONG INSTITUTION,MIXED LEVEL (S1-JC2),PHYSICAL SPORTS,CROSS COUNTRY,na
HWA CHONG INSTITUTION,MIXED LEVEL (S1-JC2),CLUBS AND SOCIETIES,DEBATING AND PUBLIC SPEAKING,na
HWA CHONG INSTITUTION,MIXED LEVEL (S1-JC2),VISUAL AND PERFORMING ARTS,ENGLISH DRAMA,ELDDFS
HWA CHONG INSTITUTION,MIXED LEVEL (S1-JC2),VISUAL AND PERFORMING ARTS,ENGLISH DRAMA,ENGLISH DRAMA
HWA CHONG INSTITUTION,MIXED LEVEL (S1-JC2),CLUBS AND SOCIETIES,ENVIRONMENTAL SCIENCE,GREEN COUNCIL
HWA CHONG INSTITUTION,MIXED LEVEL (S1-JC2),CLUBS AND SOCIETIES,ENVIRONMENTAL SCIENCE,Green Council
HWA CHONG INSTITUTION,MIXED LEVEL (S1-JC2),PHYSICAL SPORTS,FENCING,na
HWA CHONG INSTITUTION,MIXED LEVEL (S1-JC2),PHYSICAL SPORTS,FLOORBALL,na
HWA CHONG INSTITUTION,MIXED LEVEL (S1-JC2),PHYSICAL SPORTS,FOOTBALL,na
HWA CHONG INSTITUTION,MIXED LEVEL (S1-JC2),PHYSICAL SPORTS,FRISBEE,ULTIMATE FRISBEE
HWA CHONG INSTITUTION,MIXED LEVEL (S1-JC2),PHYSICAL SPORTS,GOLF,na
HWA CHONG INSTITUTION,MIXED LEVEL (S1-JC2),VISUAL AND PERFORMING ARTS,GUITAR ENSEMBLE,na
HWA CHONG INSTITUTION,MIXED LEVEL (S1-JC2),VISUAL AND PERFORMING ARTS,HARMONICA ENSEMBLE,na
HWA CHONG INSTITUTION,MIXED LEVEL (S1-JC2),PHYSICAL SPORTS,HEALTH AND FITNESS,na
HWA CHONG INSTITUTION,MIXED LEVEL (S1-JC2),CLUBS AND SOCIETIES,HISTORY,na
HWA CHONG INSTITUTION,MIXED LEVEL (S1-JC2),PHYSICAL SPORTS,ICE SKATING,na
HWA CHONG INSTITUTION,MIXED LEVEL (S1-JC2),CLUBS AND SOCIETIES,INFOCOMM TECHNOLOGY (COMPUTING),INFOCOMM & ROBOTICS SOCIETY
HWA CHONG INSTITUTION,MIXED LEVEL (S1-JC2),CLUBS AND SOCIETIES,INTERNATIONAL AND GLOBAL STUDIES,na
HWA CHONG INSTITUTION,MIXED LEVEL (S1-JC2),CLUBS AND SOCIETIES,INTERNATIONAL CHESS,INTERNATIONAL CHESS
HWA CHONG INSTITUTION,MIXED LEVEL (S1-JC2),CLUBS AND SOCIETIES,INTERNATIONAL CHESS,MIND SPORTS CLUB
HWA CHONG INSTITUTION,MIXED LEVEL (S1-JC2),CLUBS AND SOCIETIES,JOURNALISM,HUMANITIES & CURRENT AFFAIRS SOCIETY
HWA CHONG INSTITUTION,MIXED LEVEL (S1-JC2),PHYSICAL SPORTS,JUDO,na
HWA CHONG INSTITUTION,MIXED LEVEL (S1-JC2),VISUAL AND PERFORMING ARTS,KEYBOARD ENSEMBLE,na
HWA CHONG INSTITUTION,MIXED LEVEL (S1-JC2),CLUBS AND SOCIETIES,"MALAY LANGUAGE, DRAMA AND DEBATING",na
HWA CHONG INSTITUTION,MIXED LEVEL (S1-JC2),VISUAL AND PERFORMING ARTS,MARCHING BAND,na
HWA CHONG INSTITUTION,MIXED LEVEL (S1-JC2),CLUBS AND SOCIETIES,MATHEMATICS,na
HWA CHONG INSTITUTION,MIXED LEVEL (S1-JC2),CLUBS AND SOCIETIES,MEDIA RESOURCE LIBRARY,LIBRARY CLUB
HWA CHONG INSTITUTION,MIXED LEVEL (S1-JC2),CLUBS AND SOCIETIES,MEDIA RESOURCE LIBRARY,MEDIA RESOURCE LIBRARY
HWA CHONG INSTITUTION,MIXED LEVEL (S1-JC2),VISUAL AND PERFORMING ARTS,MODERN DANCE,na
HWA CHONG INSTITUTION,MIXED LEVEL (S1-JC2),PHYSICAL SPORTS,MODULAR CCA (SPORTS),na
HWA CHONG INSTITUTION,MIXED LEVEL (S1-JC2),UNIFORMED GROUPS,NATIONAL CADET CORPS (LAND),na
HWA CHONG INSTITUTION,MIXED LEVEL (S1-JC2),CLUBS AND SOCIETIES,NATIONAL EDUCATION,NATIONAL EDUCATION COUNCIL
HWA CHONG INSTITUTION,MIXED LEVEL (S1-JC2),UNIFORMED GROUPS,NATIONAL POLICE CADET CORPS,na
HWA CHONG INSTITUTION,MIXED LEVEL (S1-JC2),PHYSICAL SPORTS,NETBALL,na
HWA CHONG INSTITUTION,MIXED LEVEL (S1-JC2),PHYSICAL SPORTS,OUTDOOR ADVENTURE,OUTDOOR EDUCATION STUDENT CLUB
HWA CHONG INSTITUTION,MIXED LEVEL (S1-JC2),CLUBS AND SOCIETIES,PHYSICAL SCIENCE,PHYSICAL SCIENCE
HWA CHONG INSTITUTION,MIXED LEVEL (S1-JC2),CLUBS AND SOCIETIES,PHYSICAL SCIENCE,SCIENCE STUDENTS' RESEARCH CLUB
HWA CHONG INSTITUTION,MIXED LEVEL (S1-JC2),CLUBS AND SOCIETIES,PROJECT CABIN,CMC COUNCIL
HWA CHONG INSTITUTION,MIXED LEVEL (S1-JC2),CLUBS AND SOCIETIES,PUBLICATION,PUBLICATION SOCIETY
HWA CHONG INSTITUTION,MIXED LEVEL (S1-JC2),CLUBS AND SOCIETIES,ROBOTICS,na
HWA CHONG INSTITUTION,MIXED LEVEL (S1-JC2),PHYSICAL SPORTS,SAILING,na
HWA CHONG INSTITUTION,MIXED LEVEL (S1-JC2),UNIFORMED GROUPS,SCOUTS,na
HWA CHONG INSTITUTION,MIXED LEVEL (S1-JC2),PHYSICAL SPORTS,SHOOTING,na
HWA CHONG INSTITUTION,MIXED LEVEL (S1-JC2),VISUAL AND PERFORMING ARTS,SINGAPORE NATIONAL YOUTH CHINESE ORCHESTRA,na
HWA CHONG INSTITUTION,MIXED LEVEL (S1-JC2),VISUAL AND PERFORMING ARTS,SINGAPORE NATIONAL YOUTH ORCHESTRA,na
HWA CHONG INSTITUTION,MIXED LEVEL (S1-JC2),CLUBS AND SOCIETIES,SINGAPORE YOUTH FLYING CLUB,na
HWA CHONG INSTITUTION,MIXED LEVEL (S1-JC2),CLUBS AND SOCIETIES,SOCIAL STUDIES,SOCIAL STUDIES
HWA CHONG INSTITUTION,MIXED LEVEL (S1-JC2),PHYSICAL SPORTS,SOFTBALL,na
HWA CHONG INSTITUTION,MIXED LEVEL (S1-JC2),CLUBS AND SOCIETIES,SPACE SCIENCE,ASTRONOMY CLUB
HWA CHONG INSTITUTION,MIXED LEVEL (S1-JC2),UNIFORMED GROUPS,ST JOHN BRIGADE,na
HWA CHONG INSTITUTION,MIXED LEVEL (S1-JC2),VISUAL AND PERFORMING ARTS,STRING ENSEMBLE,na
HWA CHONG INSTITUTION,MIXED LEVEL (S1-JC2),OTHERS,STUDENT LEADERSHIP (COUNCIL),FACULTY COMMITTEE
HWA CHONG INSTITUTION,MIXED LEVEL (S1-JC2),CLUBS AND SOCIETIES,STUDENTS' COUNCIL,na
HWA CHONG INSTITUTION,MIXED LEVEL (S1-JC2),PHYSICAL SPORTS,SWIMMING,na
HWA CHONG INSTITUTION,MIXED LEVEL (S1-JC2),PHYSICAL SPORTS,TABLE TENNIS,na
HWA CHONG INSTITUTION,MIXED LEVEL (S1-JC2),PHYSICAL SPORTS,TAEKWONDO,na
HWA CHONG INSTITUTION,MIXED LEVEL (S1-JC2),PHYSICAL SPORTS,TCHOUKBALL,na
HWA CHONG INSTITUTION,MIXED LEVEL (S1-JC2),PHYSICAL SPORTS,TENNIS,na
HWA CHONG INSTITUTION,MIXED LEVEL (S1-JC2),PHYSICAL SPORTS,TOUCH RUGBY,na
HWA CHONG INSTITUTION,MIXED LEVEL (S1-JC2),PHYSICAL SPORTS,TRACK AND FIELD,Track & Field Cross Country
HWA CHONG INSTITUTION,MIXED LEVEL (S1-JC2),PHYSICAL SPORTS,TRAMPOLINE,na
HWA CHONG INSTITUTION,MIXED LEVEL (S1-JC2),PHYSICAL SPORTS,VOLLEYBALL,na
HWA CHONG INSTITUTION,MIXED LEVEL (S1-JC2),PHYSICAL SPORTS,WATER POLO,WATER POLO
HWA CHONG INSTITUTION,MIXED LEVEL (S1-JC2),PHYSICAL SPORTS,WATER POLO,WATER POLO & SWIMMING
HWA CHONG INSTITUTION,MIXED LEVEL (S1-JC2),PHYSICAL SPORTS,WUSHU,na
INNOVA PRIMARY SCHOOL,PRIMARY,CLUBS AND SOCIETIES,ART AND CRAFTS,na
INNOVA PRIMARY SCHOOL,PRIMARY,VISUAL AND PERFORMING ARTS,CHINESE DANCE,na
INNOVA PRIMARY SCHOOL,PRIMARY,VISUAL AND PERFORMING ARTS,CHOIR,na
INNOVA PRIMARY SCHOOL,PRIMARY,CLUBS AND SOCIETIES,"ENGLISH LANGUAGE, DRAMA AND DEBATING",na
INNOVA PRIMARY SCHOOL,PRIMARY,CLUBS AND SOCIETIES,ENVIRONMENTAL SCIENCE,STEM CLUB
INNOVA PRIMARY SCHOOL,PRIMARY,UNIFORMED GROUPS,GIRL GUIDES (BROWNIES),na
INNOVA PRIMARY SCHOOL,PRIMARY,VISUAL AND PERFORMING ARTS,HARMONICA ENSEMBLE,na
INNOVA PRIMARY SCHOOL,PRIMARY,VISUAL AND PERFORMING ARTS,MALAY DANCE,na
INNOVA PRIMARY SCHOOL,PRIMARY,UNIFORMED GROUPS,RED CROSS YOUTH,na
INNOVA PRIMARY SCHOOL,PRIMARY,PHYSICAL SPORTS,TABLE TENNIS,na
INNOVA PRIMARY SCHOOL,PRIMARY,PHYSICAL SPORTS,TRACK AND FIELD,na
INNOVA PRIMARY SCHOOL,PRIMARY,PHYSICAL SPORTS,VOLLEYBALL,na
INNOVA PRIMARY SCHOOL,PRIMARY,PHYSICAL SPORTS,WUSHU,na
JIEMIN PRIMARY SCHOOL,PRIMARY,VISUAL AND PERFORMING ARTS,ANGKLUNG/KULINTANG ENSEMBLE,na
JIEMIN PRIMARY SCHOOL,PRIMARY,CLUBS AND SOCIETIES,ART AND CRAFTS,na
JIEMIN PRIMARY SCHOOL,PRIMARY,PHYSICAL SPORTS,BASKETBALL,na
JIEMIN PRIMARY SCHOOL,PRIMARY,VISUAL AND PERFORMING ARTS,CHINESE DANCE,na
JIEMIN PRIMARY SCHOOL,PRIMARY,PHYSICAL SPORTS,FLOORBALL,na
JIEMIN PRIMARY SCHOOL,PRIMARY,VISUAL AND PERFORMING ARTS,GUZHENG ENSEMBLE,na
JIEMIN PRIMARY SCHOOL,PRIMARY,CLUBS AND SOCIETIES,JOURNALISM,na
JIEMIN PRIMARY SCHOOL,PRIMARY,VISUAL AND PERFORMING ARTS,MALAY DANCE,na
JIEMIN PRIMARY SCHOOL,PRIMARY,VISUAL AND PERFORMING ARTS,MODERN DANCE,na
JIEMIN PRIMARY SCHOOL,PRIMARY,PHYSICAL SPORTS,MODULAR CCA (SPORTS),na
JIEMIN PRIMARY SCHOOL,PRIMARY,VISUAL AND PERFORMING ARTS,MODULAR CCA (VPA),na
JIEMIN PRIMARY SCHOOL,PRIMARY,UNIFORMED GROUPS,RED CROSS YOUTH,na
JIEMIN PRIMARY SCHOOL,PRIMARY,CLUBS AND SOCIETIES,ROBOTICS,na
JIEMIN PRIMARY SCHOOL,PRIMARY,PHYSICAL SPORTS,TAEKWONDO,na
JING SHAN PRIMARY SCHOOL,PRIMARY,CLUBS AND SOCIETIES,ART AND CRAFTS,na
JING SHAN PRIMARY SCHOOL,PRIMARY,PHYSICAL SPORTS,BADMINTON,na
JING SHAN PRIMARY SCHOOL,PRIMARY,PHYSICAL SPORTS,BASKETBALL,na
JING SHAN PRIMARY SCHOOL,PRIMARY,VISUAL AND PERFORMING ARTS,CHOIR,na
JING SHAN PRIMARY SCHOOL,PRIMARY,VISUAL AND PERFORMING ARTS,CULTURAL DANCE,na
JING SHAN PRIMARY SCHOOL,PRIMARY,CLUBS AND SOCIETIES,ENVIRONMENTAL SCIENCE,na
JING SHAN PRIMARY SCHOOL,PRIMARY,PHYSICAL SPORTS,FOOTBALL,na
JING SHAN PRIMARY SCHOOL,PRIMARY,UNIFORMED GROUPS,GIRL GUIDES (BROWNIES),na
JING SHAN PRIMARY SCHOOL,PRIMARY,CLUBS AND SOCIETIES,INFOCOMM TECHNOLOGY (MEDIA PRODUCTION),na
JING SHAN PRIMARY SCHOOL,PRIMARY,VISUAL AND PERFORMING ARTS,MODERN DANCE,na
JING SHAN PRIMARY SCHOOL,PRIMARY,CLUBS AND SOCIETIES,ROBOTICS,na
JING SHAN PRIMARY SCHOOL,PRIMARY,PHYSICAL SPORTS,ROPE SKIPPING,na
JUNYUAN PRIMARY SCHOOL,PRIMARY,CLUBS AND SOCIETIES,ART AND CRAFTS,na
JUNYUAN PRIMARY SCHOOL,PRIMARY,VISUAL AND PERFORMING ARTS,CHINESE DANCE,na
JUNYUAN PRIMARY SCHOOL,PRIMARY,CLUBS AND SOCIETIES,ENVIRONMENTAL SCIENCE,na
JUNYUAN PRIMARY SCHOOL,PRIMARY,PHYSICAL SPORTS,FLOORBALL,na
JUNYUAN PRIMARY SCHOOL,PRIMARY,CLUBS AND SOCIETIES,INFOCOMM TECHNOLOGY (MEDIA PRODUCTION),na
JUNYUAN PRIMARY SCHOOL,PRIMARY,VISUAL AND PERFORMING ARTS,MALAY DANCE,na
JUNYUAN PRIMARY SCHOOL,PRIMARY,CLUBS AND SOCIETIES,MATHEMATICS,na
JUNYUAN PRIMARY SCHOOL,PRIMARY,VISUAL AND PERFORMING ARTS,MODERN DANCE,na
JUNYUAN PRIMARY SCHOOL,PRIMARY,CLUBS AND SOCIETIES,PHYSICAL SCIENCE,E2K SCIENCE
JUNYUAN PRIMARY SCHOOL,PRIMARY,VISUAL AND PERFORMING ARTS,POP AND JAZZ,na
JUNYUAN PRIMARY SCHOOL,PRIMARY,UNIFORMED GROUPS,SCOUTS,na
JUNYUAN PRIMARY SCHOOL,PRIMARY,CLUBS AND SOCIETIES,SPEECH AND DRAMA,na
JUNYUAN PRIMARY SCHOOL,PRIMARY,OTHERS,STUDENT LEADERSHIP (PREFECT),na
JUNYUAN PRIMARY SCHOOL,PRIMARY,PHYSICAL SPORTS,TAEKWONDO,na
JUNYUAN PRIMARY SCHOOL,PRIMARY,PHYSICAL SPORTS,TCHOUKBALL,na
JUNYUAN PRIMARY SCHOOL,PRIMARY,PHYSICAL SPORTS,VOLLEYBALL,na
JUNYUAN SECONDARY SCHOOL,SECONDARY (S1-S5),PHYSICAL SPORTS,ARCHERY,na
JUNYUAN SECONDARY SCHOOL,SECONDARY (S1-S5),CLUBS AND SOCIETIES,AUDIO VISUAL AID,na
JUNYUAN SECONDARY SCHOOL,SECONDARY (S1-S5),PHYSICAL SPORTS,BADMINTON,na
JUNYUAN SECONDARY SCHOOL,SECONDARY (S1-S5),PHYSICAL SPORTS,BASKETBALL,na
JUNYUAN SECONDARY SCHOOL,SECONDARY (S1-S5),UNIFORMED GROUPS,BOYS' BRIGADE,na
JUNYUAN SECONDARY SCHOOL,SECONDARY (S1-S5),VISUAL AND PERFORMING ARTS,CHOIR,na
JUNYUAN SECONDARY SCHOOL,SECONDARY (S1-S5),VISUAL AND PERFORMING ARTS,CONCERT BAND,na
JUNYUAN SECONDARY SCHOOL,SECONDARY (S1-S5),VISUAL AND PERFORMING ARTS,ENGLISH DRAMA,na
JUNYUAN SECONDARY SCHOOL,SECONDARY (S1-S5),UNIFORMED GROUPS,GIRLS' BRIGADE,na
JUNYUAN SECONDARY SCHOOL,SECONDARY (S1-S5),VISUAL AND PERFORMING ARTS,GUITAR ENSEMBLE,na
JUNYUAN SECONDARY SCHOOL,SECONDARY (S1-S5),CLUBS AND SOCIETIES,INFOCOMM TECHNOLOGY (COMPUTING),na
JUNYUAN SECONDARY SCHOOL,SECONDARY (S1-S5),CLUBS AND SOCIETIES,INFOCOMM TECHNOLOGY (MEDIA PRODUCTION),na
JUNYUAN SECONDARY SCHOOL,SECONDARY (S1-S5),VISUAL AND PERFORMING ARTS,MODERN DANCE,na
JUNYUAN SECONDARY SCHOOL,SECONDARY (S1-S5),UNIFORMED GROUPS,NATIONAL CADET CORPS (LAND),na
JUNYUAN SECONDARY SCHOOL,SECONDARY (S1-S5),UNIFORMED GROUPS,NATIONAL POLICE CADET CORPS,na
JUNYUAN SECONDARY SCHOOL,SECONDARY (S1-S5),PHYSICAL SPORTS,RUGBY,na
JUNYUAN SECONDARY SCHOOL,SECONDARY (S1-S5),UNIFORMED GROUPS,ST JOHN BRIGADE,na
JUNYUAN SECONDARY SCHOOL,SECONDARY (S1-S5),PHYSICAL SPORTS,TRACK AND FIELD,na
JUNYUAN SECONDARY SCHOOL,SECONDARY (S1-S5),PHYSICAL SPORTS,VOLLEYBALL,na
JURONG PIONEER JUNIOR COLLEGE,JUNIOR COLLEGE,PHYSICAL SPORTS,ARCHERY,na
JURONG PIONEER JUNIOR COLLEGE,JUNIOR COLLEGE,CLUBS AND SOCIETIES,ART AND CRAFTS,PlayArt
JURONG PIONEER JUNIOR COLLEGE,JUNIOR COLLEGE,CLUBS AND SOCIETIES,AUDIO VISUAL AID,AUDIO VISUAL CLUB
JURONG PIONEER JUNIOR COLLEGE,JUNIOR COLLEGE,PHYSICAL SPORTS,BADMINTON,na
JURONG PIONEER JUNIOR COLLEGE,JUNIOR COLLEGE,VISUAL AND PERFORMING ARTS,BALLET,na
JURONG PIONEER JUNIOR COLLEGE,JUNIOR COLLEGE,PHYSICAL SPORTS,BASKETBALL,na
JURONG PIONEER JUNIOR COLLEGE,JUNIOR COLLEGE,PHYSICAL SPORTS,BOWLING,na
JURONG PIONEER JUNIOR COLLEGE,JUNIOR COLLEGE,UNIFORMED GROUPS,BOYS' BRIGADE,na
JURONG PIONEER JUNIOR COLLEGE,JUNIOR COLLEGE,CLUBS AND SOCIETIES,"CHINESE LANGUAGE, DRAMA AND DEBATING",CHINESE CULTURAL SOCIETY
JURONG PIONEER JUNIOR COLLEGE,JUNIOR COLLEGE,VISUAL AND PERFORMING ARTS,CHINESE ORCHESTRA,na
JURONG PIONEER JUNIOR COLLEGE,JUNIOR COLLEGE,VISUAL AND PERFORMING ARTS,CHOIR,na
JURONG PIONEER JUNIOR COLLEGE,JUNIOR COLLEGE,CLUBS AND SOCIETIES,COMMUNITY SERVICE,COMMUNITY ENGAGEMENT COUNCIL
JURONG PIONEER JUNIOR COLLEGE,JUNIOR COLLEGE,CLUBS AND SOCIETIES,COMMUNITY SERVICE (ROTARY-SPONSORED),INTERACT CLUB
JURONG PIONEER JUNIOR COLLEGE,JUNIOR COLLEGE,VISUAL AND PERFORMING ARTS,CONCERT BAND,na
JURONG PIONEER JUNIOR COLLEGE,JUNIOR COLLEGE,CLUBS AND SOCIETIES,DEBATING AND PUBLIC SPEAKING,DEBATE SOCIETY
JURONG PIONEER JUNIOR COLLEGE,JUNIOR COLLEGE,PHYSICAL SPORTS,DRAGON BOAT,na
JURONG PIONEER JUNIOR COLLEGE,JUNIOR COLLEGE,VISUAL AND PERFORMING ARTS,ENGLISH DRAMA,na
JURONG PIONEER JUNIOR COLLEGE,JUNIOR COLLEGE,CLUBS AND SOCIETIES,ENVIRONMENTAL SCIENCE,ECO CLUB
JURONG PIONEER JUNIOR COLLEGE,JUNIOR COLLEGE,PHYSICAL SPORTS,FLOORBALL,na
JURONG PIONEER JUNIOR COLLEGE,JUNIOR COLLEGE,PHYSICAL SPORTS,FOOTBALL,na
JURONG PIONEER JUNIOR COLLEGE,JUNIOR COLLEGE,PHYSICAL SPORTS,FRISBEE,ULTIMATE FRISBEE
JURONG PIONEER JUNIOR COLLEGE,JUNIOR COLLEGE,PHYSICAL SPORTS,GOLF,na
JURONG PIONEER JUNIOR COLLEGE,JUNIOR COLLEGE,VISUAL AND PERFORMING ARTS,GUITAR ENSEMBLE,na
JURONG PIONEER JUNIOR COLLEGE,JUNIOR COLLEGE,CLUBS AND SOCIETIES,INFOCOMM TECHNOLOGY (COMPUTING),INFOCOMM CLUB
JURONG PIONEER JUNIOR COLLEGE,JUNIOR COLLEGE,CLUBS AND SOCIETIES,INFOCOMM TECHNOLOGY (MEDIA PRODUCTION),JP MEDIA TECH CLUB
JURONG PIONEER JUNIOR COLLEGE,JUNIOR COLLEGE,CLUBS AND SOCIETIES,INTERNATIONAL AND GLOBAL STUDIES,INTERNATIONAL CURRENT AFFAIRS SOCIETY
JURONG PIONEER JUNIOR COLLEGE,JUNIOR COLLEGE,CLUBS AND SOCIETIES,INTERNATIONAL CHESS,CHESS CLUB
JURONG PIONEER JUNIOR COLLEGE,JUNIOR COLLEGE,PHYSICAL SPORTS,JUDO,na
JURONG PIONEER JUNIOR COLLEGE,JUNIOR COLLEGE,VISUAL AND PERFORMING ARTS,MODERN DANCE,JP DANCE CLUB
JURONG PIONEER JUNIOR COLLEGE,JUNIOR COLLEGE,UNIFORMED GROUPS,NATIONAL CADET CORPS (AIR),na
JURONG PIONEER JUNIOR COLLEGE,JUNIOR COLLEGE,UNIFORMED GROUPS,NATIONAL CADET CORPS (LAND),na
JURONG PIONEER JUNIOR COLLEGE,JUNIOR COLLEGE,UNIFORMED GROUPS,NATIONAL CIVIL DEFENCE CADET CORPS,na
JURONG PIONEER JUNIOR COLLEGE,JUNIOR COLLEGE,UNIFORMED GROUPS,NATIONAL POLICE CADET CORPS,na
JURONG PIONEER JUNIOR COLLEGE,JUNIOR COLLEGE,PHYSICAL SPORTS,NETBALL,na
JURONG PIONEER JUNIOR COLLEGE,JUNIOR COLLEGE,UNIFORMED GROUPS,SCOUTS,na
JURONG PIONEER JUNIOR COLLEGE,JUNIOR COLLEGE,VISUAL AND PERFORMING ARTS,SINGAPORE NATIONAL YOUTH ORCHESTRA,na
JURONG PIONEER JUNIOR COLLEGE,JUNIOR COLLEGE,CLUBS AND SOCIETIES,SINGAPORE YOUTH FLYING CLUB,na
JURONG PIONEER JUNIOR COLLEGE,JUNIOR COLLEGE,OTHERS,STUDENT LEADERSHIP (COUNCIL),STUDENT COUNCIL
JURONG PIONEER JUNIOR COLLEGE,JUNIOR COLLEGE,PHYSICAL SPORTS,TABLE TENNIS,na
JURONG PIONEER JUNIOR COLLEGE,JUNIOR COLLEGE,PHYSICAL SPORTS,TAEKWONDO,na
JURONG PIONEER JUNIOR COLLEGE,JUNIOR COLLEGE,PHYSICAL SPORTS,TCHOUKBALL,na
JURONG PIONEER JUNIOR COLLEGE,JUNIOR COLLEGE,PHYSICAL SPORTS,TENNIS,na
JURONG PIONEER JUNIOR COLLEGE,JUNIOR COLLEGE,PHYSICAL SPORTS,TOUCH RUGBY,na
JURONG PIONEER JUNIOR COLLEGE,JUNIOR COLLEGE,PHYSICAL SPORTS,TRACK AND FIELD,ATHLETICS
JURONG PIONEER JUNIOR COLLEGE,JUNIOR COLLEGE,PHYSICAL SPORTS,VOLLEYBALL,na
JURONG PIONEER JUNIOR COLLEGE,JUNIOR COLLEGE,PHYSICAL SPORTS,WATER POLO,na
JURONG PIONEER JUNIOR COLLEGE,JUNIOR COLLEGE,PHYSICAL SPORTS,WUSHU,na
JURONG PRIMARY SCHOOL,PRIMARY,CLUBS AND SOCIETIES,ART AND CRAFTS,na
JURONG PRIMARY SCHOOL,PRIMARY,PHYSICAL SPORTS,BADMINTON,na
JURONG PRIMARY SCHOOL,PRIMARY,PHYSICAL SPORTS,BASKETBALL,na
JURONG PRIMARY SCHOOL,PRIMARY,VISUAL AND PERFORMING ARTS,CHOIR,na
JURONG PRIMARY SCHOOL,PRIMARY,CLUBS AND SOCIETIES,DIGITAL MEDIA,na
JURONG PRIMARY SCHOOL,PRIMARY,PHYSICAL SPORTS,FOOTBALL,na
JURONG PRIMARY SCHOOL,PRIMARY,VISUAL AND PERFORMING ARTS,GUZHENG ENSEMBLE,na
JURONG PRIMARY SCHOOL,PRIMARY,VISUAL AND PERFORMING ARTS,MODERN DANCE,na
JURONG PRIMARY SCHOOL,PRIMARY,PHYSICAL SPORTS,NETBALL,na
JURONG PRIMARY SCHOOL,PRIMARY,VISUAL AND PERFORMING ARTS,PERCUSSION ENSEMBLE,na
JURONG PRIMARY SCHOOL,PRIMARY,CLUBS AND SOCIETIES,ROBOTICS,na
JURONG PRIMARY SCHOOL,PRIMARY,UNIFORMED GROUPS,SCOUTS,12A) SCOUTS  & 12B) GIRL SCOUTS
JURONG PRIMARY SCHOOL,PRIMARY,PHYSICAL SPORTS,TRACK AND FIELD,na
JURONG SECONDARY SCHOOL,SECONDARY (S1-S5),PHYSICAL SPORTS,BADMINTON,na
JURONG SECONDARY SCHOOL,SECONDARY (S1-S5),PHYSICAL SPORTS,BASKETBALL,na
JURONG SECONDARY SCHOOL,SECONDARY (S1-S5),VISUAL AND PERFORMING ARTS,CHINESE ORCHESTRA,na
JURONG SECONDARY SCHOOL,SECONDARY (S1-S5),VISUAL AND PERFORMING ARTS,CHOIR,na
JURONG SECONDARY SCHOOL,SECONDARY (S1-S5),VISUAL AND PERFORMING ARTS,CONCERT BAND,na
JURONG SECONDARY SCHOOL,SECONDARY (S1-S5),PHYSICAL SPORTS,CROSS COUNTRY,na
JURONG SECONDARY SCHOOL,SECONDARY (S1-S5),PHYSICAL SPORTS,DRAGON BOAT,na
JURONG SECONDARY SCHOOL,SECONDARY (S1-S5),VISUAL AND PERFORMING ARTS,ENGLISH DRAMA,na
JURONG SECONDARY SCHOOL,SECONDARY (S1-S5),UNIFORMED GROUPS,GIRL GUIDES,na
JURONG SECONDARY SCHOOL,SECONDARY (S1-S5),VISUAL AND PERFORMING ARTS,GUZHENG ENSEMBLE,na
JURONG SECONDARY SCHOOL,SECONDARY (S1-S5),PHYSICAL SPORTS,HEALTH AND FITNESS,SPORTS RECREATION CLUB
JURONG SECONDARY SCHOOL,SECONDARY (S1-S5),CLUBS AND SOCIETIES,INFOCOMM TECHNOLOGY (MEDIA PRODUCTION),MEDIA AND VISUAL ARTS CLUB
JURONG SECONDARY SCHOOL,SECONDARY (S1-S5),CLUBS AND SOCIETIES,MEDIA RESOURCE LIBRARY,LIBRARY
JURONG SECONDARY SCHOOL,SECONDARY (S1-S5),VISUAL AND PERFORMING ARTS,MODERN DANCE,na
JURONG SECONDARY SCHOOL,SECONDARY (S1-S5),UNIFORMED GROUPS,NATIONAL CADET CORPS (LAND),na
JURONG SECONDARY SCHOOL,SECONDARY (S1-S5),UNIFORMED GROUPS,NATIONAL POLICE CADET CORPS,na
JURONG SECONDARY SCHOOL,SECONDARY (S1-S5),UNIFORMED GROUPS,RED CROSS YOUTH,na
JURONG SECONDARY SCHOOL,SECONDARY (S1-S5),CLUBS AND SOCIETIES,ROBOTICS,EXPLORERS CLUB
JURONG SECONDARY SCHOOL,SECONDARY (S1-S5),UNIFORMED GROUPS,SCOUTS,na
JURONG SECONDARY SCHOOL,SECONDARY (S1-S5),CLUBS AND SOCIETIES,SINGAPORE YOUTH FLYING CLUB,na
JURONG SECONDARY SCHOOL,SECONDARY (S1-S5),PHYSICAL SPORTS,SP-CCA (WATER POLO),na
JURONG SECONDARY SCHOOL,SECONDARY (S1-S5),CLUBS AND SOCIETIES,STUDENTS' COUNCIL,na
JURONG SECONDARY SCHOOL,SECONDARY (S1-S5),PHYSICAL SPORTS,TRACK AND FIELD,na
JURONG SECONDARY SCHOOL,SECONDARY (S1-S5),PHYSICAL SPORTS,VOLLEYBALL,na
JURONG WEST PRIMARY SCHOOL,PRIMARY,PHYSICAL SPORTS,BADMINTON,na
JURONG WEST PRIMARY SCHOOL,PRIMARY,PHYSICAL SPORTS,BASKETBALL,na
JURONG WEST PRIMARY SCHOOL,PRIMARY,VISUAL AND PERFORMING ARTS,BRASS BAND,BAND
JURONG WEST PRIMARY SCHOOL,PRIMARY,VISUAL AND PERFORMING ARTS,CHINESE DANCE,na
JURONG WEST PRIMARY SCHOOL,PRIMARY,VISUAL AND PERFORMING ARTS,CHOIR,na
JURONG WEST PRIMARY SCHOOL,PRIMARY,CLUBS AND SOCIETIES,DIGITAL MEDIA,Creative Media Club
JURONG WEST PRIMARY SCHOOL,PRIMARY,PHYSICAL SPORTS,FOOTBALL,na
JURONG WEST PRIMARY SCHOOL,PRIMARY,PHYSICAL SPORTS,HOCKEY,na
JURONG WEST PRIMARY SCHOOL,PRIMARY,VISUAL AND PERFORMING ARTS,MODERN DANCE,HIP HOP
JURONG WEST PRIMARY SCHOOL,PRIMARY,PHYSICAL SPORTS,NETBALL,na
JURONG WEST PRIMARY SCHOOL,PRIMARY,CLUBS AND SOCIETIES,PHYSICAL SCIENCE,S.T.E.M. CLUB
JURONG WEST PRIMARY SCHOOL,PRIMARY,UNIFORMED GROUPS,SCOUTS,na
JURONG WEST PRIMARY SCHOOL,PRIMARY,OTHERS,STUDENT LEADERSHIP (PREFECT),na
JURONG WEST SECONDARY SCHOOL,SECONDARY (S1-S5),CLUBS AND SOCIETIES,ART AND CRAFTS,ART CLUB
JURONG WEST SECONDARY SCHOOL,SECONDARY (S1-S5),PHYSICAL SPORTS,BADMINTON,na
JURONG WEST SECONDARY SCHOOL,SECONDARY (S1-S5),PHYSICAL SPORTS,BASKETBALL,na
JURONG WEST SECONDARY SCHOOL,SECONDARY (S1-S5),UNIFORMED GROUPS,BOYS' BRIGADE,na
JURONG WEST SECONDARY SCHOOL,SECONDARY (S1-S5),VISUAL AND PERFORMING ARTS,CHOIR,na
JURONG WEST SECONDARY SCHOOL,SECONDARY (S1-S5),CLUBS AND SOCIETIES,COMMUNITY SERVICE,STUDENT COUNCIL
JURONG WEST SECONDARY SCHOOL,SECONDARY (S1-S5),CLUBS AND SOCIETIES,COMMUNITY SERVICE (FIRST AID),STUDENT AMBASSADORS
JURONG WEST SECONDARY SCHOOL,SECONDARY (S1-S5),VISUAL AND PERFORMING ARTS,CONCERT BAND,na
JURONG WEST SECONDARY SCHOOL,SECONDARY (S1-S5),CLUBS AND SOCIETIES,DESIGN,CRAFT & TECH DEPARTMENT (ART / D&T / NFS)
JURONG WEST SECONDARY SCHOOL,SECONDARY (S1-S5),CLUBS AND SOCIETIES,ENGLISH CULTURE AND LANGUAGE,ENGLISH / LITERATURE DEPARTMENT
JURONG WEST SECONDARY SCHOOL,SECONDARY (S1-S5),CLUBS AND SOCIETIES,"ENGLISH LANGUAGE, DRAMA AND DEBATING",na
JURONG WEST SECONDARY SCHOOL,SECONDARY (S1-S5),CLUBS AND SOCIETIES,ENVIRONMENTAL SCIENCE,STEM & SUSTAINABILITY CLUB
JURONG WEST SECONDARY SCHOOL,SECONDARY (S1-S5),PHYSICAL SPORTS,FLOORBALL,na
JURONG WEST SECONDARY SCHOOL,SECONDARY (S1-S5),CLUBS AND SOCIETIES,FOREIGN CULTURE AND LANGUAGE,MOTHER TONGUE DEPARTMENT
JURONG WEST SECONDARY SCHOOL,SECONDARY (S1-S5),CLUBS AND SOCIETIES,HISTORY,HUMANITIES DEPARTMENT
JURONG WEST SECONDARY SCHOOL,SECONDARY (S1-S5),PHYSICAL SPORTS,HOCKEY,na
JURONG WEST SECONDARY SCHOOL,SECONDARY (S1-S5),CLUBS AND SOCIETIES,INFOCOMM TECHNOLOGY (COMPUTING),INFORMATION TECHNOLOGY
JURONG WEST SECONDARY SCHOOL,SECONDARY (S1-S5),CLUBS AND SOCIETIES,INFOCOMM TECHNOLOGY (MEDIA PRODUCTION),INFOCOMM & MEDIA TECHNOLOGY CLUB
JURONG WEST SECONDARY SCHOOL,SECONDARY (S1-S5),CLUBS AND SOCIETIES,MATHEMATICS,MATHEMATICS DEPARTMENT
JURONG WEST SECONDARY SCHOOL,SECONDARY (S1-S5),VISUAL AND PERFORMING ARTS,MODERN DANCE,na
JURONG WEST SECONDARY SCHOOL,SECONDARY (S1-S5),UNIFORMED GROUPS,NATIONAL CADET CORPS (LAND),na
JURONG WEST SECONDARY SCHOOL,SECONDARY (S1-S5),UNIFORMED GROUPS,NATIONAL POLICE CADET CORPS,na
JURONG WEST SECONDARY SCHOOL,SECONDARY (S1-S5),PHYSICAL SPORTS,NETBALL,na
JURONG WEST SECONDARY SCHOOL,SECONDARY (S1-S5),UNIFORMED GROUPS,RED CROSS YOUTH,na
JURONG WEST SECONDARY SCHOOL,SECONDARY (S1-S5),CLUBS AND SOCIETIES,SPACE SCIENCE,SCIENCE DEPARTMENT
JURONG WEST SECONDARY SCHOOL,SECONDARY (S1-S5),OTHERS,STUDENT LEADERSHIP (COUNCIL),na
JURONG WEST SECONDARY SCHOOL,SECONDARY (S1-S5),PHYSICAL SPORTS,VOLLEYBALL,na
JURONG WEST SECONDARY SCHOOL,SECONDARY (S1-S5),PHYSICAL SPORTS,WATER POLO,na
JURONGVILLE SECONDARY SCHOOL,SECONDARY (S1-S5),VISUAL AND PERFORMING ARTS,ANGKLUNG/KULINTANG ENSEMBLE,na
JURONGVILLE SECONDARY SCHOOL,SECONDARY (S1-S5),CLUBS AND SOCIETIES,AUDIO VISUAL AID,INFOMEDIA CLUB
JURONGVILLE SECONDARY SCHOOL,SECONDARY (S1-S5),PHYSICAL SPORTS,BADMINTON,na
JURONGVILLE SECONDARY SCHOOL,SECONDARY (S1-S5),PHYSICAL SPORTS,BASKETBALL,na
JURONGVILLE SECONDARY SCHOOL,SECONDARY (S1-S5),UNIFORMED GROUPS,BOYS' BRIGADE,na
JURONGVILLE SECONDARY SCHOOL,SECONDARY (S1-S5),VISUAL AND PERFORMING ARTS,CHINESE ORCHESTRA,na
JURONGVILLE SECONDARY SCHOOL,SECONDARY (S1-S5),VISUAL AND PERFORMING ARTS,CONCERT BAND,na
JURONGVILLE SECONDARY SCHOOL,SECONDARY (S1-S5),VISUAL AND PERFORMING ARTS,ENGLISH DRAMA,na
JURONGVILLE SECONDARY SCHOOL,SECONDARY (S1-S5),PHYSICAL SPORTS,FOOTBALL,na
JURONGVILLE SECONDARY SCHOOL,SECONDARY (S1-S5),UNIFORMED GROUPS,GIRL GUIDES,na
JURONGVILLE SECONDARY SCHOOL,SECONDARY (S1-S5),VISUAL AND PERFORMING ARTS,MODERN DANCE,na
JURONGVILLE SECONDARY SCHOOL,SECONDARY (S1-S5),UNIFORMED GROUPS,NATIONAL CADET CORPS (LAND),na
JURONGVILLE SECONDARY SCHOOL,SECONDARY (S1-S5),UNIFORMED GROUPS,NATIONAL POLICE CADET CORPS,na
JURONGVILLE SECONDARY SCHOOL,SECONDARY (S1-S5),PHYSICAL SPORTS,NETBALL,na
JURONGVILLE SECONDARY SCHOOL,SECONDARY (S1-S5),VISUAL AND PERFORMING ARTS,PERCUSSION ENSEMBLE,BATUCADA
JURONGVILLE SECONDARY SCHOOL,SECONDARY (S1-S5),UNIFORMED GROUPS,SCOUTS,na
JURONGVILLE SECONDARY SCHOOL,SECONDARY (S1-S5),PHYSICAL SPORTS,SEPAKTAKRAW,na
JURONGVILLE SECONDARY SCHOOL,SECONDARY (S1-S5),PHYSICAL SPORTS,SP-CCA (ATHLETICS),na
JURONGVILLE SECONDARY SCHOOL,SECONDARY (S1-S5),OTHERS,STUDENT LEADERSHIP (COUNCIL),na
JURONGVILLE SECONDARY SCHOOL,SECONDARY (S1-S5),OTHERS,STUDENT LEADERSHIP (PEER SUPPORT),na
JURONGVILLE SECONDARY SCHOOL,SECONDARY (S1-S5),PHYSICAL SPORTS,TAEKWONDO,na
JURONGVILLE SECONDARY SCHOOL,SECONDARY (S1-S5),PHYSICAL SPORTS,TCHOUKBALL,na
JUYING SECONDARY SCHOOL,SECONDARY (S1-S5),CLUBS AND SOCIETIES,ART AND CRAFTS,na
JUYING SECONDARY SCHOOL,SECONDARY (S1-S5),PHYSICAL SPORTS,BADMINTON,na
JUYING SECONDARY SCHOOL,SECONDARY (S1-S5),PHYSICAL SPORTS,BASKETBALL,na
JUYING SECONDARY SCHOOL,SECONDARY (S1-S5),VISUAL AND PERFORMING ARTS,CHOIR,na
JUYING SECONDARY SCHOOL,SECONDARY (S1-S5),CLUBS AND SOCIETIES,COMMUNITY SERVICE,na
JUYING SECONDARY SCHOOL,SECONDARY (S1-S5),VISUAL AND PERFORMING ARTS,CONCERT BAND,na
JUYING SECONDARY SCHOOL,SECONDARY (S1-S5),VISUAL AND PERFORMING ARTS,CULTURAL DANCE,na
JUYING SECONDARY SCHOOL,SECONDARY (S1-S5),CLUBS AND SOCIETIES,INFOCOMM TECHNOLOGY (MEDIA PRODUCTION),na
JUYING SECONDARY SCHOOL,SECONDARY (S1-S5),VISUAL AND PERFORMING ARTS,MODERN DANCE,na
JUYING SECONDARY SCHOOL,SECONDARY (S1-S5),UNIFORMED GROUPS,NATIONAL CADET CORPS (SEA),na
JUYING SECONDARY SCHOOL,SECONDARY (S1-S5),UNIFORMED GROUPS,NATIONAL CIVIL DEFENCE CADET CORPS,na
JUYING SECONDARY SCHOOL,SECONDARY (S1-S5),PHYSICAL SPORTS,NETBALL,na
JUYING SECONDARY SCHOOL,SECONDARY (S1-S5),PHYSICAL SPORTS,SOFTBALL,na
JUYING SECONDARY SCHOOL,SECONDARY (S1-S5),CLUBS AND SOCIETIES,SPEECH AND DRAMA,na
JUYING SECONDARY SCHOOL,SECONDARY (S1-S5),OTHERS,STUDENT LEADERSHIP (COUNCIL),na
JUYING SECONDARY SCHOOL,SECONDARY (S1-S5),CLUBS AND SOCIETIES,STUDENTS' COUNCIL,na
KEMING PRIMARY SCHOOL,PRIMARY,CLUBS AND SOCIETIES,ART AND CRAFTS,na
KEMING PRIMARY SCHOOL,PRIMARY,PHYSICAL SPORTS,BADMINTON,na
KEMING PRIMARY SCHOOL,PRIMARY,VISUAL AND PERFORMING ARTS,CHINESE DANCE,na
KEMING PRIMARY SCHOOL,PRIMARY,VISUAL AND PERFORMING ARTS,CHINESE ORCHESTRA,na
KEMING PRIMARY SCHOOL,PRIMARY,VISUAL AND PERFORMING ARTS,CHOIR,na
KEMING PRIMARY SCHOOL,PRIMARY,CLUBS AND SOCIETIES,DESIGN AND INNOVATION,DIGITAL DISCOVERY CLUB
KEMING PRIMARY SCHOOL,PRIMARY,CLUBS AND SOCIETIES,ENVIRONMENTAL SCIENCE,SENSE CLUB
KEMING PRIMARY SCHOOL,PRIMARY,PHYSICAL SPORTS,FLOORBALL,na
KEMING PRIMARY SCHOOL,PRIMARY,PHYSICAL SPORTS,FOOTBALL,na
KEMING PRIMARY SCHOOL,PRIMARY,UNIFORMED GROUPS,GIRLS' BRIGADE,na
KEMING PRIMARY SCHOOL,PRIMARY,CLUBS AND SOCIETIES,INTERNATIONAL CHESS,na
KEMING PRIMARY SCHOOL,PRIMARY,VISUAL AND PERFORMING ARTS,MODERN DANCE,INTERNATIONAL DANCE
KEMING PRIMARY SCHOOL,PRIMARY,UNIFORMED GROUPS,SCOUTS,na
KEMING PRIMARY SCHOOL,PRIMARY,PHYSICAL SPORTS,WUSHU,na
KENT RIDGE SECONDARY SCHOOL,SECONDARY (S1-S5),CLUBS AND SOCIETIES,ART AND CRAFTS,EARTH CLUB
KENT RIDGE SECONDARY SCHOOL,SECONDARY (S1-S5),PHYSICAL SPORTS,BADMINTON,na
KENT RIDGE SECONDARY SCHOOL,SECONDARY (S1-S5),PHYSICAL SPORTS,BASKETBALL,na
KENT RIDGE SECONDARY SCHOOL,SECONDARY (S1-S5),UNIFORMED GROUPS,BOYS' BRIGADE,na
KENT RIDGE SECONDARY SCHOOL,SECONDARY (S1-S5),CLUBS AND SOCIETIES,BROADCASTING,IP - COMPUTING
KENT RIDGE SECONDARY SCHOOL,SECONDARY (S1-S5),VISUAL AND PERFORMING ARTS,CHOIR,na
KENT RIDGE SECONDARY SCHOOL,SECONDARY (S1-S5),VISUAL AND PERFORMING ARTS,CONCERT BAND,na
KENT RIDGE SECONDARY SCHOOL,SECONDARY (S1-S5),PHYSICAL SPORTS,CROSS COUNTRY,IP - PHYSICAL EDUCATION
KENT RIDGE SECONDARY SCHOOL,SECONDARY (S1-S5),CLUBS AND SOCIETIES,DEBATING AND PUBLIC SPEAKING,DEBATE SOCIETY
KENT RIDGE SECONDARY SCHOOL,SECONDARY (S1-S5),CLUBS AND SOCIETIES,ENGLISH CULTURE AND LANGUAGE,IP - ENGLISH
KENT RIDGE SECONDARY SCHOOL,SECONDARY (S1-S5),VISUAL AND PERFORMING ARTS,ENGLISH DRAMA,DRAMA CLUB
KENT RIDGE SECONDARY SCHOOL,SECONDARY (S1-S5),PHYSICAL SPORTS,FLOORBALL,na
KENT RIDGE SECONDARY SCHOOL,SECONDARY (S1-S5),PHYSICAL SPORTS,FOOTBALL,na
KENT RIDGE SECONDARY SCHOOL,SECONDARY (S1-S5),PHYSICAL SPORTS,FRISBEE,na
KENT RIDGE SECONDARY SCHOOL,SECONDARY (S1-S5),UNIFORMED GROUPS,GIRLS' BRIGADE,na
KENT RIDGE SECONDARY SCHOOL,SECONDARY (S1-S5),PHYSICAL SPORTS,GOLF,na
KENT RIDGE SECONDARY SCHOOL,SECONDARY (S1-S5),PHYSICAL SPORTS,HEALTH AND FITNESS,na
KENT RIDGE SECONDARY SCHOOL,SECONDARY (S1-S5),CLUBS AND SOCIETIES,HISTORY,IP - HUMANITIES
KENT RIDGE SECONDARY SCHOOL,SECONDARY (S1-S5),CLUBS AND SOCIETIES,HOME ECONOMICS,IP - NUTRITION FOOD SCIENCE (NFS)
KENT RIDGE SECONDARY SCHOOL,SECONDARY (S1-S5),CLUBS AND SOCIETIES,INFOCOMM TECHNOLOGY (COMPUTING),IP - ALP
KENT RIDGE SECONDARY SCHOOL,SECONDARY (S1-S5),CLUBS AND SOCIETIES,INFOCOMM TECHNOLOGY (MEDIA PRODUCTION),MEDIA CLUB
KENT RIDGE SECONDARY SCHOOL,SECONDARY (S1-S5),CLUBS AND SOCIETIES,INTERNATIONAL CHESS,na
KENT RIDGE SECONDARY SCHOOL,SECONDARY (S1-S5),CLUBS AND SOCIETIES,MALAY CULTURE AND LANGUAGE,IP - MOTHER TONGUE LANGUAGE
KENT RIDGE SECONDARY SCHOOL,SECONDARY (S1-S5),CLUBS AND SOCIETIES,MATHEMATICS,IP - MATH/P.O.A
KENT RIDGE SECONDARY SCHOOL,SECONDARY (S1-S5),VISUAL AND PERFORMING ARTS,MODERN DANCE,DANCE CLUB
KENT RIDGE SECONDARY SCHOOL,SECONDARY (S1-S5),VISUAL AND PERFORMING ARTS,MODULAR CCA (VPA),na
KENT RIDGE SECONDARY SCHOOL,SECONDARY (S1-S5),UNIFORMED GROUPS,NATIONAL CADET CORPS (LAND),NATIONAL CADET CORPS (LAND)
KENT RIDGE SECONDARY SCHOOL,SECONDARY (S1-S5),UNIFORMED GROUPS,NATIONAL CIVIL DEFENCE CADET CORPS,na
KENT RIDGE SECONDARY SCHOOL,SECONDARY (S1-S5),UNIFORMED GROUPS,NATIONAL POLICE CADET CORPS,NATIONAL POLICE CADET CORPS
KENT RIDGE SECONDARY SCHOOL,SECONDARY (S1-S5),PHYSICAL SPORTS,OUTDOOR ADVENTURE,OUTDOOR ADVENTURE CLUB
KENT RIDGE SECONDARY SCHOOL,SECONDARY (S1-S5),CLUBS AND SOCIETIES,PHYSICAL SCIENCE,IP - SCIENCE
KENT RIDGE SECONDARY SCHOOL,SECONDARY (S1-S5),CLUBS AND SOCIETIES,ROBOTICS,INFOCOMM CLUB
KENT RIDGE SECONDARY SCHOOL,SECONDARY (S1-S5),PHYSICAL SPORTS,ROCKWALL CLIMBING,BOULDERING
KENT RIDGE SECONDARY SCHOOL,SECONDARY (S1-S5),PHYSICAL SPORTS,SAILING,na
KENT RIDGE SECONDARY SCHOOL,SECONDARY (S1-S5),PHYSICAL SPORTS,SILAT,na
KENT RIDGE SECONDARY SCHOOL,SECONDARY (S1-S5),CLUBS AND SOCIETIES,SINGAPORE YOUTH FLYING CLUB,na
KENT RIDGE SECONDARY SCHOOL,SECONDARY (S1-S5),PHYSICAL SPORTS,SOFTBALL,WOODBALL
KENT RIDGE SECONDARY SCHOOL,SECONDARY (S1-S5),PHYSICAL SPORTS,SP-CCA (ATHLETICS),na
KENT RIDGE SECONDARY SCHOOL,SECONDARY (S1-S5),PHYSICAL SPORTS,SP-CCA (WATER POLO),na
KENT RIDGE SECONDARY SCHOOL,SECONDARY (S1-S5),PHYSICAL SPORTS,SWIMMING,na
KENT RIDGE SECONDARY SCHOOL,SECONDARY (S1-S5),PHYSICAL SPORTS,TABLE TENNIS,na
KENT RIDGE SECONDARY SCHOOL,SECONDARY (S1-S5),PHYSICAL SPORTS,TAEKWONDO,na
KENT RIDGE SECONDARY SCHOOL,SECONDARY (S1-S5),PHYSICAL SPORTS,TCHOUKBALL,na
KENT RIDGE SECONDARY SCHOOL,SECONDARY (S1-S5),PHYSICAL SPORTS,TRACK AND FIELD,na
KENT RIDGE SECONDARY SCHOOL,SECONDARY (S1-S5),PHYSICAL SPORTS,TRAMPOLINE,na
KENT RIDGE SECONDARY SCHOOL,SECONDARY (S1-S5),PHYSICAL SPORTS,TRIATHLON,na
KENT RIDGE SECONDARY SCHOOL,SECONDARY (S1-S5),PHYSICAL SPORTS,WATER POLO,na
KENT RIDGE SECONDARY SCHOOL,SECONDARY (S1-S5),PHYSICAL SPORTS,WUSHU,na
KHENG CHENG SCHOOL,PRIMARY,CLUBS AND SOCIETIES,ART AND CRAFTS,na
KHENG CHENG SCHOOL,PRIMARY,PHYSICAL SPORTS,BASKETBALL,na
KHENG CHENG SCHOOL,PRIMARY,VISUAL AND PERFORMING ARTS,CHINESE ORCHESTRA,na
KHENG CHENG SCHOOL,PRIMARY,VISUAL AND PERFORMING ARTS,CHOIR,na
KHENG CHENG SCHOOL,PRIMARY,CLUBS AND SOCIETIES,ENVIRONMENTAL SCIENCE,na
KHENG CHENG SCHOOL,PRIMARY,UNIFORMED GROUPS,GIRLS' BRIGADE,na
KHENG CHENG SCHOOL,PRIMARY,CLUBS AND SOCIETIES,INFOCOMM TECHNOLOGY (MEDIA PRODUCTION),na
KHENG CHENG SCHOOL,PRIMARY,CLUBS AND SOCIETIES,INTERNATIONAL CHESS,na
KHENG CHENG SCHOOL,PRIMARY,VISUAL AND PERFORMING ARTS,MODERN DANCE,na
KHENG CHENG SCHOOL,PRIMARY,PHYSICAL SPORTS,MODULAR CCA (SPORTS),na
KHENG CHENG SCHOOL,PRIMARY,UNIFORMED GROUPS,RED CROSS YOUTH,na
KHENG CHENG SCHOOL,PRIMARY,UNIFORMED GROUPS,SCOUTS,na
KHENG CHENG SCHOOL,PRIMARY,PHYSICAL SPORTS,TRACK AND FIELD,na
KONG HWA SCHOOL,PRIMARY,CLUBS AND SOCIETIES,ART AND CRAFTS,na
KONG HWA SCHOOL,PRIMARY,PHYSICAL SPORTS,BADMINTON,na
KONG HWA SCHOOL,PRIMARY,PHYSICAL SPORTS,BASKETBALL,na
KONG HWA SCHOOL,PRIMARY,CLUBS AND SOCIETIES,CHINESE CALLIGRAPHY AND BRUSH PAINTING,na
KONG HWA SCHOOL,PRIMARY,CLUBS AND SOCIETIES,CHINESE CHESS,na
KONG HWA SCHOOL,PRIMARY,VISUAL AND PERFORMING ARTS,CHINESE DANCE,na
KONG HWA SCHOOL,PRIMARY,VISUAL AND PERFORMING ARTS,CHINESE ORCHESTRA,na
KONG HWA SCHOOL,PRIMARY,CLUBS AND SOCIETIES,CHINESE WEIQI,na
KONG HWA SCHOOL,PRIMARY,VISUAL AND PERFORMING ARTS,CHOIR,na
KONG HWA SCHOOL,PRIMARY,UNIFORMED GROUPS,GIRL GUIDES (BROWNIES),na
KONG HWA SCHOOL,PRIMARY,VISUAL AND PERFORMING ARTS,GUZHENG ENSEMBLE,na
KONG HWA SCHOOL,PRIMARY,CLUBS AND SOCIETIES,INFOCOMM TECHNOLOGY (COMPUTING),na
KONG HWA SCHOOL,PRIMARY,CLUBS AND SOCIETIES,INTERNATIONAL CHESS,na
KONG HWA SCHOOL,PRIMARY,PHYSICAL SPORTS,NETBALL,na
KONG HWA SCHOOL,PRIMARY,UNIFORMED GROUPS,SCOUTS,na
KONG HWA SCHOOL,PRIMARY,VISUAL AND PERFORMING ARTS,SINGAPORE NATIONAL YOUTH CHINESE ORCHESTRA,na
KONG HWA SCHOOL,PRIMARY,PHYSICAL SPORTS,TABLE TENNIS,na
KONG HWA SCHOOL,PRIMARY,PHYSICAL SPORTS,TCHOUKBALL,na
KONG HWA SCHOOL,PRIMARY,PHYSICAL SPORTS,WUSHU,na
KRANJI PRIMARY SCHOOL,PRIMARY,CLUBS AND SOCIETIES,ART AND CRAFTS,ART CLUB
KRANJI PRIMARY SCHOOL,PRIMARY,PHYSICAL SPORTS,BASKETBALL,na
KRANJI PRIMARY SCHOOL,PRIMARY,PHYSICAL SPORTS,FOOTBALL,na
KRANJI PRIMARY SCHOOL,PRIMARY,CLUBS AND SOCIETIES,INFOCOMM TECHNOLOGY (COMPUTING),na
KRANJI PRIMARY SCHOOL,PRIMARY,VISUAL AND PERFORMING ARTS,MODERN DANCE,na
KRANJI PRIMARY SCHOOL,PRIMARY,VISUAL AND PERFORMING ARTS,PERCUSSION ENSEMBLE,na
KRANJI PRIMARY SCHOOL,PRIMARY,CLUBS AND SOCIETIES,PHYSICAL SCIENCE,ECO MAKERS CLUB
KRANJI PRIMARY SCHOOL,PRIMARY,UNIFORMED GROUPS,SCOUTS,na
KRANJI SECONDARY SCHOOL,SECONDARY (S1-S5),CLUBS AND SOCIETIES,ART AND CRAFTS,na
KRANJI SECONDARY SCHOOL,SECONDARY (S1-S5),PHYSICAL SPORTS,BADMINTON,na
KRANJI SECONDARY SCHOOL,SECONDARY (S1-S5),PHYSICAL SPORTS,BASKETBALL,na
KRANJI SECONDARY SCHOOL,SECONDARY (S1-S5),VISUAL AND PERFORMING ARTS,CHINESE DANCE,na
KRANJI SECONDARY SCHOOL,SECONDARY (S1-S5),VISUAL AND PERFORMING ARTS,CHOIR,na
KRANJI SECONDARY SCHOOL,SECONDARY (S1-S5),VISUAL AND PERFORMING ARTS,CONCERT BAND,na
KRANJI SECONDARY SCHOOL,SECONDARY (S1-S5),CLUBS AND SOCIETIES,"ENGLISH LANGUAGE, DRAMA AND DEBATING",na
KRANJI SECONDARY SCHOOL,SECONDARY (S1-S5),PHYSICAL SPORTS,FLOORBALL,na
KRANJI SECONDARY SCHOOL,SECONDARY (S1-S5),PHYSICAL SPORTS,FOOTBALL,na
KRANJI SECONDARY SCHOOL,SECONDARY (S1-S5),CLUBS AND SOCIETIES,INFOCOMM TECHNOLOGY (MEDIA PRODUCTION),na
KRANJI SECONDARY SCHOOL,SECONDARY (S1-S5),CLUBS AND SOCIETIES,INTERNATIONAL AND GLOBAL STUDIES,na
KRANJI SECONDARY SCHOOL,SECONDARY (S1-S5),CLUBS AND SOCIETIES,MALAY CULTURE AND LANGUAGE,na
KRANJI SECONDARY SCHOOL,SECONDARY (S1-S5),VISUAL AND PERFORMING ARTS,MODERN DANCE,na
KRANJI SECONDARY SCHOOL,SECONDARY (S1-S5),UNIFORMED GROUPS,NATIONAL CADET CORPS (LAND),na
KRANJI SECONDARY SCHOOL,SECONDARY (S1-S5),UNIFORMED GROUPS,NATIONAL POLICE CADET CORPS,na
KRANJI SECONDARY SCHOOL,SECONDARY (S1-S5),CLUBS AND SOCIETIES,PHYSICAL SCIENCE,na
KRANJI SECONDARY SCHOOL,SECONDARY (S1-S5),UNIFORMED GROUPS,ST JOHN BRIGADE,na
KRANJI SECONDARY SCHOOL,SECONDARY (S1-S5),PHYSICAL SPORTS,TABLE TENNIS,na
KRANJI SECONDARY SCHOOL,SECONDARY (S1-S5),PHYSICAL SPORTS,TRACK AND FIELD,na
KUO CHUAN PRESBYTERIAN PRIMARY SCHOOL,PRIMARY,CLUBS AND SOCIETIES,ART AND CRAFTS,na
KUO CHUAN PRESBYTERIAN PRIMARY SCHOOL,PRIMARY,PHYSICAL SPORTS,ARTISTIC GYMNASTICS,na
KUO CHUAN PRESBYTERIAN PRIMARY SCHOOL,PRIMARY,PHYSICAL SPORTS,BADMINTON,na
KUO CHUAN PRESBYTERIAN PRIMARY SCHOOL,PRIMARY,PHYSICAL SPORTS,BASKETBALL,na
KUO CHUAN PRESBYTERIAN PRIMARY SCHOOL,PRIMARY,PHYSICAL SPORTS,BOWLING,na
KUO CHUAN PRESBYTERIAN PRIMARY SCHOOL,PRIMARY,UNIFORMED GROUPS,BOYS' BRIGADE,na
KUO CHUAN PRESBYTERIAN PRIMARY SCHOOL,PRIMARY,VISUAL AND PERFORMING ARTS,CHINESE DANCE,na
KUO CHUAN PRESBYTERIAN PRIMARY SCHOOL,PRIMARY,VISUAL AND PERFORMING ARTS,CHOIR,na
KUO CHUAN PRESBYTERIAN PRIMARY SCHOOL,PRIMARY,VISUAL AND PERFORMING ARTS,CONCERT BAND,na
KUO CHUAN PRESBYTERIAN PRIMARY SCHOOL,PRIMARY,CLUBS AND SOCIETIES,DIGITAL MEDIA,na
KUO CHUAN PRESBYTERIAN PRIMARY SCHOOL,PRIMARY,VISUAL AND PERFORMING ARTS,ENGLISH DRAMA,na
KUO CHUAN PRESBYTERIAN PRIMARY SCHOOL,PRIMARY,PHYSICAL SPORTS,FOOTBALL,na
KUO CHUAN PRESBYTERIAN PRIMARY SCHOOL,PRIMARY,UNIFORMED GROUPS,GIRLS' BRIGADE,na
KUO CHUAN PRESBYTERIAN PRIMARY SCHOOL,PRIMARY,VISUAL AND PERFORMING ARTS,GUITAR ENSEMBLE,na
KUO CHUAN PRESBYTERIAN PRIMARY SCHOOL,PRIMARY,PHYSICAL SPORTS,ROPE SKIPPING,na
KUO CHUAN PRESBYTERIAN PRIMARY SCHOOL,PRIMARY,CLUBS AND SOCIETIES,STRATEGY GAMES,na
KUO CHUAN PRESBYTERIAN PRIMARY SCHOOL,PRIMARY,OTHERS,STUDENT LEADERSHIP (COUNCIL),na
KUO CHUAN PRESBYTERIAN PRIMARY SCHOOL,PRIMARY,PHYSICAL SPORTS,SWIMMING,na
KUO CHUAN PRESBYTERIAN PRIMARY SCHOOL,PRIMARY,PHYSICAL SPORTS,TABLE TENNIS,na
KUO CHUAN PRESBYTERIAN PRIMARY SCHOOL,PRIMARY,PHYSICAL SPORTS,TAEKWONDO,na
KUO CHUAN PRESBYTERIAN PRIMARY SCHOOL,PRIMARY,PHYSICAL SPORTS,TRACK AND FIELD,na
KUO CHUAN PRESBYTERIAN PRIMARY SCHOOL,PRIMARY,PHYSICAL SPORTS,WUSHU,na
KUO CHUAN PRESBYTERIAN SECONDARY SCHOOL,SECONDARY (S1-S5),CLUBS AND SOCIETIES,ART AND CRAFTS,na
KUO CHUAN PRESBYTERIAN SECONDARY SCHOOL,SECONDARY (S1-S5),PHYSICAL SPORTS,BADMINTON,na
KUO CHUAN PRESBYTERIAN SECONDARY SCHOOL,SECONDARY (S1-S5),PHYSICAL SPORTS,BASKETBALL,na
KUO CHUAN PRESBYTERIAN SECONDARY SCHOOL,SECONDARY (S1-S5),UNIFORMED GROUPS,BOYS' BRIGADE,na
KUO CHUAN PRESBYTERIAN SECONDARY SCHOOL,SECONDARY (S1-S5),VISUAL AND PERFORMING ARTS,CHINESE DANCE,DANCE
KUO CHUAN PRESBYTERIAN SECONDARY SCHOOL,SECONDARY (S1-S5),VISUAL AND PERFORMING ARTS,CHOIR,na
KUO CHUAN PRESBYTERIAN SECONDARY SCHOOL,SECONDARY (S1-S5),VISUAL AND PERFORMING ARTS,CONCERT BAND,na
KUO CHUAN PRESBYTERIAN SECONDARY SCHOOL,SECONDARY (S1-S5),VISUAL AND PERFORMING ARTS,ENGLISH DRAMA,na
KUO CHUAN PRESBYTERIAN SECONDARY SCHOOL,SECONDARY (S1-S5),PHYSICAL SPORTS,FOOTBALL,na
KUO CHUAN PRESBYTERIAN SECONDARY SCHOOL,SECONDARY (S1-S5),UNIFORMED GROUPS,GIRL GUIDES,na
KUO CHUAN PRESBYTERIAN SECONDARY SCHOOL,SECONDARY (S1-S5),UNIFORMED GROUPS,GIRLS' BRIGADE,na
KUO CHUAN PRESBYTERIAN SECONDARY SCHOOL,SECONDARY (S1-S5),VISUAL AND PERFORMING ARTS,GUZHENG ENSEMBLE,na
KUO CHUAN PRESBYTERIAN SECONDARY SCHOOL,SECONDARY (S1-S5),CLUBS AND SOCIETIES,INFOCOMM TECHNOLOGY (MEDIA PRODUCTION),na
KUO CHUAN PRESBYTERIAN SECONDARY SCHOOL,SECONDARY (S1-S5),UNIFORMED GROUPS,NATIONAL CIVIL DEFENCE CADET CORPS,na
KUO CHUAN PRESBYTERIAN SECONDARY SCHOOL,SECONDARY (S1-S5),UNIFORMED GROUPS,NATIONAL POLICE CADET CORPS,na
KUO CHUAN PRESBYTERIAN SECONDARY SCHOOL,SECONDARY (S1-S5),PHYSICAL SPORTS,NETBALL,na
KUO CHUAN PRESBYTERIAN SECONDARY SCHOOL,SECONDARY (S1-S5),CLUBS AND SOCIETIES,PHOTOGRAPHY,na
KUO CHUAN PRESBYTERIAN SECONDARY SCHOOL,SECONDARY (S1-S5),CLUBS AND SOCIETIES,ROBOTICS,na
KUO CHUAN PRESBYTERIAN SECONDARY SCHOOL,SECONDARY (S1-S5),PHYSICAL SPORTS,SHOOTING,na
KUO CHUAN PRESBYTERIAN SECONDARY SCHOOL,SECONDARY (S1-S5),PHYSICAL SPORTS,SP-CCA (ATHLETICS),na
KUO CHUAN PRESBYTERIAN SECONDARY SCHOOL,SECONDARY (S1-S5),PHYSICAL SPORTS,SP-CCA (CANOEING),na
KUO CHUAN PRESBYTERIAN SECONDARY SCHOOL,SECONDARY (S1-S5),PHYSICAL SPORTS,SP-CCA (WATER POLO),na
KUO CHUAN PRESBYTERIAN SECONDARY SCHOOL,SECONDARY (S1-S5),PHYSICAL SPORTS,TABLE TENNIS,na
LAKESIDE PRIMARY SCHOOL,PRIMARY,CLUBS AND SOCIETIES,ART AND CRAFTS,VISUAL ARTS CLUB
LAKESIDE PRIMARY SCHOOL,PRIMARY,VISUAL AND PERFORMING ARTS,CHOIR,na
LAKESIDE PRIMARY SCHOOL,PRIMARY,CLUBS AND SOCIETIES,COMMUNITY SERVICE,COMMUNITY LEADERSHIP CLUB
LAKESIDE PRIMARY SCHOOL,PRIMARY,VISUAL AND PERFORMING ARTS,CONCERT BAND,na
LAKESIDE PRIMARY SCHOOL,PRIMARY,CLUBS AND SOCIETIES,ENVIRONMENTAL SCIENCE,GREEN CLUB
LAKESIDE PRIMARY SCHOOL,PRIMARY,PHYSICAL SPORTS,FOOTBALL,na
LAKESIDE PRIMARY SCHOOL,PRIMARY,VISUAL AND PERFORMING ARTS,GUZHENG ENSEMBLE,na
LAKESIDE PRIMARY SCHOOL,PRIMARY,CLUBS AND SOCIETIES,INFOCOMM TECHNOLOGY (MEDIA PRODUCTION),INNOVATORS' CLUB
LAKESIDE PRIMARY SCHOOL,PRIMARY,VISUAL AND PERFORMING ARTS,MODERN DANCE,INTERNATIONAL DANCE
LAKESIDE PRIMARY SCHOOL,PRIMARY,PHYSICAL SPORTS,NETBALL,na
LAKESIDE PRIMARY SCHOOL,PRIMARY,UNIFORMED GROUPS,SCOUTS,na
LAKESIDE PRIMARY SCHOOL,PRIMARY,CLUBS AND SOCIETIES,SPEECH AND DRAMA,na
LAKESIDE PRIMARY SCHOOL,PRIMARY,PHYSICAL SPORTS,VOLLEYBALL,na
LAKESIDE PRIMARY SCHOOL,PRIMARY,PHYSICAL SPORTS,WUSHU,na
LIANHUA PRIMARY SCHOOL,PRIMARY,CLUBS AND SOCIETIES,ART AND CRAFTS,na
LIANHUA PRIMARY SCHOOL,PRIMARY,PHYSICAL SPORTS,BASKETBALL,na
LIANHUA PRIMARY SCHOOL,PRIMARY,VISUAL AND PERFORMING ARTS,CHINESE DANCE,na
LIANHUA PRIMARY SCHOOL,PRIMARY,CLUBS AND SOCIETIES,DIGITAL MEDIA,na
LIANHUA PRIMARY SCHOOL,PRIMARY,PHYSICAL SPORTS,FOOTBALL,na
LIANHUA PRIMARY SCHOOL,PRIMARY,VISUAL AND PERFORMING ARTS,GAMELAN ENSEMBLE,na
LIANHUA PRIMARY SCHOOL,PRIMARY,VISUAL AND PERFORMING ARTS,HANDBELL ENSEMBLE,na
LIANHUA PRIMARY SCHOOL,PRIMARY,VISUAL AND PERFORMING ARTS,INDIAN DANCE,na
LIANHUA PRIMARY SCHOOL,PRIMARY,VISUAL AND PERFORMING ARTS,MALAY DANCE,na
LIANHUA PRIMARY SCHOOL,PRIMARY,VISUAL AND PERFORMING ARTS,MODERN DANCE,na
LIANHUA PRIMARY SCHOOL,PRIMARY,VISUAL AND PERFORMING ARTS,PERCUSSION ENSEMBLE,na
LIANHUA PRIMARY SCHOOL,PRIMARY,CLUBS AND SOCIETIES,PHYSICAL SCIENCE,na
LIANHUA PRIMARY SCHOOL,PRIMARY,CLUBS AND SOCIETIES,ROBOTICS,na
LIANHUA PRIMARY SCHOOL,PRIMARY,UNIFORMED GROUPS,SCOUTS,na
LIANHUA PRIMARY SCHOOL,PRIMARY,OTHERS,STUDENT LEADERSHIP (PREFECT),na
LIANHUA PRIMARY SCHOOL,PRIMARY,PHYSICAL SPORTS,VOLLEYBALL,na
LOYANG VIEW SECONDARY SCHOOL,SECONDARY (S1-S5),PHYSICAL SPORTS,BASKETBALL,na
LOYANG VIEW SECONDARY SCHOOL,SECONDARY (S1-S5),PHYSICAL SPORTS,BOWLING,na
LOYANG VIEW SECONDARY SCHOOL,SECONDARY (S1-S5),UNIFORMED GROUPS,BOYS' BRIGADE,na
LOYANG VIEW SECONDARY SCHOOL,SECONDARY (S1-S5),CLUBS AND SOCIETIES,COMMUNITY SERVICE,na
LOYANG VIEW SECONDARY SCHOOL,SECONDARY (S1-S5),VISUAL AND PERFORMING ARTS,CONCERT BAND,LVSB
LOYANG VIEW SECONDARY SCHOOL,SECONDARY (S1-S5),VISUAL AND PERFORMING ARTS,ENGLISH DRAMA,na
LOYANG VIEW SECONDARY SCHOOL,SECONDARY (S1-S5),CLUBS AND SOCIETIES,ENVIRONMENTAL SCIENCE,Eco Club
LOYANG VIEW SECONDARY SCHOOL,SECONDARY (S1-S5),PHYSICAL SPORTS,FENCING,na
LOYANG VIEW SECONDARY SCHOOL,SECONDARY (S1-S5),PHYSICAL SPORTS,FLOORBALL,na
LOYANG VIEW SECONDARY SCHOOL,SECONDARY (S1-S5),UNIFORMED GROUPS,GIRL GUIDES,na
LOYANG VIEW SECONDARY SCHOOL,SECONDARY (S1-S5),CLUBS AND SOCIETIES,INFOCOMM TECHNOLOGY (MEDIA PRODUCTION),na
LOYANG VIEW SECONDARY SCHOOL,SECONDARY (S1-S5),VISUAL AND PERFORMING ARTS,MODERN DANCE,Danceversity
LOYANG VIEW SECONDARY SCHOOL,SECONDARY (S1-S5),UNIFORMED GROUPS,NATIONAL CADET CORPS (LAND),na
LOYANG VIEW SECONDARY SCHOOL,SECONDARY (S1-S5),UNIFORMED GROUPS,NATIONAL POLICE CADET CORPS,na
LOYANG VIEW SECONDARY SCHOOL,SECONDARY (S1-S5),PHYSICAL SPORTS,NETBALL,na
LOYANG VIEW SECONDARY SCHOOL,SECONDARY (S1-S5),PHYSICAL SPORTS,ROCKWALL CLIMBING,na
LOYANG VIEW SECONDARY SCHOOL,SECONDARY (S1-S5),PHYSICAL SPORTS,SHOOTING,na
LOYANG VIEW SECONDARY SCHOOL,SECONDARY (S1-S5),PHYSICAL SPORTS,TAEKWONDO,na
MAHA BODHI SCHOOL,PRIMARY,CLUBS AND SOCIETIES,ART AND CRAFTS,ART CLUB
MAHA BODHI SCHOOL,PRIMARY,CLUBS AND SOCIETIES,AUDIO VISUAL AID,VIDEOGRAPHY CLUB
MAHA BODHI SCHOOL,PRIMARY,PHYSICAL SPORTS,BADMINTON,na
MAHA BODHI SCHOOL,PRIMARY,PHYSICAL SPORTS,BASKETBALL,na
MAHA BODHI SCHOOL,PRIMARY,CLUBS AND SOCIETIES,CHINESE CALLIGRAPHY AND BRUSH PAINTING,CHINESE CALLIGRAPHY
MAHA BODHI SCHOOL,PRIMARY,CLUBS AND SOCIETIES,CHINESE CHESS,CHINESE CHESS
MAHA BODHI SCHOOL,PRIMARY,CLUBS AND SOCIETIES,CHINESE CULTURE AND LANGUAGE,CHINESE CULTURAL CLUB
MAHA BODHI SCHOOL,PRIMARY,VISUAL AND PERFORMING ARTS,CHINESE DANCE,na
MAHA BODHI SCHOOL,PRIMARY,VISUAL AND PERFORMING ARTS,CHINESE ORCHESTRA,na
MAHA BODHI SCHOOL,PRIMARY,VISUAL AND PERFORMING ARTS,CHOIR,na
MAHA BODHI SCHOOL,PRIMARY,VISUAL AND PERFORMING ARTS,CONCERT BAND,BAND
MAHA BODHI SCHOOL,PRIMARY,CLUBS AND SOCIETIES,DEBATING AND PUBLIC SPEAKING,DEBATE CLUB
MAHA BODHI SCHOOL,PRIMARY,VISUAL AND PERFORMING ARTS,ENGLISH DRAMA,DRAMA CLUB
MAHA BODHI SCHOOL,PRIMARY,CLUBS AND SOCIETIES,ENTREPRENEURSHIP,INFOCOMM
MAHA BODHI SCHOOL,PRIMARY,VISUAL AND PERFORMING ARTS,GUZHENG ENSEMBLE,GUZHENG
MAHA BODHI SCHOOL,PRIMARY,CLUBS AND SOCIETIES,HOME ECONOMICS,HOMEC
MAHA BODHI SCHOOL,PRIMARY,CLUBS AND SOCIETIES,MEDIA RESOURCE LIBRARY,MRL LIBRARY CLUB
MAHA BODHI SCHOOL,PRIMARY,CLUBS AND SOCIETIES,PHYSICAL SCIENCE,ENVIRONMENT AND SCIENCE CLUB
MAHA BODHI SCHOOL,PRIMARY,CLUBS AND SOCIETIES,ROBOTICS,na
MAHA BODHI SCHOOL,PRIMARY,UNIFORMED GROUPS,SCOUTS,na
MAHA BODHI SCHOOL,PRIMARY,PHYSICAL SPORTS,TCHOUKBALL,na
MAHA BODHI SCHOOL,PRIMARY,PHYSICAL SPORTS,WUSHU,WUSHU AND LION DANCE
MANJUSRI SECONDARY SCHOOL,SECONDARY (S1-S5),PHYSICAL SPORTS,BADMINTON,na
MANJUSRI SECONDARY SCHOOL,SECONDARY (S1-S5),PHYSICAL SPORTS,BASKETBALL,na
MANJUSRI SECONDARY SCHOOL,SECONDARY (S1-S5),CLUBS AND SOCIETIES,CHINESE CALLIGRAPHY AND BRUSH PAINTING,na
MANJUSRI SECONDARY SCHOOL,SECONDARY (S1-S5),VISUAL AND PERFORMING ARTS,CHINESE DANCE,na
MANJUSRI SECONDARY SCHOOL,SECONDARY (S1-S5),VISUAL AND PERFORMING ARTS,CHINESE ORCHESTRA,na
MANJUSRI SECONDARY SCHOOL,SECONDARY (S1-S5),VISUAL AND PERFORMING ARTS,CHOIR,na
MANJUSRI SECONDARY SCHOOL,SECONDARY (S1-S5),CLUBS AND SOCIETIES,COMMUNITY SERVICE,INTERACT CLUB
MANJUSRI SECONDARY SCHOOL,SECONDARY (S1-S5),VISUAL AND PERFORMING ARTS,CONCERT BAND,na
MANJUSRI SECONDARY SCHOOL,SECONDARY (S1-S5),PHYSICAL SPORTS,FOOTBALL,na
MANJUSRI SECONDARY SCHOOL,SECONDARY (S1-S5),UNIFORMED GROUPS,GIRL GUIDES,na
MANJUSRI SECONDARY SCHOOL,SECONDARY (S1-S5),CLUBS AND SOCIETIES,INFOCOMM TECHNOLOGY (MEDIA PRODUCTION),MEDIA CLUB
MANJUSRI SECONDARY SCHOOL,SECONDARY (S1-S5),UNIFORMED GROUPS,NATIONAL CADET CORPS (LAND),na
MANJUSRI SECONDARY SCHOOL,SECONDARY (S1-S5),UNIFORMED GROUPS,NATIONAL POLICE CADET CORPS,na
MANJUSRI SECONDARY SCHOOL,SECONDARY (S1-S5),UNIFORMED GROUPS,SCOUTS,na
MANJUSRI SECONDARY SCHOOL,SECONDARY (S1-S5),PHYSICAL SPORTS,SP-CCA (ATHLETICS),na
MANJUSRI SECONDARY SCHOOL,SECONDARY (S1-S5),PHYSICAL SPORTS,SP-CCA (CANOEING),na
MANJUSRI SECONDARY SCHOOL,SECONDARY (S1-S5),PHYSICAL SPORTS,TABLE TENNIS,na
MANJUSRI SECONDARY SCHOOL,SECONDARY (S1-S5),PHYSICAL SPORTS,WUSHU,na
MARIS STELLA HIGH SCHOOL,MIXED LEVEL (P1-S4),PHYSICAL SPORTS,ARCHERY,na
MARIS STELLA HIGH SCHOOL,MIXED LEVEL (P1-S4),CLUBS AND SOCIETIES,ART AND CRAFTS,na
MARIS STELLA HIGH SCHOOL,MIXED LEVEL (P1-S4),PHYSICAL SPORTS,BADMINTON,na
MARIS STELLA HIGH SCHOOL,MIXED LEVEL (P1-S4),PHYSICAL SPORTS,BASKETBALL,na
MARIS STELLA HIGH SCHOOL,MIXED LEVEL (P1-S4),PHYSICAL SPORTS,BOWLING,na
MARIS STELLA HIGH SCHOOL,MIXED LEVEL (P1-S4),CLUBS AND SOCIETIES,CHINESE CHESS,na
MARIS STELLA HIGH SCHOOL,MIXED LEVEL (P1-S4),CLUBS AND SOCIETIES,"CHINESE LANGUAGE, DRAMA AND DEBATING",CHINESE LITERARY SOCIETY
MARIS STELLA HIGH SCHOOL,MIXED LEVEL (P1-S4),VISUAL AND PERFORMING ARTS,CHINESE ORCHESTRA,na
MARIS STELLA HIGH SCHOOL,MIXED LEVEL (P1-S4),VISUAL AND PERFORMING ARTS,CONCERT BAND,BRASS BAND
MARIS STELLA HIGH SCHOOL,MIXED LEVEL (P1-S4),VISUAL AND PERFORMING ARTS,CONCERT BAND,SYMPHONIC BAND
MARIS STELLA HIGH SCHOOL,MIXED LEVEL (P1-S4),CLUBS AND SOCIETIES,ENGLISH CULTURE AND LANGUAGE,ENGLISH LITERARY SOCIETY
MARIS STELLA HIGH SCHOOL,MIXED LEVEL (P1-S4),CLUBS AND SOCIETIES,ENVIRONMENTAL SCIENCE,na
MARIS STELLA HIGH SCHOOL,MIXED LEVEL (P1-S4),CLUBS AND SOCIETIES,INFOCOMM TECHNOLOGY (MEDIA PRODUCTION),MARIST DIGITAL MEDIA CLUB
MARIS STELLA HIGH SCHOOL,MIXED LEVEL (P1-S4),CLUBS AND SOCIETIES,INTERNATIONAL CHESS,na
MARIS STELLA HIGH SCHOOL,MIXED LEVEL (P1-S4),CLUBS AND SOCIETIES,MATHEMATICS,Mathematics Society
MARIS STELLA HIGH SCHOOL,MIXED LEVEL (P1-S4),UNIFORMED GROUPS,NATIONAL CADET CORPS (SEA),na
MARIS STELLA HIGH SCHOOL,MIXED LEVEL (P1-S4),UNIFORMED GROUPS,NATIONAL POLICE CADET CORPS,na
MARIS STELLA HIGH SCHOOL,MIXED LEVEL (P1-S4),PHYSICAL SPORTS,OUTDOOR ADVENTURE,OUTDOOR ACTIVITIES CLUB
MARIS STELLA HIGH SCHOOL,MIXED LEVEL (P1-S4),CLUBS AND SOCIETIES,PHYSICAL SCIENCE,SCIENCE CLUB
MARIS STELLA HIGH SCHOOL,MIXED LEVEL (P1-S4),CLUBS AND SOCIETIES,ROBOTICS,MARIST ROBOTICS & PROGRAMMING CLUB
MARIS STELLA HIGH SCHOOL,MIXED LEVEL (P1-S4),PHYSICAL SPORTS,ROCKWALL CLIMBING,na
MARIS STELLA HIGH SCHOOL,MIXED LEVEL (P1-S4),UNIFORMED GROUPS,SCOUTS,na
MARIS STELLA HIGH SCHOOL,MIXED LEVEL (P1-S4),VISUAL AND PERFORMING ARTS,SINGAPORE NATIONAL YOUTH CHINESE ORCHESTRA,na
MARIS STELLA HIGH SCHOOL,MIXED LEVEL (P1-S4),VISUAL AND PERFORMING ARTS,SINGAPORE NATIONAL YOUTH ORCHESTRA,na
MARIS STELLA HIGH SCHOOL,MIXED LEVEL (P1-S4),CLUBS AND SOCIETIES,SINGAPORE YOUTH FLYING CLUB,na
MARIS STELLA HIGH SCHOOL,MIXED LEVEL (P1-S4),PHYSICAL SPORTS,SOFTBALL,na
MARIS STELLA HIGH SCHOOL,MIXED LEVEL (P1-S4),PHYSICAL SPORTS,SP-CCA (ATHLETICS),na
MARIS STELLA HIGH SCHOOL,MIXED LEVEL (P1-S4),PHYSICAL SPORTS,SP-CCA (CANOEING),na
MARIS STELLA HIGH SCHOOL,MIXED LEVEL (P1-S4),PHYSICAL SPORTS,SP-CCA (HOCKEY),na
MARIS STELLA HIGH SCHOOL,MIXED LEVEL (P1-S4),PHYSICAL SPORTS,SP-CCA (WATER POLO),na
MARIS STELLA HIGH SCHOOL,MIXED LEVEL (P1-S4),CLUBS AND SOCIETIES,SPEECH AND DRAMA,BICULTURAL CLUB
MARIS STELLA HIGH SCHOOL,MIXED LEVEL (P1-S4),UNIFORMED GROUPS,ST JOHN BRIGADE,na
MARIS STELLA HIGH SCHOOL,MIXED LEVEL (P1-S4),VISUAL AND PERFORMING ARTS,STRING ENSEMBLE,na
MARIS STELLA HIGH SCHOOL,MIXED LEVEL (P1-S4),OTHERS,STUDENT LEADERSHIP (PREFECT),na
MARIS STELLA HIGH SCHOOL,MIXED LEVEL (P1-S4),PHYSICAL SPORTS,TABLE TENNIS,na
MARIS STELLA HIGH SCHOOL,MIXED LEVEL (P1-S4),PHYSICAL SPORTS,TAEKWONDO,na
MARIS STELLA HIGH SCHOOL,MIXED LEVEL (P1-S4),PHYSICAL SPORTS,TRACK AND FIELD,na
MARIS STELLA HIGH SCHOOL,MIXED LEVEL (P1-S4),PHYSICAL SPORTS,WUSHU,na
MARSILING PRIMARY SCHOOL,PRIMARY,CLUBS AND SOCIETIES,ART AND CRAFTS,na
MARSILING PRIMARY SCHOOL,PRIMARY,PHYSICAL SPORTS,BADMINTON,na
MARSILING PRIMARY SCHOOL,PRIMARY,VISUAL AND PERFORMING ARTS,CHINESE DANCE,na
MARSILING PRIMARY SCHOOL,PRIMARY,VISUAL AND PERFORMING ARTS,CHOIR,na
MARSILING PRIMARY SCHOOL,PRIMARY,UNIFORMED GROUPS,GIRL GUIDES (BROWNIES),na
MARSILING PRIMARY SCHOOL,PRIMARY,CLUBS AND SOCIETIES,INFOCOMM TECHNOLOGY (MEDIA PRODUCTION),na
MARSILING PRIMARY SCHOOL,PRIMARY,VISUAL AND PERFORMING ARTS,MALAY DANCE,na
MARSILING PRIMARY SCHOOL,PRIMARY,VISUAL AND PERFORMING ARTS,PERCUSSION ENSEMBLE,na
MARSILING PRIMARY SCHOOL,PRIMARY,PHYSICAL SPORTS,RUGBY,na
MARSILING PRIMARY SCHOOL,PRIMARY,UNIFORMED GROUPS,SCOUTS,na
MARSILING PRIMARY SCHOOL,PRIMARY,CLUBS AND SOCIETIES,SPEECH AND DRAMA,na
MARSILING PRIMARY SCHOOL,PRIMARY,PHYSICAL SPORTS,TAEKWONDO,na
MARSILING PRIMARY SCHOOL,PRIMARY,PHYSICAL SPORTS,TCHOUKBALL,na
MARSILING PRIMARY SCHOOL,PRIMARY,PHYSICAL SPORTS,TRACK AND FIELD,na
MARSILING SECONDARY SCHOOL,SECONDARY (S1-S5),CLUBS AND SOCIETIES,ART AND CRAFTS,na
MARSILING SECONDARY SCHOOL,SECONDARY (S1-S5),PHYSICAL SPORTS,BADMINTON,na
MARSILING SECONDARY SCHOOL,SECONDARY (S1-S5),UNIFORMED GROUPS,BOYS' BRIGADE,na
MARSILING SECONDARY SCHOOL,SECONDARY (S1-S5),VISUAL AND PERFORMING ARTS,CHINESE ORCHESTRA,na
MARSILING SECONDARY SCHOOL,SECONDARY (S1-S5),VISUAL AND PERFORMING ARTS,CHOIR,na
MARSILING SECONDARY SCHOOL,SECONDARY (S1-S5),CLUBS AND SOCIETIES,COMMUNITY SERVICE,na
MARSILING SECONDARY SCHOOL,SECONDARY (S1-S5),VISUAL AND PERFORMING ARTS,CONCERT BAND,na
MARSILING SECONDARY SCHOOL,SECONDARY (S1-S5),VISUAL AND PERFORMING ARTS,ENGLISH DRAMA,na
MARSILING SECONDARY SCHOOL,SECONDARY (S1-S5),PHYSICAL SPORTS,FLOORBALL,na
MARSILING SECONDARY SCHOOL,SECONDARY (S1-S5),CLUBS AND SOCIETIES,INFOCOMM TECHNOLOGY (MEDIA PRODUCTION),AVA/ INFOCOMM CLUB
MARSILING SECONDARY SCHOOL,SECONDARY (S1-S5),VISUAL AND PERFORMING ARTS,MALAY DANCE,na
MARSILING SECONDARY SCHOOL,SECONDARY (S1-S5),VISUAL AND PERFORMING ARTS,MODERN DANCE,INTERNATIONAL DANCE
MARSILING SECONDARY SCHOOL,SECONDARY (S1-S5),PHYSICAL SPORTS,MODULAR CCA (SPORTS),SHINE
MARSILING SECONDARY SCHOOL,SECONDARY (S1-S5),UNIFORMED GROUPS,NATIONAL CADET CORPS (SEA),na
MARSILING SECONDARY SCHOOL,SECONDARY (S1-S5),UNIFORMED GROUPS,NATIONAL POLICE CADET CORPS,na
MARSILING SECONDARY SCHOOL,SECONDARY (S1-S5),UNIFORMED GROUPS,RED CROSS YOUTH,na
MARSILING SECONDARY SCHOOL,SECONDARY (S1-S5),PHYSICAL SPORTS,SEPAKTAKRAW,na
MARSILING SECONDARY SCHOOL,SECONDARY (S1-S5),PHYSICAL SPORTS,SILAT,na
MARSILING SECONDARY SCHOOL,SECONDARY (S1-S5),CLUBS AND SOCIETIES,STRATEGY GAMES,SCRABBLE
MARYMOUNT CONVENT SCHOOL,PRIMARY,CLUBS AND SOCIETIES,ART AND CRAFTS,na
MARYMOUNT CONVENT SCHOOL,PRIMARY,PHYSICAL SPORTS,ARTISTIC GYMNASTICS,na
MARYMOUNT CONVENT SCHOOL,PRIMARY,PHYSICAL SPORTS,BADMINTON,na
MARYMOUNT CONVENT SCHOOL,PRIMARY,VISUAL AND PERFORMING ARTS,CHOIR,na
MARYMOUNT CONVENT SCHOOL,PRIMARY,CLUBS AND SOCIETIES,DEBATING AND PUBLIC SPEAKING,na
MARYMOUNT CONVENT SCHOOL,PRIMARY,CLUBS AND SOCIETIES,DESIGN AND INNOVATION,na
MARYMOUNT CONVENT SCHOOL,PRIMARY,UNIFORMED GROUPS,GIRL GUIDES (BROWNIES),na
MARYMOUNT CONVENT SCHOOL,PRIMARY,VISUAL AND PERFORMING ARTS,GUITAR ENSEMBLE,na
MARYMOUNT CONVENT SCHOOL,PRIMARY,VISUAL AND PERFORMING ARTS,MODERN DANCE,na
MARYMOUNT CONVENT SCHOOL,PRIMARY,PHYSICAL SPORTS,NETBALL,na
MARYMOUNT CONVENT SCHOOL,PRIMARY,CLUBS AND SOCIETIES,PHYSICAL SCIENCE,na
MARYMOUNT CONVENT SCHOOL,PRIMARY,PHYSICAL SPORTS,RHYTHMIC GYMNASTICS,na
MARYMOUNT CONVENT SCHOOL,PRIMARY,PHYSICAL SPORTS,ROPE SKIPPING,na
MAYFLOWER PRIMARY SCHOOL,PRIMARY,CLUBS AND SOCIETIES,ART AND CRAFTS,na
MAYFLOWER PRIMARY SCHOOL,PRIMARY,UNIFORMED GROUPS,BOYS' BRIGADE,na
MAYFLOWER PRIMARY SCHOOL,PRIMARY,VISUAL AND PERFORMING ARTS,CHINESE DANCE,na
MAYFLOWER PRIMARY SCHOOL,PRIMARY,VISUAL AND PERFORMING ARTS,CHOIR,na
MAYFLOWER PRIMARY SCHOOL,PRIMARY,VISUAL AND PERFORMING ARTS,ENGLISH DRAMA,na
MAYFLOWER PRIMARY SCHOOL,PRIMARY,CLUBS AND SOCIETIES,ENVIRONMENTAL SCIENCE,na
MAYFLOWER PRIMARY SCHOOL,PRIMARY,UNIFORMED GROUPS,GIRLS' BRIGADE,na
MAYFLOWER PRIMARY SCHOOL,PRIMARY,VISUAL AND PERFORMING ARTS,GUZHENG ENSEMBLE,na
MAYFLOWER PRIMARY SCHOOL,PRIMARY,VISUAL AND PERFORMING ARTS,INDIAN DANCE,na
MAYFLOWER PRIMARY SCHOOL,PRIMARY,CLUBS AND SOCIETIES,INFOCOMM TECHNOLOGY (MEDIA PRODUCTION),na
MAYFLOWER PRIMARY SCHOOL,PRIMARY,VISUAL AND PERFORMING ARTS,MALAY DANCE,na
MAYFLOWER PRIMARY SCHOOL,PRIMARY,PHYSICAL SPORTS,NETBALL,na
MAYFLOWER PRIMARY SCHOOL,PRIMARY,UNIFORMED GROUPS,SCOUTS,na
MAYFLOWER PRIMARY SCHOOL,PRIMARY,VISUAL AND PERFORMING ARTS,STRING ENSEMBLE,na
MAYFLOWER PRIMARY SCHOOL,PRIMARY,OTHERS,STUDENT LEADERSHIP (PREFECT),na
MAYFLOWER PRIMARY SCHOOL,PRIMARY,PHYSICAL SPORTS,TAEKWONDO,na
MAYFLOWER PRIMARY SCHOOL,PRIMARY,PHYSICAL SPORTS,TRACK AND FIELD,na
MAYFLOWER PRIMARY SCHOOL,PRIMARY,PHYSICAL SPORTS,VOLLEYBALL,na
MAYFLOWER SECONDARY SCHOOL,SECONDARY (S1-S5),PHYSICAL SPORTS,BASKETBALL,na
MAYFLOWER SECONDARY SCHOOL,SECONDARY (S1-S5),PHYSICAL SPORTS,BOWLING,na
MAYFLOWER SECONDARY SCHOOL,SECONDARY (S1-S5),VISUAL AND PERFORMING ARTS,CHINESE DANCE,na
MAYFLOWER SECONDARY SCHOOL,SECONDARY (S1-S5),VISUAL AND PERFORMING ARTS,CHINESE INSTRUMENTAL ENSEMBLE,CHINESE ENSEMBLE
MAYFLOWER SECONDARY SCHOOL,SECONDARY (S1-S5),VISUAL AND PERFORMING ARTS,CHOIR,na
MAYFLOWER SECONDARY SCHOOL,SECONDARY (S1-S5),VISUAL AND PERFORMING ARTS,CONCERT BAND,na
MAYFLOWER SECONDARY SCHOOL,SECONDARY (S1-S5),PHYSICAL SPORTS,DIVING,na
MAYFLOWER SECONDARY SCHOOL,SECONDARY (S1-S5),VISUAL AND PERFORMING ARTS,ENGLISH DRAMA,DRAMA
MAYFLOWER SECONDARY SCHOOL,SECONDARY (S1-S5),CLUBS AND SOCIETIES,ENTREPRENEURSHIP,ENTERPRISE CLUB
MAYFLOWER SECONDARY SCHOOL,SECONDARY (S1-S5),PHYSICAL SPORTS,FOOTBALL,na
MAYFLOWER SECONDARY SCHOOL,SECONDARY (S1-S5),CLUBS AND SOCIETIES,INFOCOMM TECHNOLOGY (COMPUTING),INFOCOMM CLUB
MAYFLOWER SECONDARY SCHOOL,SECONDARY (S1-S5),CLUBS AND SOCIETIES,INFOCOMM TECHNOLOGY (MEDIA PRODUCTION),LITERARY AND ORATORICAL CLUB
MAYFLOWER SECONDARY SCHOOL,SECONDARY (S1-S5),VISUAL AND PERFORMING ARTS,MODERN DANCE,na
MAYFLOWER SECONDARY SCHOOL,SECONDARY (S1-S5),UNIFORMED GROUPS,NATIONAL CADET CORPS (LAND),na
MAYFLOWER SECONDARY SCHOOL,SECONDARY (S1-S5),UNIFORMED GROUPS,NATIONAL POLICE CADET CORPS,na
MAYFLOWER SECONDARY SCHOOL,SECONDARY (S1-S5),PHYSICAL SPORTS,NETBALL,na
MAYFLOWER SECONDARY SCHOOL,SECONDARY (S1-S5),UNIFORMED GROUPS,SCOUTS,na
MAYFLOWER SECONDARY SCHOOL,SECONDARY (S1-S5),VISUAL AND PERFORMING ARTS,SINGAPORE NATIONAL YOUTH ORCHESTRA,na
MAYFLOWER SECONDARY SCHOOL,SECONDARY (S1-S5),PHYSICAL SPORTS,SP-CCA (ATHLETICS),na
MAYFLOWER SECONDARY SCHOOL,SECONDARY (S1-S5),PHYSICAL SPORTS,TABLE TENNIS,na
MAYFLOWER SECONDARY SCHOOL,SECONDARY (S1-S5),PHYSICAL SPORTS,TAEKWONDO,na
MAYFLOWER SECONDARY SCHOOL,SECONDARY (S1-S5),PHYSICAL SPORTS,WATER POLO,na
MEE TOH SCHOOL,PRIMARY,CLUBS AND SOCIETIES,ART AND CRAFTS,na
MEE TOH SCHOOL,PRIMARY,PHYSICAL SPORTS,BADMINTON,na
MEE TOH SCHOOL,PRIMARY,PHYSICAL SPORTS,BASKETBALL,na
MEE TOH SCHOOL,PRIMARY,CLUBS AND SOCIETIES,CHINESE CALLIGRAPHY AND BRUSH PAINTING,CHINESE CALLIGRAPHY
MEE TOH SCHOOL,PRIMARY,VISUAL AND PERFORMING ARTS,CHINESE DANCE,na
MEE TOH SCHOOL,PRIMARY,VISUAL AND PERFORMING ARTS,CHINESE ORCHESTRA,na
MEE TOH SCHOOL,PRIMARY,VISUAL AND PERFORMING ARTS,CHOIR,na
MEE TOH SCHOOL,PRIMARY,VISUAL AND PERFORMING ARTS,ENGLISH DRAMA,na
MEE TOH SCHOOL,PRIMARY,CLUBS AND SOCIETIES,ENVIRONMENTAL SCIENCE,na
MEE TOH SCHOOL,PRIMARY,PHYSICAL SPORTS,FLOORBALL,na
MEE TOH SCHOOL,PRIMARY,CLUBS AND SOCIETIES,INFOCOMM TECHNOLOGY (MEDIA PRODUCTION),INFOCOMM CLUB
MEE TOH SCHOOL,PRIMARY,VISUAL AND PERFORMING ARTS,MALAY DANCE,na
MEE TOH SCHOOL,PRIMARY,CLUBS AND SOCIETIES,MEDIA RESOURCE LIBRARY,LIBRARY
MEE TOH SCHOOL,PRIMARY,VISUAL AND PERFORMING ARTS,MODERN DANCE,na
MEE TOH SCHOOL,PRIMARY,PHYSICAL SPORTS,MODULAR CCA (SPORTS),SPORTS CLUB
MEE TOH SCHOOL,PRIMARY,VISUAL AND PERFORMING ARTS,MODULAR CCA (VPA),DIABOLO
MEE TOH SCHOOL,PRIMARY,CLUBS AND SOCIETIES,PHYSICAL SCIENCE,NATURE LOVERS CLUB
MEE TOH SCHOOL,PRIMARY,CLUBS AND SOCIETIES,ROBOTICS,na
MEE TOH SCHOOL,PRIMARY,UNIFORMED GROUPS,SCOUTS,ODYSSEY CUB SCOUTS
MEE TOH SCHOOL,PRIMARY,CLUBS AND SOCIETIES,SPEECH AND DRAMA,CHINESE SPEECH AND DRAMA
MEE TOH SCHOOL,PRIMARY,OTHERS,STUDENT INITIATED ACTIVITIES (CLUBS & SOCIETIES),STUDENT LEADERSHIP (ENVIRONMENT)
MEE TOH SCHOOL,PRIMARY,OTHERS,STUDENT INITIATED ACTIVITIES (PHYSICAL SPORTS AND OUTDOORS),STUDENT LEADERSHIP (HEALTH CHAMPIONS)
MEE TOH SCHOOL,PRIMARY,OTHERS,STUDENT LEADERSHIP (HOUSE),STUDENT LEADERSHIP (CYBERWELLNESS)
MEE TOH SCHOOL,PRIMARY,OTHERS,STUDENT LEADERSHIP (PEER SUPPORT),na
MEE TOH SCHOOL,PRIMARY,OTHERS,STUDENT LEADERSHIP (PREFECT),na
MEE TOH SCHOOL,PRIMARY,PHYSICAL SPORTS,WUSHU,na
MERIDIAN PRIMARY SCHOOL,PRIMARY,CLUBS AND SOCIETIES,ART AND CRAFTS,na
MERIDIAN PRIMARY SCHOOL,PRIMARY,VISUAL AND PERFORMING ARTS,CHINESE DANCE,CHINESE DANCE
MERIDIAN PRIMARY SCHOOL,PRIMARY,VISUAL AND PERFORMING ARTS,CHOIR,na
MERIDIAN PRIMARY SCHOOL,PRIMARY,CLUBS AND SOCIETIES,ENVIRONMENTAL SCIENCE,na
MERIDIAN PRIMARY SCHOOL,PRIMARY,PHYSICAL SPORTS,FLOORBALL,na
MERIDIAN PRIMARY SCHOOL,PRIMARY,PHYSICAL SPORTS,FOOTBALL,SOCCER
MERIDIAN PRIMARY SCHOOL,PRIMARY,VISUAL AND PERFORMING ARTS,GUZHENG ENSEMBLE,na
MERIDIAN PRIMARY SCHOOL,PRIMARY,CLUBS AND SOCIETIES,INFOCOMM TECHNOLOGY (COMPUTING),na
MERIDIAN PRIMARY SCHOOL,PRIMARY,CLUBS AND SOCIETIES,INFOCOMM TECHNOLOGY (MEDIA PRODUCTION),na
MERIDIAN PRIMARY SCHOOL,PRIMARY,VISUAL AND PERFORMING ARTS,MALAY DANCE,na
MERIDIAN PRIMARY SCHOOL,PRIMARY,PHYSICAL SPORTS,MODULAR CCA (SPORTS),na
MERIDIAN PRIMARY SCHOOL,PRIMARY,UNIFORMED GROUPS,SCOUTS,na
MERIDIAN PRIMARY SCHOOL,PRIMARY,OTHERS,STUDENT LEADERSHIP (HOUSE),na
MERIDIAN PRIMARY SCHOOL,PRIMARY,PHYSICAL SPORTS,TAEKWONDO,na
MERIDIAN SECONDARY SCHOOL,SECONDARY (S1-S5),VISUAL AND PERFORMING ARTS,ANGKLUNG/KULINTANG ENSEMBLE,na
MERIDIAN SECONDARY SCHOOL,SECONDARY (S1-S5),PHYSICAL SPORTS,BADMINTON,na
MERIDIAN SECONDARY SCHOOL,SECONDARY (S1-S5),PHYSICAL SPORTS,BASKETBALL,na
MERIDIAN SECONDARY SCHOOL,SECONDARY (S1-S5),PHYSICAL SPORTS,BOWLING,na
MERIDIAN SECONDARY SCHOOL,SECONDARY (S1-S5),VISUAL AND PERFORMING ARTS,CHOIR,na
MERIDIAN SECONDARY SCHOOL,SECONDARY (S1-S5),VISUAL AND PERFORMING ARTS,CONCERT BAND,na
MERIDIAN SECONDARY SCHOOL,SECONDARY (S1-S5),PHYSICAL SPORTS,DIVING,INDOOR SKYDIVING
MERIDIAN SECONDARY SCHOOL,SECONDARY (S1-S5),VISUAL AND PERFORMING ARTS,ENGLISH DRAMA,na
MERIDIAN SECONDARY SCHOOL,SECONDARY (S1-S5),PHYSICAL SPORTS,FLOORBALL,na
MERIDIAN SECONDARY SCHOOL,SECONDARY (S1-S5),PHYSICAL SPORTS,FOOTBALL,na
MERIDIAN SECONDARY SCHOOL,SECONDARY (S1-S5),CLUBS AND SOCIETIES,INFOCOMM TECHNOLOGY (MEDIA PRODUCTION),na
MERIDIAN SECONDARY SCHOOL,SECONDARY (S1-S5),VISUAL AND PERFORMING ARTS,MODERN DANCE,na
MERIDIAN SECONDARY SCHOOL,SECONDARY (S1-S5),PHYSICAL SPORTS,MODULAR CCA (SPORTS),na
MERIDIAN SECONDARY SCHOOL,SECONDARY (S1-S5),UNIFORMED GROUPS,NATIONAL CADET CORPS (LAND),na
MERIDIAN SECONDARY SCHOOL,SECONDARY (S1-S5),UNIFORMED GROUPS,NATIONAL CIVIL DEFENCE CADET CORPS,na
MERIDIAN SECONDARY SCHOOL,SECONDARY (S1-S5),PHYSICAL SPORTS,NETBALL,na
MERIDIAN SECONDARY SCHOOL,SECONDARY (S1-S5),UNIFORMED GROUPS,RED CROSS YOUTH,na
MERIDIAN SECONDARY SCHOOL,SECONDARY (S1-S5),CLUBS AND SOCIETIES,ROBOTICS,na
MERIDIAN SECONDARY SCHOOL,SECONDARY (S1-S5),PHYSICAL SPORTS,SHOOTING,AIR RIFLE WOMEN
MERIDIAN SECONDARY SCHOOL,SECONDARY (S1-S5),PHYSICAL SPORTS,SILAT,na
MERIDIAN SECONDARY SCHOOL,SECONDARY (S1-S5),CLUBS AND SOCIETIES,SINGAPORE YOUTH FLYING CLUB,na
MERIDIAN SECONDARY SCHOOL,SECONDARY (S1-S5),PHYSICAL SPORTS,SP-CCA (ATHLETICS),na
MERIDIAN SECONDARY SCHOOL,SECONDARY (S1-S5),PHYSICAL SPORTS,SP-CCA (WATER POLO),na
MERIDIAN SECONDARY SCHOOL,SECONDARY (S1-S5),PHYSICAL SPORTS,TAEKWONDO,na
METHODIST GIRLS' SCHOOL (PRIMARY),PRIMARY,CLUBS AND SOCIETIES,ART AND CRAFTS,na
METHODIST GIRLS' SCHOOL (PRIMARY),PRIMARY,PHYSICAL SPORTS,ARTISTIC GYMNASTICS,na
METHODIST GIRLS' SCHOOL (PRIMARY),PRIMARY,PHYSICAL SPORTS,ARTISTIC SWIMMING,na
METHODIST GIRLS' SCHOOL (PRIMARY),PRIMARY,PHYSICAL SPORTS,BOWLING,na
METHODIST GIRLS' SCHOOL (PRIMARY),PRIMARY,VISUAL AND PERFORMING ARTS,CHOIR,na
METHODIST GIRLS' SCHOOL (PRIMARY),PRIMARY,CLUBS AND SOCIETIES,FAITH-BASED CCA,CHRISTIAN FELLOWSHIP
METHODIST GIRLS' SCHOOL (PRIMARY),PRIMARY,PHYSICAL SPORTS,FLOORBALL,na
METHODIST GIRLS' SCHOOL (PRIMARY),PRIMARY,UNIFORMED GROUPS,GIRL GUIDES (BROWNIES),na
METHODIST GIRLS' SCHOOL (PRIMARY),PRIMARY,UNIFORMED GROUPS,GIRLS' BRIGADE,na
METHODIST GIRLS' SCHOOL (PRIMARY),PRIMARY,VISUAL AND PERFORMING ARTS,HANDBELL ENSEMBLE,na
METHODIST GIRLS' SCHOOL (PRIMARY),PRIMARY,CLUBS AND SOCIETIES,INFOCOMM TECHNOLOGY (COMPUTING),na
METHODIST GIRLS' SCHOOL (PRIMARY),PRIMARY,CLUBS AND SOCIETIES,INFOCOMM TECHNOLOGY (MEDIA PRODUCTION),na
METHODIST GIRLS' SCHOOL (PRIMARY),PRIMARY,VISUAL AND PERFORMING ARTS,MODERN DANCE,INTERNATIONAL DANCE
METHODIST GIRLS' SCHOOL (PRIMARY),PRIMARY,PHYSICAL SPORTS,NETBALL,na
METHODIST GIRLS' SCHOOL (PRIMARY),PRIMARY,VISUAL AND PERFORMING ARTS,POP AND JAZZ,na
METHODIST GIRLS' SCHOOL (PRIMARY),PRIMARY,PHYSICAL SPORTS,RHYTHMIC GYMNASTICS,na
METHODIST GIRLS' SCHOOL (PRIMARY),PRIMARY,PHYSICAL SPORTS,SOFTBALL,na
METHODIST GIRLS' SCHOOL (PRIMARY),PRIMARY,VISUAL AND PERFORMING ARTS,STRING ENSEMBLE,na
METHODIST GIRLS' SCHOOL (PRIMARY),PRIMARY,PHYSICAL SPORTS,SWIMMING,na
METHODIST GIRLS' SCHOOL (PRIMARY),PRIMARY,PHYSICAL SPORTS,TENNIS,na
METHODIST GIRLS' SCHOOL (SECONDARY),SECONDARY (S1-S4),PHYSICAL SPORTS,AIKIDO,na
METHODIST GIRLS' SCHOOL (SECONDARY),SECONDARY (S1-S4),CLUBS AND SOCIETIES,ART AND CRAFTS,na
METHODIST GIRLS' SCHOOL (SECONDARY),SECONDARY (S1-S4),PHYSICAL SPORTS,ARTISTIC GYMNASTICS,na
METHODIST GIRLS' SCHOOL (SECONDARY),SECONDARY (S1-S4),PHYSICAL SPORTS,ARTISTIC SWIMMING,na
METHODIST GIRLS' SCHOOL (SECONDARY),SECONDARY (S1-S4),PHYSICAL SPORTS,BOWLING,na
METHODIST GIRLS' SCHOOL (SECONDARY),SECONDARY (S1-S4),PHYSICAL SPORTS,CANOEING,na
METHODIST GIRLS' SCHOOL (SECONDARY),SECONDARY (S1-S4),CLUBS AND SOCIETIES,"CHINESE LANGUAGE, DRAMA AND DEBATING",na
METHODIST GIRLS' SCHOOL (SECONDARY),SECONDARY (S1-S4),VISUAL AND PERFORMING ARTS,CHOIR,na
METHODIST GIRLS' SCHOOL (SECONDARY),SECONDARY (S1-S4),PHYSICAL SPORTS,CRICKET,SPORTS RECREATIONAL CLUB
METHODIST GIRLS' SCHOOL (SECONDARY),SECONDARY (S1-S4),PHYSICAL SPORTS,CROSS COUNTRY,na
METHODIST GIRLS' SCHOOL (SECONDARY),SECONDARY (S1-S4),CLUBS AND SOCIETIES,DEBATING AND PUBLIC SPEAKING,SOPHIA SOCIETY
METHODIST GIRLS' SCHOOL (SECONDARY),SECONDARY (S1-S4),PHYSICAL SPORTS,DIVING,na
METHODIST GIRLS' SCHOOL (SECONDARY),SECONDARY (S1-S4),VISUAL AND PERFORMING ARTS,ENGLISH DRAMA,na
METHODIST GIRLS' SCHOOL (SECONDARY),SECONDARY (S1-S4),PHYSICAL SPORTS,EQUESTRIAN,na
METHODIST GIRLS' SCHOOL (SECONDARY),SECONDARY (S1-S4),CLUBS AND SOCIETIES,FAITH-BASED CCA,na
METHODIST GIRLS' SCHOOL (SECONDARY),SECONDARY (S1-S4),PHYSICAL SPORTS,FENCING,na
METHODIST GIRLS' SCHOOL (SECONDARY),SECONDARY (S1-S4),PHYSICAL SPORTS,FOOTBALL,na
METHODIST GIRLS' SCHOOL (SECONDARY),SECONDARY (S1-S4),UNIFORMED GROUPS,GIRL GUIDES,na
METHODIST GIRLS' SCHOOL (SECONDARY),SECONDARY (S1-S4),UNIFORMED GROUPS,GIRLS' BRIGADE,na
METHODIST GIRLS' SCHOOL (SECONDARY),SECONDARY (S1-S4),VISUAL AND PERFORMING ARTS,GUITAR ENSEMBLE,na
METHODIST GIRLS' SCHOOL (SECONDARY),SECONDARY (S1-S4),VISUAL AND PERFORMING ARTS,HANDBELL ENSEMBLE,na
METHODIST GIRLS' SCHOOL (SECONDARY),SECONDARY (S1-S4),CLUBS AND SOCIETIES,HISTORY,na
METHODIST GIRLS' SCHOOL (SECONDARY),SECONDARY (S1-S4),CLUBS AND SOCIETIES,HOME ECONOMICS,na
METHODIST GIRLS' SCHOOL (SECONDARY),SECONDARY (S1-S4),PHYSICAL SPORTS,ICE SKATING,na
METHODIST GIRLS' SCHOOL (SECONDARY),SECONDARY (S1-S4),CLUBS AND SOCIETIES,INDIAN CULTURE AND LANGUAGE,na
METHODIST GIRLS' SCHOOL (SECONDARY),SECONDARY (S1-S4),CLUBS AND SOCIETIES,INFOCOMM TECHNOLOGY (MEDIA PRODUCTION),INFOCOMM
METHODIST GIRLS' SCHOOL (SECONDARY),SECONDARY (S1-S4),CLUBS AND SOCIETIES,INTERNATIONAL CHESS,na
METHODIST GIRLS' SCHOOL (SECONDARY),SECONDARY (S1-S4),CLUBS AND SOCIETIES,MATHEMATICS,na
METHODIST GIRLS' SCHOOL (SECONDARY),SECONDARY (S1-S4),CLUBS AND SOCIETIES,MEDIA RESOURCE LIBRARY,na
METHODIST GIRLS' SCHOOL (SECONDARY),SECONDARY (S1-S4),VISUAL AND PERFORMING ARTS,MODERN DANCE,DANCE CLUB
METHODIST GIRLS' SCHOOL (SECONDARY),SECONDARY (S1-S4),CLUBS AND SOCIETIES,MODULAR CCA (C&S),na
METHODIST GIRLS' SCHOOL (SECONDARY),SECONDARY (S1-S4),PHYSICAL SPORTS,MODULAR CCA (SPORTS),HOUSE
METHODIST GIRLS' SCHOOL (SECONDARY),SECONDARY (S1-S4),UNIFORMED GROUPS,NATIONAL CADET CORPS (AIR),na
METHODIST GIRLS' SCHOOL (SECONDARY),SECONDARY (S1-S4),PHYSICAL SPORTS,NETBALL,na
METHODIST GIRLS' SCHOOL (SECONDARY),SECONDARY (S1-S4),CLUBS AND SOCIETIES,PHYSICAL SCIENCE,na
METHODIST GIRLS' SCHOOL (SECONDARY),SECONDARY (S1-S4),PHYSICAL SPORTS,RHYTHMIC GYMNASTICS,na
METHODIST GIRLS' SCHOOL (SECONDARY),SECONDARY (S1-S4),PHYSICAL SPORTS,ROCKWALL CLIMBING,na
METHODIST GIRLS' SCHOOL (SECONDARY),SECONDARY (S1-S4),VISUAL AND PERFORMING ARTS,SINGAPORE NATIONAL YOUTH CHINESE ORCHESTRA,na
METHODIST GIRLS' SCHOOL (SECONDARY),SECONDARY (S1-S4),VISUAL AND PERFORMING ARTS,SINGAPORE NATIONAL YOUTH ORCHESTRA,na
METHODIST GIRLS' SCHOOL (SECONDARY),SECONDARY (S1-S4),CLUBS AND SOCIETIES,SINGAPORE YOUTH FLYING CLUB,na
METHODIST GIRLS' SCHOOL (SECONDARY),SECONDARY (S1-S4),PHYSICAL SPORTS,SOFTBALL,na
METHODIST GIRLS' SCHOOL (SECONDARY),SECONDARY (S1-S4),PHYSICAL SPORTS,SP-CCA (WATER POLO),na
METHODIST GIRLS' SCHOOL (SECONDARY),SECONDARY (S1-S4),PHYSICAL SPORTS,SQUASH,na
METHODIST GIRLS' SCHOOL (SECONDARY),SECONDARY (S1-S4),CLUBS AND SOCIETIES,STRATEGY GAMES,na
METHODIST GIRLS' SCHOOL (SECONDARY),SECONDARY (S1-S4),VISUAL AND PERFORMING ARTS,STRING ENSEMBLE,na
METHODIST GIRLS' SCHOOL (SECONDARY),SECONDARY (S1-S4),OTHERS,STUDENT LEADERSHIP (HOUSE),na
METHODIST GIRLS' SCHOOL (SECONDARY),SECONDARY (S1-S4),OTHERS,STUDENT LEADERSHIP (PEER SUPPORT),na
METHODIST GIRLS' SCHOOL (SECONDARY),SECONDARY (S1-S4),OTHERS,STUDENT LEADERSHIP (PREFECT),na
METHODIST GIRLS' SCHOOL (SECONDARY),SECONDARY (S1-S4),PHYSICAL SPORTS,SWIMMING,na
METHODIST GIRLS' SCHOOL (SECONDARY),SECONDARY (S1-S4),PHYSICAL SPORTS,TAEKWONDO,na
METHODIST GIRLS' SCHOOL (SECONDARY),SECONDARY (S1-S4),PHYSICAL SPORTS,TENNIS,na
METHODIST GIRLS' SCHOOL (SECONDARY),SECONDARY (S1-S4),PHYSICAL SPORTS,TRACK AND FIELD,na
METHODIST GIRLS' SCHOOL (SECONDARY),SECONDARY (S1-S4),PHYSICAL SPORTS,WATER POLO,na
MILLENNIA INSTITUTE,CENTRALISED INSTITUTE,VISUAL AND PERFORMING ARTS,ANGKLUNG/KULINTANG ENSEMBLE,THE MUSIC ENSEMBLE
MILLENNIA INSTITUTE,CENTRALISED INSTITUTE,CLUBS AND SOCIETIES,ART AND CRAFTS,na
MILLENNIA INSTITUTE,CENTRALISED INSTITUTE,PHYSICAL SPORTS,BADMINTON,na
MILLENNIA INSTITUTE,CENTRALISED INSTITUTE,PHYSICAL SPORTS,BASKETBALL,na
MILLENNIA INSTITUTE,CENTRALISED INSTITUTE,PHYSICAL SPORTS,BOWLING,na
MILLENNIA INSTITUTE,CENTRALISED INSTITUTE,UNIFORMED GROUPS,BOYS' BRIGADE,na
MILLENNIA INSTITUTE,CENTRALISED INSTITUTE,VISUAL AND PERFORMING ARTS,BRASS BAND,na
MILLENNIA INSTITUTE,CENTRALISED INSTITUTE,CLUBS AND SOCIETIES,CHINESE WEIQI,na
MILLENNIA INSTITUTE,CENTRALISED INSTITUTE,CLUBS AND SOCIETIES,COMMUNITY SERVICE,SERVICE LEARNING CLUB
MILLENNIA INSTITUTE,CENTRALISED INSTITUTE,VISUAL AND PERFORMING ARTS,CONCERT BAND,BAND
MILLENNIA INSTITUTE,CENTRALISED INSTITUTE,PHYSICAL SPORTS,CRICKET,na
MILLENNIA INSTITUTE,CENTRALISED INSTITUTE,PHYSICAL SPORTS,CROSS COUNTRY,na
MILLENNIA INSTITUTE,CENTRALISED INSTITUTE,CLUBS AND SOCIETIES,DIGITAL MEDIA,NEW MEDIA CLUB
MILLENNIA INSTITUTE,CENTRALISED INSTITUTE,CLUBS AND SOCIETIES,"ENGLISH LANGUAGE, DRAMA AND DEBATING",ENGLISH LANGUAGE & DRAMA CLUB
MILLENNIA INSTITUTE,CENTRALISED INSTITUTE,CLUBS AND SOCIETIES,ENTREPRENEURSHIP,na
MILLENNIA INSTITUTE,CENTRALISED INSTITUTE,PHYSICAL SPORTS,FLOORBALL,na
MILLENNIA INSTITUTE,CENTRALISED INSTITUTE,PHYSICAL SPORTS,FOOTBALL,na
MILLENNIA INSTITUTE,CENTRALISED INSTITUTE,UNIFORMED GROUPS,GIRLS' BRIGADE,na
MILLENNIA INSTITUTE,CENTRALISED INSTITUTE,PHYSICAL SPORTS,HOCKEY,na
MILLENNIA INSTITUTE,CENTRALISED INSTITUTE,CLUBS AND SOCIETIES,INTERNATIONAL AND GLOBAL STUDIES,YOUTH DIPLOMATS SOCIETY
MILLENNIA INSTITUTE,CENTRALISED INSTITUTE,VISUAL AND PERFORMING ARTS,MODERN DANCE,DANCE
MILLENNIA INSTITUTE,CENTRALISED INSTITUTE,VISUAL AND PERFORMING ARTS,MODULAR CCA (VPA),na
MILLENNIA INSTITUTE,CENTRALISED INSTITUTE,UNIFORMED GROUPS,NATIONAL CADET CORPS (LAND),na
MILLENNIA INSTITUTE,CENTRALISED INSTITUTE,UNIFORMED GROUPS,NATIONAL CADET CORPS (SEA),na
MILLENNIA INSTITUTE,CENTRALISED INSTITUTE,UNIFORMED GROUPS,NATIONAL CIVIL DEFENCE CADET CORPS,na
MILLENNIA INSTITUTE,CENTRALISED INSTITUTE,UNIFORMED GROUPS,NATIONAL POLICE CADET CORPS,na
MILLENNIA INSTITUTE,CENTRALISED INSTITUTE,PHYSICAL SPORTS,NETBALL,na
MILLENNIA INSTITUTE,CENTRALISED INSTITUTE,UNIFORMED GROUPS,SCOUTS,na
MILLENNIA INSTITUTE,CENTRALISED INSTITUTE,VISUAL AND PERFORMING ARTS,SINGAPORE NATIONAL YOUTH CHINESE ORCHESTRA,na
MILLENNIA INSTITUTE,CENTRALISED INSTITUTE,UNIFORMED GROUPS,ST JOHN BRIGADE,na
MILLENNIA INSTITUTE,CENTRALISED INSTITUTE,OTHERS,STUDENT LEADERSHIP (COUNCIL),na
MILLENNIA INSTITUTE,CENTRALISED INSTITUTE,PHYSICAL SPORTS,TCHOUKBALL,na
MILLENNIA INSTITUTE,CENTRALISED INSTITUTE,PHYSICAL SPORTS,TENNIS,na
MILLENNIA INSTITUTE,CENTRALISED INSTITUTE,PHYSICAL SPORTS,WUSHU,na
MONTFORT JUNIOR SCHOOL,PRIMARY,CLUBS AND SOCIETIES,ART AND CRAFTS,na
MONTFORT JUNIOR SCHOOL,PRIMARY,PHYSICAL SPORTS,BADMINTON,na
MONTFORT JUNIOR SCHOOL,PRIMARY,PHYSICAL SPORTS,FOOTBALL,na
MONTFORT JUNIOR SCHOOL,PRIMARY,VISUAL AND PERFORMING ARTS,GUITAR ENSEMBLE,na
MONTFORT JUNIOR SCHOOL,PRIMARY,CLUBS AND SOCIETIES,INFOCOMM TECHNOLOGY (COMPUTING),na
MONTFORT JUNIOR SCHOOL,PRIMARY,VISUAL AND PERFORMING ARTS,MODERN DANCE,na
MONTFORT JUNIOR SCHOOL,PRIMARY,CLUBS AND SOCIETIES,ROBOTICS,na
MONTFORT JUNIOR SCHOOL,PRIMARY,UNIFORMED GROUPS,SCOUTS,na
MONTFORT JUNIOR SCHOOL,PRIMARY,PHYSICAL SPORTS,TABLE TENNIS,na
MONTFORT JUNIOR SCHOOL,PRIMARY,PHYSICAL SPORTS,WUSHU,na
MONTFORT SECONDARY SCHOOL,SECONDARY (S1-S5),PHYSICAL SPORTS,ARCHERY,na
MONTFORT SECONDARY SCHOOL,SECONDARY (S1-S5),CLUBS AND SOCIETIES,AUDIO VISUAL AID,AV CLUB
MONTFORT SECONDARY SCHOOL,SECONDARY (S1-S5),PHYSICAL SPORTS,BADMINTON,na
MONTFORT SECONDARY SCHOOL,SECONDARY (S1-S5),PHYSICAL SPORTS,BASKETBALL,na
MONTFORT SECONDARY SCHOOL,SECONDARY (S1-S5),PHYSICAL SPORTS,BOWLING,na
MONTFORT SECONDARY SCHOOL,SECONDARY (S1-S5),PHYSICAL SPORTS,CANOEING,na
MONTFORT SECONDARY SCHOOL,SECONDARY (S1-S5),VISUAL AND PERFORMING ARTS,CHOIR,na
MONTFORT SECONDARY SCHOOL,SECONDARY (S1-S5),VISUAL AND PERFORMING ARTS,CONCERT BAND,na
MONTFORT SECONDARY SCHOOL,SECONDARY (S1-S5),CLUBS AND SOCIETIES,DESIGN AND INNOVATION,MAKER CLUB
MONTFORT SECONDARY SCHOOL,SECONDARY (S1-S5),CLUBS AND SOCIETIES,"ENGLISH LANGUAGE, DRAMA AND DEBATING",na
MONTFORT SECONDARY SCHOOL,SECONDARY (S1-S5),CLUBS AND SOCIETIES,FAITH-BASED CCA,CATHOLIC SOCIETY
MONTFORT SECONDARY SCHOOL,SECONDARY (S1-S5),PHYSICAL SPORTS,FENCING,na
MONTFORT SECONDARY SCHOOL,SECONDARY (S1-S5),PHYSICAL SPORTS,FOOTBALL,na
MONTFORT SECONDARY SCHOOL,SECONDARY (S1-S5),PHYSICAL SPORTS,GOLF,na
MONTFORT SECONDARY SCHOOL,SECONDARY (S1-S5),CLUBS AND SOCIETIES,INFOCOMM TECHNOLOGY (COMPUTING),INFO COMM (MM)
MONTFORT SECONDARY SCHOOL,SECONDARY (S1-S5),CLUBS AND SOCIETIES,INFOCOMM TECHNOLOGY (MEDIA PRODUCTION),INFO COMM CLUB
MONTFORT SECONDARY SCHOOL,SECONDARY (S1-S5),PHYSICAL SPORTS,KARATE,na
MONTFORT SECONDARY SCHOOL,SECONDARY (S1-S5),UNIFORMED GROUPS,NATIONAL CADET CORPS (LAND),na
MONTFORT SECONDARY SCHOOL,SECONDARY (S1-S5),UNIFORMED GROUPS,NATIONAL CIVIL DEFENCE CADET CORPS,na
MONTFORT SECONDARY SCHOOL,SECONDARY (S1-S5),UNIFORMED GROUPS,NATIONAL POLICE CADET CORPS,na
MONTFORT SECONDARY SCHOOL,SECONDARY (S1-S5),PHYSICAL SPORTS,RUGBY,na
MONTFORT SECONDARY SCHOOL,SECONDARY (S1-S5),UNIFORMED GROUPS,SCOUTS,na
MONTFORT SECONDARY SCHOOL,SECONDARY (S1-S5),PHYSICAL SPORTS,SILAT,na
MONTFORT SECONDARY SCHOOL,SECONDARY (S1-S5),CLUBS AND SOCIETIES,SINGAPORE YOUTH FLYING CLUB,na
MONTFORT SECONDARY SCHOOL,SECONDARY (S1-S5),PHYSICAL SPORTS,SOFTBALL,na
MONTFORT SECONDARY SCHOOL,SECONDARY (S1-S5),PHYSICAL SPORTS,SP-CCA (ATHLETICS),na
MONTFORT SECONDARY SCHOOL,SECONDARY (S1-S5),PHYSICAL SPORTS,SP-CCA (HOCKEY),na
MONTFORT SECONDARY SCHOOL,SECONDARY (S1-S5),PHYSICAL SPORTS,SP-CCA (WATER POLO),na
MONTFORT SECONDARY SCHOOL,SECONDARY (S1-S5),CLUBS AND SOCIETIES,STUDENTS' COUNCIL,na
MONTFORT SECONDARY SCHOOL,SECONDARY (S1-S5),PHYSICAL SPORTS,SWIMMING,na
MONTFORT SECONDARY SCHOOL,SECONDARY (S1-S5),PHYSICAL SPORTS,TAEKWONDO,na
MONTFORT SECONDARY SCHOOL,SECONDARY (S1-S5),PHYSICAL SPORTS,TCHOUKBALL,na
MONTFORT SECONDARY SCHOOL,SECONDARY (S1-S5),PHYSICAL SPORTS,TRACK AND FIELD,na
MONTFORT SECONDARY SCHOOL,SECONDARY (S1-S5),PHYSICAL SPORTS,WRESTLING,WEIGHTLIFTING
MONTFORT SECONDARY SCHOOL,SECONDARY (S1-S5),PHYSICAL SPORTS,WUSHU,na
NAN CHIAU HIGH SCHOOL,SECONDARY (S1-S5),CLUBS AND SOCIETIES,ART AND CRAFTS,VISUAL ARTS CLUB
NAN CHIAU HIGH SCHOOL,SECONDARY (S1-S5),CLUBS AND SOCIETIES,AUDIO VISUAL AID,MULTI-MEDIA CLUB
NAN CHIAU HIGH SCHOOL,SECONDARY (S1-S5),PHYSICAL SPORTS,BADMINTON,na
NAN CHIAU HIGH SCHOOL,SECONDARY (S1-S5),PHYSICAL SPORTS,BASKETBALL,na
NAN CHIAU HIGH SCHOOL,SECONDARY (S1-S5),CLUBS AND SOCIETIES,CHINESE CALLIGRAPHY AND BRUSH PAINTING,na
NAN CHIAU HIGH SCHOOL,SECONDARY (S1-S5),VISUAL AND PERFORMING ARTS,CHINESE DANCE,na
NAN CHIAU HIGH SCHOOL,SECONDARY (S1-S5),VISUAL AND PERFORMING ARTS,CHINESE DRAMA,na
NAN CHIAU HIGH SCHOOL,SECONDARY (S1-S5),VISUAL AND PERFORMING ARTS,CHINESE ORCHESTRA,na
NAN CHIAU HIGH SCHOOL,SECONDARY (S1-S5),VISUAL AND PERFORMING ARTS,CHOIR,na
NAN CHIAU HIGH SCHOOL,SECONDARY (S1-S5),VISUAL AND PERFORMING ARTS,CONCERT BAND,WIND ORCHESTRA
NAN CHIAU HIGH SCHOOL,SECONDARY (S1-S5),CLUBS AND SOCIETIES,DEBATING AND PUBLIC SPEAKING,DEBATE CLUB
NAN CHIAU HIGH SCHOOL,SECONDARY (S1-S5),CLUBS AND SOCIETIES,DESIGN AND INNOVATION,CODE BUILDERS CLUB
NAN CHIAU HIGH SCHOOL,SECONDARY (S1-S5),VISUAL AND PERFORMING ARTS,ENGLISH DRAMA,na
NAN CHIAU HIGH SCHOOL,SECONDARY (S1-S5),CLUBS AND SOCIETIES,ENVIRONMENTAL SCIENCE,GREEN CLUB
NAN CHIAU HIGH SCHOOL,SECONDARY (S1-S5),CLUBS AND SOCIETIES,INFOCOMM TECHNOLOGY (COMPUTING),CODE BUILDERS CLUB(I)
NAN CHIAU HIGH SCHOOL,SECONDARY (S1-S5),CLUBS AND SOCIETIES,MEDIA RESOURCE LIBRARY,LIBRARY
NAN CHIAU HIGH SCHOOL,SECONDARY (S1-S5),VISUAL AND PERFORMING ARTS,MODERN DANCE,CONTEMPORARY DANCE
NAN CHIAU HIGH SCHOOL,SECONDARY (S1-S5),UNIFORMED GROUPS,NATIONAL CADET CORPS (LAND),na
NAN CHIAU HIGH SCHOOL,SECONDARY (S1-S5),UNIFORMED GROUPS,NATIONAL POLICE CADET CORPS,na
NAN CHIAU HIGH SCHOOL,SECONDARY (S1-S5),UNIFORMED GROUPS,RED CROSS YOUTH,na
NAN CHIAU HIGH SCHOOL,SECONDARY (S1-S5),CLUBS AND SOCIETIES,ROBOTICS,CODE BUILDERS CLUB(R)
NAN CHIAU HIGH SCHOOL,SECONDARY (S1-S5),UNIFORMED GROUPS,SCOUTS,na
NAN CHIAU HIGH SCHOOL,SECONDARY (S1-S5),VISUAL AND PERFORMING ARTS,SINGAPORE NATIONAL YOUTH CHINESE ORCHESTRA,na
NAN CHIAU HIGH SCHOOL,SECONDARY (S1-S5),CLUBS AND SOCIETIES,SINGAPORE YOUTH FLYING CLUB,na
NAN CHIAU HIGH SCHOOL,SECONDARY (S1-S5),VISUAL AND PERFORMING ARTS,STRING ENSEMBLE,na
NAN CHIAU HIGH SCHOOL,SECONDARY (S1-S5),OTHERS,STUDENT LEADERSHIP (COUNCIL),na
NAN CHIAU HIGH SCHOOL,SECONDARY (S1-S5),OTHERS,STUDENT LEADERSHIP (HOUSE),na
NAN CHIAU HIGH SCHOOL,SECONDARY (S1-S5),PHYSICAL SPORTS,TABLE TENNIS,na
NAN CHIAU HIGH SCHOOL,SECONDARY (S1-S5),PHYSICAL SPORTS,TRACK AND FIELD,na
NAN CHIAU HIGH SCHOOL,SECONDARY (S1-S5),PHYSICAL SPORTS,WUSHU,na
NAN CHIAU PRIMARY SCHOOL,PRIMARY,CLUBS AND SOCIETIES,ART AND CRAFTS,na
NAN CHIAU PRIMARY SCHOOL,PRIMARY,PHYSICAL SPORTS,BADMINTON,na
NAN CHIAU PRIMARY SCHOOL,PRIMARY,PHYSICAL SPORTS,BASKETBALL,na
NAN CHIAU PRIMARY SCHOOL,PRIMARY,VISUAL AND PERFORMING ARTS,CHOIR,na
NAN CHIAU PRIMARY SCHOOL,PRIMARY,CLUBS AND SOCIETIES,ENGLISH CULTURE AND LANGUAGE,LANGUAGE CULTURAL ARTS & COMMUNICATION CLUB
NAN CHIAU PRIMARY SCHOOL,PRIMARY,CLUBS AND SOCIETIES,ENVIRONMENTAL SCIENCE,ENVIRONMENTAL CLUB
NAN CHIAU PRIMARY SCHOOL,PRIMARY,PHYSICAL SPORTS,FOOTBALL,na
NAN CHIAU PRIMARY SCHOOL,PRIMARY,UNIFORMED GROUPS,GIRL GUIDES (BROWNIES),na
NAN CHIAU PRIMARY SCHOOL,PRIMARY,VISUAL AND PERFORMING ARTS,GUZHENG ENSEMBLE,na
NAN CHIAU PRIMARY SCHOOL,PRIMARY,CLUBS AND SOCIETIES,INFOCOMM TECHNOLOGY (MEDIA PRODUCTION),INFOCOMM & MEDIA
NAN CHIAU PRIMARY SCHOOL,PRIMARY,VISUAL AND PERFORMING ARTS,MODERN DANCE,na
NAN CHIAU PRIMARY SCHOOL,PRIMARY,PHYSICAL SPORTS,MODULAR CCA (SPORTS),SPORTS CLUB
NAN CHIAU PRIMARY SCHOOL,PRIMARY,PHYSICAL SPORTS,NETBALL,na
NAN CHIAU PRIMARY SCHOOL,PRIMARY,VISUAL AND PERFORMING ARTS,PERCUSSION ENSEMBLE,FESTIVE DRUMMING
NAN CHIAU PRIMARY SCHOOL,PRIMARY,CLUBS AND SOCIETIES,ROBOTICS,na
NAN CHIAU PRIMARY SCHOOL,PRIMARY,UNIFORMED GROUPS,SCOUTS,na
NAN CHIAU PRIMARY SCHOOL,PRIMARY,CLUBS AND SOCIETIES,STRATEGY GAMES,na
NAN CHIAU PRIMARY SCHOOL,PRIMARY,OTHERS,STUDENT LEADERSHIP (PEER SUPPORT),na
NAN CHIAU PRIMARY SCHOOL,PRIMARY,OTHERS,STUDENT LEADERSHIP (PREFECT),na
NAN CHIAU PRIMARY SCHOOL,PRIMARY,PHYSICAL SPORTS,TABLE TENNIS,na
NAN CHIAU PRIMARY SCHOOL,PRIMARY,PHYSICAL SPORTS,TRACK AND FIELD,na
NAN CHIAU PRIMARY SCHOOL,PRIMARY,PHYSICAL SPORTS,WUSHU,na
NAN HUA HIGH SCHOOL,SECONDARY (S1-S5),CLUBS AND SOCIETIES,ART AND CRAFTS,ART & DESIGN CLUB
NAN HUA HIGH SCHOOL,SECONDARY (S1-S5),PHYSICAL SPORTS,BADMINTON,na
NAN HUA HIGH SCHOOL,SECONDARY (S1-S5),PHYSICAL SPORTS,BASKETBALL,na
NAN HUA HIGH SCHOOL,SECONDARY (S1-S5),UNIFORMED GROUPS,BOYS' BRIGADE,na
NAN HUA HIGH SCHOOL,SECONDARY (S1-S5),CLUBS AND SOCIETIES,CHINESE CALLIGRAPHY AND BRUSH PAINTING,CALLIGRAPHY CLUB
NAN HUA HIGH SCHOOL,SECONDARY (S1-S5),VISUAL AND PERFORMING ARTS,CHINESE DRAMA,CHINESE DRAMA SOCIETY
NAN HUA HIGH SCHOOL,SECONDARY (S1-S5),VISUAL AND PERFORMING ARTS,CHINESE ORCHESTRA,na
NAN HUA HIGH SCHOOL,SECONDARY (S1-S5),VISUAL AND PERFORMING ARTS,CHOIR,na
NAN HUA HIGH SCHOOL,SECONDARY (S1-S5),CLUBS AND SOCIETIES,COMMUNITY SERVICE,SERVICE LEARNING CLUB
NAN HUA HIGH SCHOOL,SECONDARY (S1-S5),VISUAL AND PERFORMING ARTS,CONCERT BAND,SYMPHONIC BAND
NAN HUA HIGH SCHOOL,SECONDARY (S1-S5),PHYSICAL SPORTS,CROSS COUNTRY,ATHLETICS
NAN HUA HIGH SCHOOL,SECONDARY (S1-S5),CLUBS AND SOCIETIES,DESIGN AND INNOVATION,ROBOTICS CLUB
NAN HUA HIGH SCHOOL,SECONDARY (S1-S5),VISUAL AND PERFORMING ARTS,ENGLISH DRAMA,ENGLISH DRAMA & DEBATING CLUB
NAN HUA HIGH SCHOOL,SECONDARY (S1-S5),PHYSICAL SPORTS,FOOTBALL,na
NAN HUA HIGH SCHOOL,SECONDARY (S1-S5),UNIFORMED GROUPS,GIRL GUIDES,na
NAN HUA HIGH SCHOOL,SECONDARY (S1-S5),VISUAL AND PERFORMING ARTS,GUZHENG ENSEMBLE,na
NAN HUA HIGH SCHOOL,SECONDARY (S1-S5),VISUAL AND PERFORMING ARTS,HARP ENSEMBLE,na
NAN HUA HIGH SCHOOL,SECONDARY (S1-S5),CLUBS AND SOCIETIES,INFOCOMM TECHNOLOGY (COMPUTING),INFOCOMM CLUB
NAN HUA HIGH SCHOOL,SECONDARY (S1-S5),VISUAL AND PERFORMING ARTS,MODERN DANCE,DANCE SOCIETY
NAN HUA HIGH SCHOOL,SECONDARY (S1-S5),UNIFORMED GROUPS,NATIONAL CADET CORPS (LAND),na
NAN HUA HIGH SCHOOL,SECONDARY (S1-S5),UNIFORMED GROUPS,NATIONAL POLICE CADET CORPS,na
NAN HUA HIGH SCHOOL,SECONDARY (S1-S5),PHYSICAL SPORTS,NETBALL,NETBALL (GIRLS)
NAN HUA HIGH SCHOOL,SECONDARY (S1-S5),VISUAL AND PERFORMING ARTS,PIPE BAND,BB PIPES & DRUMS BAND
NAN HUA HIGH SCHOOL,SECONDARY (S1-S5),VISUAL AND PERFORMING ARTS,SINGAPORE NATIONAL YOUTH CHINESE ORCHESTRA,na
NAN HUA HIGH SCHOOL,SECONDARY (S1-S5),VISUAL AND PERFORMING ARTS,SINGAPORE NATIONAL YOUTH ORCHESTRA,na
NAN HUA HIGH SCHOOL,SECONDARY (S1-S5),PHYSICAL SPORTS,SOFTBALL,SOFTBALL (GIRLS)
NAN HUA HIGH SCHOOL,SECONDARY (S1-S5),PHYSICAL SPORTS,SP-CCA (ATHLETICS),na
NAN HUA HIGH SCHOOL,SECONDARY (S1-S5),PHYSICAL SPORTS,SP-CCA (WATER POLO),na
NAN HUA HIGH SCHOOL,SECONDARY (S1-S5),UNIFORMED GROUPS,ST JOHN BRIGADE,na
NAN HUA HIGH SCHOOL,SECONDARY (S1-S5),PHYSICAL SPORTS,TABLE TENNIS,na
NAN HUA HIGH SCHOOL,SECONDARY (S1-S5),PHYSICAL SPORTS,TAEKWONDO,na
NAN HUA PRIMARY SCHOOL,PRIMARY,CLUBS AND SOCIETIES,ART AND CRAFTS,na
NAN HUA PRIMARY SCHOOL,PRIMARY,PHYSICAL SPORTS,BADMINTON,na
NAN HUA PRIMARY SCHOOL,PRIMARY,VISUAL AND PERFORMING ARTS,CHINESE DANCE,na
NAN HUA PRIMARY SCHOOL,PRIMARY,CLUBS AND SOCIETIES,CHINESE WEIQI,na
NAN HUA PRIMARY SCHOOL,PRIMARY,VISUAL AND PERFORMING ARTS,CHOIR,na
NAN HUA PRIMARY SCHOOL,PRIMARY,PHYSICAL SPORTS,FOOTBALL,na
NAN HUA PRIMARY SCHOOL,PRIMARY,UNIFORMED GROUPS,GIRL GUIDES (BROWNIES),na
NAN HUA PRIMARY SCHOOL,PRIMARY,VISUAL AND PERFORMING ARTS,GUZHENG ENSEMBLE,na
NAN HUA PRIMARY SCHOOL,PRIMARY,CLUBS AND SOCIETIES,INFOCOMM TECHNOLOGY (COMPUTING),na
NAN HUA PRIMARY SCHOOL,PRIMARY,CLUBS AND SOCIETIES,INTERNATIONAL CHESS,na
NAN HUA PRIMARY SCHOOL,PRIMARY,CLUBS AND SOCIETIES,JOURNALISM,JOURNALISM & BROADCASTING
NAN HUA PRIMARY SCHOOL,PRIMARY,VISUAL AND PERFORMING ARTS,PERCUSSION ENSEMBLE,na
NAN HUA PRIMARY SCHOOL,PRIMARY,CLUBS AND SOCIETIES,PHYSICAL SCIENCE,na
NAN HUA PRIMARY SCHOOL,PRIMARY,CLUBS AND SOCIETIES,ROBOTICS,na
NAN HUA PRIMARY SCHOOL,PRIMARY,UNIFORMED GROUPS,SCOUTS,na
NAN HUA PRIMARY SCHOOL,PRIMARY,CLUBS AND SOCIETIES,SPEECH AND DRAMA,na
NAN HUA PRIMARY SCHOOL,PRIMARY,PHYSICAL SPORTS,TABLE TENNIS,na
NAN HUA PRIMARY SCHOOL,PRIMARY,PHYSICAL SPORTS,TRACK AND FIELD,na
NAN HUA PRIMARY SCHOOL,PRIMARY,PHYSICAL SPORTS,VOLLEYBALL,na
NAN HUA PRIMARY SCHOOL,PRIMARY,PHYSICAL SPORTS,WUSHU,na
NANYANG GIRLS' HIGH SCHOOL,SECONDARY (S1-S4),PHYSICAL SPORTS,ARTISTIC GYMNASTICS,ARTISTIC GYMNASTICS / TRAMPOLINE
NANYANG GIRLS' HIGH SCHOOL,SECONDARY (S1-S4),CLUBS AND SOCIETIES,AUDIO VISUAL AID,AUDIO VISUAL CLUB
NANYANG GIRLS' HIGH SCHOOL,SECONDARY (S1-S4),PHYSICAL SPORTS,BADMINTON,BADMINTON
NANYANG GIRLS' HIGH SCHOOL,SECONDARY (S1-S4),PHYSICAL SPORTS,BASKETBALL,na
NANYANG GIRLS' HIGH SCHOOL,SECONDARY (S1-S4),CLUBS AND SOCIETIES,CHINESE CULTURE AND LANGUAGE,CHINESE CALLIGRAPHY
NANYANG GIRLS' HIGH SCHOOL,SECONDARY (S1-S4),VISUAL AND PERFORMING ARTS,CHINESE DANCE,na
NANYANG GIRLS' HIGH SCHOOL,SECONDARY (S1-S4),VISUAL AND PERFORMING ARTS,CHINESE ORCHESTRA,na
NANYANG GIRLS' HIGH SCHOOL,SECONDARY (S1-S4),VISUAL AND PERFORMING ARTS,CHOIR,na
NANYANG GIRLS' HIGH SCHOOL,SECONDARY (S1-S4),VISUAL AND PERFORMING ARTS,CONCERT BAND,na
NANYANG GIRLS' HIGH SCHOOL,SECONDARY (S1-S4),CLUBS AND SOCIETIES,DEBATING AND PUBLIC SPEAKING,NANYANG DEBATE CLUB
NANYANG GIRLS' HIGH SCHOOL,SECONDARY (S1-S4),CLUBS AND SOCIETIES,ENVIRONMENTAL SCIENCE,NATURE SOCIETY
NANYANG GIRLS' HIGH SCHOOL,SECONDARY (S1-S4),UNIFORMED GROUPS,GIRL GUIDES,na
NANYANG GIRLS' HIGH SCHOOL,SECONDARY (S1-S4),VISUAL AND PERFORMING ARTS,GUZHENG ENSEMBLE,na
NANYANG GIRLS' HIGH SCHOOL,SECONDARY (S1-S4),CLUBS AND SOCIETIES,INFOCOMM TECHNOLOGY (COMPUTING),INFOCOMM CLUB
NANYANG GIRLS' HIGH SCHOOL,SECONDARY (S1-S4),PHYSICAL SPORTS,JUDO,na
NANYANG GIRLS' HIGH SCHOOL,SECONDARY (S1-S4),CLUBS AND SOCIETIES,LION AND DRAGON DANCE,LION DANCE TROUPE / DRUM ENSEMBLE
NANYANG GIRLS' HIGH SCHOOL,SECONDARY (S1-S4),VISUAL AND PERFORMING ARTS,MODERN DANCE,na
NANYANG GIRLS' HIGH SCHOOL,SECONDARY (S1-S4),PHYSICAL SPORTS,MODULAR CCA (SPORTS),SPORTS CLUB
NANYANG GIRLS' HIGH SCHOOL,SECONDARY (S1-S4),UNIFORMED GROUPS,NATIONAL POLICE CADET CORPS,na
NANYANG GIRLS' HIGH SCHOOL,SECONDARY (S1-S4),PHYSICAL SPORTS,NETBALL,na
NANYANG GIRLS' HIGH SCHOOL,SECONDARY (S1-S4),PHYSICAL SPORTS,OUTDOOR ADVENTURE,NANYANG OUTDOORS CLUB
NANYANG GIRLS' HIGH SCHOOL,SECONDARY (S1-S4),PHYSICAL SPORTS,SAILING,na
NANYANG GIRLS' HIGH SCHOOL,SECONDARY (S1-S4),VISUAL AND PERFORMING ARTS,SINGAPORE NATIONAL YOUTH CHINESE ORCHESTRA,na
NANYANG GIRLS' HIGH SCHOOL,SECONDARY (S1-S4),VISUAL AND PERFORMING ARTS,SINGAPORE NATIONAL YOUTH ORCHESTRA,na
NANYANG GIRLS' HIGH SCHOOL,SECONDARY (S1-S4),PHYSICAL SPORTS,SOFTBALL,na
NANYANG GIRLS' HIGH SCHOOL,SECONDARY (S1-S4),CLUBS AND SOCIETIES,SPEECH AND DRAMA,THEATRE CLUB
NANYANG GIRLS' HIGH SCHOOL,SECONDARY (S1-S4),UNIFORMED GROUPS,ST JOHN BRIGADE,na
NANYANG GIRLS' HIGH SCHOOL,SECONDARY (S1-S4),CLUBS AND SOCIETIES,STRATEGY GAMES,MIND SPORTS CLUB
NANYANG GIRLS' HIGH SCHOOL,SECONDARY (S1-S4),VISUAL AND PERFORMING ARTS,STRING ENSEMBLE,na
NANYANG GIRLS' HIGH SCHOOL,SECONDARY (S1-S4),PHYSICAL SPORTS,TABLE TENNIS,na
NANYANG GIRLS' HIGH SCHOOL,SECONDARY (S1-S4),PHYSICAL SPORTS,TENNIS,na
NANYANG GIRLS' HIGH SCHOOL,SECONDARY (S1-S4),PHYSICAL SPORTS,TRACK AND FIELD,na
NANYANG GIRLS' HIGH SCHOOL,SECONDARY (S1-S4),PHYSICAL SPORTS,VOLLEYBALL,na
NANYANG GIRLS' HIGH SCHOOL,SECONDARY (S1-S4),PHYSICAL SPORTS,WATER POLO,na
NANYANG GIRLS' HIGH SCHOOL,SECONDARY (S1-S4),PHYSICAL SPORTS,WUSHU,na
NANYANG JUNIOR COLLEGE,JUNIOR COLLEGE,CLUBS AND SOCIETIES,ART AND CRAFTS,ART CLUB
NANYANG JUNIOR COLLEGE,JUNIOR COLLEGE,CLUBS AND SOCIETIES,AUDIO VISUAL AID,AUDIO VISUAL AIDS CLUB (AVA)
NANYANG JUNIOR COLLEGE,JUNIOR COLLEGE,PHYSICAL SPORTS,BADMINTON,na
NANYANG JUNIOR COLLEGE,JUNIOR COLLEGE,PHYSICAL SPORTS,BASKETBALL,na
NANYANG JUNIOR COLLEGE,JUNIOR COLLEGE,UNIFORMED GROUPS,BOYS' BRIGADE,BOYS' BRIGADE (EXTERNAL)
NANYANG JUNIOR COLLEGE,JUNIOR COLLEGE,CLUBS AND SOCIETIES,BROADCASTING,CHANNEL NEWS NANYANG (CNNY)
NANYANG JUNIOR COLLEGE,JUNIOR COLLEGE,CLUBS AND SOCIETIES,CHINESE CULTURE AND LANGUAGE,CHINESE LITERARY CLUB
NANYANG JUNIOR COLLEGE,JUNIOR COLLEGE,VISUAL AND PERFORMING ARTS,CHINESE DRAMA,CHINESE CULTURAL SOCIETY
NANYANG JUNIOR COLLEGE,JUNIOR COLLEGE,VISUAL AND PERFORMING ARTS,CHINESE ORCHESTRA,na
NANYANG JUNIOR COLLEGE,JUNIOR COLLEGE,VISUAL AND PERFORMING ARTS,CHOIR,na
NANYANG JUNIOR COLLEGE,JUNIOR COLLEGE,VISUAL AND PERFORMING ARTS,COMICS AND ILLUSTRATION,na
NANYANG JUNIOR COLLEGE,JUNIOR COLLEGE,CLUBS AND SOCIETIES,COMMUNITY SERVICE (FIRST AID),RED CROSS YOUTH (NANYANG JC CHAPTER)
NANYANG JUNIOR COLLEGE,JUNIOR COLLEGE,CLUBS AND SOCIETIES,COMMUNITY SERVICE (ROTARY-SPONSORED),INTERACT CLUB
NANYANG JUNIOR COLLEGE,JUNIOR COLLEGE,VISUAL AND PERFORMING ARTS,CONCERT BAND,SYMPHONIC BAND
NANYANG JUNIOR COLLEGE,JUNIOR COLLEGE,CLUBS AND SOCIETIES,DEBATING AND PUBLIC SPEAKING,NANYANG DEBATERS AND ORATORS
NANYANG JUNIOR COLLEGE,JUNIOR COLLEGE,PHYSICAL SPORTS,DRAGON BOAT,na
NANYANG JUNIOR COLLEGE,JUNIOR COLLEGE,VISUAL AND PERFORMING ARTS,ENGLISH DRAMA,DRAMA CLUB
NANYANG JUNIOR COLLEGE,JUNIOR COLLEGE,CLUBS AND SOCIETIES,ENTREPRENEURSHIP,BIZ CLUB
NANYANG JUNIOR COLLEGE,JUNIOR COLLEGE,PHYSICAL SPORTS,FLOORBALL,na
NANYANG JUNIOR COLLEGE,JUNIOR COLLEGE,PHYSICAL SPORTS,FOOTBALL,na
NANYANG JUNIOR COLLEGE,JUNIOR COLLEGE,UNIFORMED GROUPS,GIRL GUIDES,GIRL GUIDES (EXTERNAL)
NANYANG JUNIOR COLLEGE,JUNIOR COLLEGE,UNIFORMED GROUPS,GIRLS' BRIGADE,na
NANYANG JUNIOR COLLEGE,JUNIOR COLLEGE,VISUAL AND PERFORMING ARTS,GUZHENG ENSEMBLE,na
NANYANG JUNIOR COLLEGE,JUNIOR COLLEGE,PHYSICAL SPORTS,HEALTH AND FITNESS,GYM CLUB
NANYANG JUNIOR COLLEGE,JUNIOR COLLEGE,PHYSICAL SPORTS,KARATE,na
NANYANG JUNIOR COLLEGE,JUNIOR COLLEGE,VISUAL AND PERFORMING ARTS,MODERN DANCE,DANCE - MODERN / STREET
NANYANG JUNIOR COLLEGE,JUNIOR COLLEGE,UNIFORMED GROUPS,NATIONAL CADET CORPS (AIR),na
NANYANG JUNIOR COLLEGE,JUNIOR COLLEGE,UNIFORMED GROUPS,NATIONAL CADET CORPS (LAND),NATIONAL CADET CORPS (EXTERNAL)
NANYANG JUNIOR COLLEGE,JUNIOR COLLEGE,UNIFORMED GROUPS,NATIONAL CADET CORPS (SEA),na
NANYANG JUNIOR COLLEGE,JUNIOR COLLEGE,UNIFORMED GROUPS,NATIONAL CIVIL DEFENCE CADET CORPS,na
NANYANG JUNIOR COLLEGE,JUNIOR COLLEGE,UNIFORMED GROUPS,NATIONAL POLICE CADET CORPS,NPCC (EXTERNAL)
NANYANG JUNIOR COLLEGE,JUNIOR COLLEGE,PHYSICAL SPORTS,NETBALL,na
NANYANG JUNIOR COLLEGE,JUNIOR COLLEGE,PHYSICAL SPORTS,OUTDOOR ADVENTURE,OUTDOOR ADVENTURE CLUB (ODAC)
NANYANG JUNIOR COLLEGE,JUNIOR COLLEGE,CLUBS AND SOCIETIES,PHOTOGRAPHY,PHOTOGRAPHIC SOCIETY
NANYANG JUNIOR COLLEGE,JUNIOR COLLEGE,UNIFORMED GROUPS,RED CROSS YOUTH,EXTERNAL CCA: RED CROSS YOUTH
NANYANG JUNIOR COLLEGE,JUNIOR COLLEGE,CLUBS AND SOCIETIES,ROBOTICS,ROBOTICS AND COMPUTER SCIENCE CLUB
NANYANG JUNIOR COLLEGE,JUNIOR COLLEGE,UNIFORMED GROUPS,SCOUTS,SCOUTS
NANYANG JUNIOR COLLEGE,JUNIOR COLLEGE,VISUAL AND PERFORMING ARTS,SINGAPORE NATIONAL YOUTH CHINESE ORCHESTRA,SINGAPORE NATIONAL YOUTH CHINESE ORCHESTRA (SNYCO)
NANYANG JUNIOR COLLEGE,JUNIOR COLLEGE,VISUAL AND PERFORMING ARTS,SINGAPORE NATIONAL YOUTH ORCHESTRA,SINGAPORE NATIONAL YOUTH ORCHESTRA (SNYO)
NANYANG JUNIOR COLLEGE,JUNIOR COLLEGE,CLUBS AND SOCIETIES,SINGAPORE YOUTH FLYING CLUB,SINGAPORE YOUTH FLYING CLUB (EXTERNAL)
NANYANG JUNIOR COLLEGE,JUNIOR COLLEGE,PHYSICAL SPORTS,SQUASH,na
NANYANG JUNIOR COLLEGE,JUNIOR COLLEGE,UNIFORMED GROUPS,ST JOHN BRIGADE,ST. JOHN BRIGADE (EXTERNAL)
NANYANG JUNIOR COLLEGE,JUNIOR COLLEGE,OTHERS,STUDENT LEADERSHIP (HOUSE),CLASS LEADERS EXECUTIVE COMMITTEE (CLEXCO)
NANYANG JUNIOR COLLEGE,JUNIOR COLLEGE,PHYSICAL SPORTS,TABLE TENNIS,na
NANYANG JUNIOR COLLEGE,JUNIOR COLLEGE,PHYSICAL SPORTS,TCHOUKBALL,na
NANYANG JUNIOR COLLEGE,JUNIOR COLLEGE,PHYSICAL SPORTS,TENNIS,na
NANYANG JUNIOR COLLEGE,JUNIOR COLLEGE,PHYSICAL SPORTS,TOUCH RUGBY,na
NANYANG JUNIOR COLLEGE,JUNIOR COLLEGE,PHYSICAL SPORTS,TRACK AND FIELD,na
NANYANG JUNIOR COLLEGE,JUNIOR COLLEGE,PHYSICAL SPORTS,VOLLEYBALL,na
NANYANG PRIMARY SCHOOL,PRIMARY,CLUBS AND SOCIETIES,ART AND CRAFTS,na
NANYANG PRIMARY SCHOOL,PRIMARY,PHYSICAL SPORTS,ARTISTIC GYMNASTICS,na
NANYANG PRIMARY SCHOOL,PRIMARY,PHYSICAL SPORTS,BADMINTON,na
NANYANG PRIMARY SCHOOL,PRIMARY,PHYSICAL SPORTS,BASKETBALL,na
NANYANG PRIMARY SCHOOL,PRIMARY,UNIFORMED GROUPS,BOYS' BRIGADE,na
NANYANG PRIMARY SCHOOL,PRIMARY,CLUBS AND SOCIETIES,CHINESE CALLIGRAPHY AND BRUSH PAINTING,na
NANYANG PRIMARY SCHOOL,PRIMARY,CLUBS AND SOCIETIES,CHINESE CULTURE AND LANGUAGE,na
NANYANG PRIMARY SCHOOL,PRIMARY,VISUAL AND PERFORMING ARTS,CHINESE DANCE,na
NANYANG PRIMARY SCHOOL,PRIMARY,VISUAL AND PERFORMING ARTS,CHINESE ORCHESTRA,na
NANYANG PRIMARY SCHOOL,PRIMARY,VISUAL AND PERFORMING ARTS,CHOIR,na
NANYANG PRIMARY SCHOOL,PRIMARY,CLUBS AND SOCIETIES,DEBATING AND PUBLIC SPEAKING,na
NANYANG PRIMARY SCHOOL,PRIMARY,CLUBS AND SOCIETIES,DESIGN AND INNOVATION,MAKER & ENVIRONMENTAL SCIENCE CLUB
NANYANG PRIMARY SCHOOL,PRIMARY,PHYSICAL SPORTS,FOOTBALL,na
NANYANG PRIMARY SCHOOL,PRIMARY,UNIFORMED GROUPS,GIRL GUIDES (BROWNIES),na
NANYANG PRIMARY SCHOOL,PRIMARY,UNIFORMED GROUPS,GIRLS' BRIGADE,na
NANYANG PRIMARY SCHOOL,PRIMARY,VISUAL AND PERFORMING ARTS,GUZHENG ENSEMBLE,na
NANYANG PRIMARY SCHOOL,PRIMARY,CLUBS AND SOCIETIES,INTERNATIONAL CHESS,na
NANYANG PRIMARY SCHOOL,PRIMARY,VISUAL AND PERFORMING ARTS,MODERN DANCE,INTERNATIONAL DANCE
NANYANG PRIMARY SCHOOL,PRIMARY,CLUBS AND SOCIETIES,ROBOTICS,na
NANYANG PRIMARY SCHOOL,PRIMARY,UNIFORMED GROUPS,SCOUTS,na
NANYANG PRIMARY SCHOOL,PRIMARY,VISUAL AND PERFORMING ARTS,SINGAPORE NATIONAL YOUTH CHINESE ORCHESTRA,na
NANYANG PRIMARY SCHOOL,PRIMARY,VISUAL AND PERFORMING ARTS,SINGAPORE NATIONAL YOUTH ORCHESTRA,na
NANYANG PRIMARY SCHOOL,PRIMARY,VISUAL AND PERFORMING ARTS,STRING ENSEMBLE,na
NANYANG PRIMARY SCHOOL,PRIMARY,OTHERS,STUDENT LEADERSHIP (PEER SUPPORT),na
NANYANG PRIMARY SCHOOL,PRIMARY,OTHERS,STUDENT LEADERSHIP (PREFECT),na
NANYANG PRIMARY SCHOOL,PRIMARY,PHYSICAL SPORTS,TABLE TENNIS,na
NANYANG PRIMARY SCHOOL,PRIMARY,PHYSICAL SPORTS,TENNIS,na
NANYANG PRIMARY SCHOOL,PRIMARY,PHYSICAL SPORTS,TRACK AND FIELD,na
NANYANG PRIMARY SCHOOL,PRIMARY,PHYSICAL SPORTS,WUSHU,na
NATIONAL JUNIOR COLLEGE,MIXED LEVEL (S1-JC2),CLUBS AND SOCIETIES,AUDIO VISUAL AID,AVA & PA CLUB
NATIONAL JUNIOR COLLEGE,MIXED LEVEL (S1-JC2),PHYSICAL SPORTS,BADMINTON,na
NATIONAL JUNIOR COLLEGE,MIXED LEVEL (S1-JC2),PHYSICAL SPORTS,BASKETBALL,na
NATIONAL JUNIOR COLLEGE,MIXED LEVEL (S1-JC2),PHYSICAL SPORTS,CANOEING,CANOEING & DRAGON BOAT
NATIONAL JUNIOR COLLEGE,MIXED LEVEL (S1-JC2),VISUAL AND PERFORMING ARTS,CHINESE DANCE,na
NATIONAL JUNIOR COLLEGE,MIXED LEVEL (S1-JC2),CLUBS AND SOCIETIES,"CHINESE LANGUAGE, DRAMA AND DEBATING",CLDDS
NATIONAL JUNIOR COLLEGE,MIXED LEVEL (S1-JC2),VISUAL AND PERFORMING ARTS,CHINESE ORCHESTRA,CHINESE ORCHESTRA & GUZHENG ENSEMBLE
NATIONAL JUNIOR COLLEGE,MIXED LEVEL (S1-JC2),VISUAL AND PERFORMING ARTS,CHOIR,na
NATIONAL JUNIOR COLLEGE,MIXED LEVEL (S1-JC2),CLUBS AND SOCIETIES,COMMUNITY SERVICE (ROTARY-SPONSORED),INTERACT CLUB
NATIONAL JUNIOR COLLEGE,MIXED LEVEL (S1-JC2),VISUAL AND PERFORMING ARTS,CONCERT BAND,SYMPHONIC BAND
NATIONAL JUNIOR COLLEGE,MIXED LEVEL (S1-JC2),CLUBS AND SOCIETIES,DESIGN AND INNOVATION,MAKERS.
NATIONAL JUNIOR COLLEGE,MIXED LEVEL (S1-JC2),CLUBS AND SOCIETIES,"ENGLISH LANGUAGE, DRAMA AND DEBATING",ELDDES
NATIONAL JUNIOR COLLEGE,MIXED LEVEL (S1-JC2),CLUBS AND SOCIETIES,ENVIRONMENTAL SCIENCE,GREENLINK
NATIONAL JUNIOR COLLEGE,MIXED LEVEL (S1-JC2),PHYSICAL SPORTS,FLOORBALL,na
NATIONAL JUNIOR COLLEGE,MIXED LEVEL (S1-JC2),PHYSICAL SPORTS,FOOTBALL,na
NATIONAL JUNIOR COLLEGE,MIXED LEVEL (S1-JC2),UNIFORMED GROUPS,GIRL GUIDES,na
NATIONAL JUNIOR COLLEGE,MIXED LEVEL (S1-JC2),UNIFORMED GROUPS,GIRLS' BRIGADE,na
NATIONAL JUNIOR COLLEGE,MIXED LEVEL (S1-JC2),VISUAL AND PERFORMING ARTS,GUITAR ENSEMBLE,na
NATIONAL JUNIOR COLLEGE,MIXED LEVEL (S1-JC2),VISUAL AND PERFORMING ARTS,GUZHENG ENSEMBLE,na
NATIONAL JUNIOR COLLEGE,MIXED LEVEL (S1-JC2),VISUAL AND PERFORMING ARTS,INDIAN DANCE,na
NATIONAL JUNIOR COLLEGE,MIXED LEVEL (S1-JC2),CLUBS AND SOCIETIES,"INDIAN LANGUAGE, DRAMA AND DEBATING",ILDDS
NATIONAL JUNIOR COLLEGE,MIXED LEVEL (S1-JC2),CLUBS AND SOCIETIES,INFOCOMM TECHNOLOGY (MEDIA PRODUCTION),NJPRODUCTIONS
NATIONAL JUNIOR COLLEGE,MIXED LEVEL (S1-JC2),VISUAL AND PERFORMING ARTS,KEYBOARD ENSEMBLE,na
NATIONAL JUNIOR COLLEGE,MIXED LEVEL (S1-JC2),VISUAL AND PERFORMING ARTS,MALAY DANCE,na
NATIONAL JUNIOR COLLEGE,MIXED LEVEL (S1-JC2),CLUBS AND SOCIETIES,"MALAY LANGUAGE, DRAMA AND DEBATING",MALAY CULTURAL SOCIETY
NATIONAL JUNIOR COLLEGE,MIXED LEVEL (S1-JC2),VISUAL AND PERFORMING ARTS,MODERN DANCE,WESTERN DANCE
NATIONAL JUNIOR COLLEGE,MIXED LEVEL (S1-JC2),UNIFORMED GROUPS,NATIONAL CADET CORPS (LAND),na
NATIONAL JUNIOR COLLEGE,MIXED LEVEL (S1-JC2),UNIFORMED GROUPS,NATIONAL POLICE CADET CORPS,na
NATIONAL JUNIOR COLLEGE,MIXED LEVEL (S1-JC2),PHYSICAL SPORTS,NETBALL,na
NATIONAL JUNIOR COLLEGE,MIXED LEVEL (S1-JC2),CLUBS AND SOCIETIES,PHYSICAL SCIENCE,ASTRONOMY
NATIONAL JUNIOR COLLEGE,MIXED LEVEL (S1-JC2),UNIFORMED GROUPS,RED CROSS YOUTH,na
NATIONAL JUNIOR COLLEGE,MIXED LEVEL (S1-JC2),PHYSICAL SPORTS,ROCKWALL CLIMBING,na
NATIONAL JUNIOR COLLEGE,MIXED LEVEL (S1-JC2),UNIFORMED GROUPS,SCOUTS,na
NATIONAL JUNIOR COLLEGE,MIXED LEVEL (S1-JC2),PHYSICAL SPORTS,SHOOTING,na
NATIONAL JUNIOR COLLEGE,MIXED LEVEL (S1-JC2),VISUAL AND PERFORMING ARTS,SINGAPORE NATIONAL YOUTH CHINESE ORCHESTRA,na
NATIONAL JUNIOR COLLEGE,MIXED LEVEL (S1-JC2),VISUAL AND PERFORMING ARTS,SINGAPORE NATIONAL YOUTH ORCHESTRA,na
NATIONAL JUNIOR COLLEGE,MIXED LEVEL (S1-JC2),CLUBS AND SOCIETIES,SINGAPORE YOUTH FLYING CLUB,na
NATIONAL JUNIOR COLLEGE,MIXED LEVEL (S1-JC2),PHYSICAL SPORTS,SOFTBALL,na
NATIONAL JUNIOR COLLEGE,MIXED LEVEL (S1-JC2),PHYSICAL SPORTS,SQUASH,na
NATIONAL JUNIOR COLLEGE,MIXED LEVEL (S1-JC2),UNIFORMED GROUPS,ST JOHN BRIGADE,na
NATIONAL JUNIOR COLLEGE,MIXED LEVEL (S1-JC2),VISUAL AND PERFORMING ARTS,STRING ENSEMBLE,na
NATIONAL JUNIOR COLLEGE,MIXED LEVEL (S1-JC2),OTHERS,STUDENT LEADERSHIP (COUNCIL),na
NATIONAL JUNIOR COLLEGE,MIXED LEVEL (S1-JC2),CLUBS AND SOCIETIES,STUDENTS' COUNCIL,na
NATIONAL JUNIOR COLLEGE,MIXED LEVEL (S1-JC2),PHYSICAL SPORTS,TABLE TENNIS,na
NATIONAL JUNIOR COLLEGE,MIXED LEVEL (S1-JC2),PHYSICAL SPORTS,TOUCH RUGBY,na
NATIONAL JUNIOR COLLEGE,MIXED LEVEL (S1-JC2),PHYSICAL SPORTS,TRACK AND FIELD,na
NATIONAL JUNIOR COLLEGE,MIXED LEVEL (S1-JC2),PHYSICAL SPORTS,WUSHU,na
NAVAL BASE PRIMARY SCHOOL,PRIMARY,CLUBS AND SOCIETIES,ART AND CRAFTS,na
NAVAL BASE PRIMARY SCHOOL,PRIMARY,PHYSICAL SPORTS,BASKETBALL,na
NAVAL BASE PRIMARY SCHOOL,PRIMARY,UNIFORMED GROUPS,BOYS' BRIGADE,na
NAVAL BASE PRIMARY SCHOOL,PRIMARY,VISUAL AND PERFORMING ARTS,CHOIR,na
NAVAL BASE PRIMARY SCHOOL,PRIMARY,VISUAL AND PERFORMING ARTS,CONCERT BAND,na
NAVAL BASE PRIMARY SCHOOL,PRIMARY,PHYSICAL SPORTS,FLOORBALL,na
NAVAL BASE PRIMARY SCHOOL,PRIMARY,PHYSICAL SPORTS,FOOTBALL,na
NAVAL BASE PRIMARY SCHOOL,PRIMARY,UNIFORMED GROUPS,GIRLS' BRIGADE,na
NAVAL BASE PRIMARY SCHOOL,PRIMARY,CLUBS AND SOCIETIES,INFOCOMM TECHNOLOGY (COMPUTING),na
NAVAL BASE PRIMARY SCHOOL,PRIMARY,VISUAL AND PERFORMING ARTS,MODERN DANCE,na
NAVAL BASE PRIMARY SCHOOL,PRIMARY,PHYSICAL SPORTS,NETBALL,na
NAVAL BASE PRIMARY SCHOOL,PRIMARY,PHYSICAL SPORTS,OUTDOOR ADVENTURE,na
NAVAL BASE PRIMARY SCHOOL,PRIMARY,UNIFORMED GROUPS,RED CROSS YOUTH,na
NAVAL BASE PRIMARY SCHOOL,PRIMARY,CLUBS AND SOCIETIES,SPEECH AND DRAMA,na
NAVAL BASE PRIMARY SCHOOL,PRIMARY,OTHERS,STUDENT LEADERSHIP (COUNCIL),na
NAVAL BASE PRIMARY SCHOOL,PRIMARY,OTHERS,STUDENT LEADERSHIP (PREFECT),na
NAVAL BASE PRIMARY SCHOOL,PRIMARY,PHYSICAL SPORTS,TAEKWONDO,na
NAVAL BASE SECONDARY SCHOOL,SECONDARY (S1-S5),CLUBS AND SOCIETIES,ART AND CRAFTS,Art Club
NAVAL BASE SECONDARY SCHOOL,SECONDARY (S1-S5),PHYSICAL SPORTS,BASKETBALL,na
NAVAL BASE SECONDARY SCHOOL,SECONDARY (S1-S5),VISUAL AND PERFORMING ARTS,CHOIR,na
NAVAL BASE SECONDARY SCHOOL,SECONDARY (S1-S5),VISUAL AND PERFORMING ARTS,CONCERT BAND,na
NAVAL BASE SECONDARY SCHOOL,SECONDARY (S1-S5),VISUAL AND PERFORMING ARTS,ENGLISH DRAMA,na
NAVAL BASE SECONDARY SCHOOL,SECONDARY (S1-S5),PHYSICAL SPORTS,FOOTBALL,na
NAVAL BASE SECONDARY SCHOOL,SECONDARY (S1-S5),UNIFORMED GROUPS,GIRL GUIDES,na
NAVAL BASE SECONDARY SCHOOL,SECONDARY (S1-S5),CLUBS AND SOCIETIES,INFOCOMM TECHNOLOGY (MEDIA PRODUCTION),na
NAVAL BASE SECONDARY SCHOOL,SECONDARY (S1-S5),VISUAL AND PERFORMING ARTS,MODERN DANCE,na
NAVAL BASE SECONDARY SCHOOL,SECONDARY (S1-S5),UNIFORMED GROUPS,NATIONAL CADET CORPS (LAND),na
NAVAL BASE SECONDARY SCHOOL,SECONDARY (S1-S5),UNIFORMED GROUPS,NATIONAL POLICE CADET CORPS,na
NAVAL BASE SECONDARY SCHOOL,SECONDARY (S1-S5),PHYSICAL SPORTS,NETBALL,na
NAVAL BASE SECONDARY SCHOOL,SECONDARY (S1-S5),PHYSICAL SPORTS,SEPAKTAKRAW,na
NAVAL BASE SECONDARY SCHOOL,SECONDARY (S1-S5),UNIFORMED GROUPS,ST JOHN BRIGADE,na
NAVAL BASE SECONDARY SCHOOL,SECONDARY (S1-S5),PHYSICAL SPORTS,TABLE TENNIS,na
NEW TOWN PRIMARY SCHOOL,PRIMARY,CLUBS AND SOCIETIES,ART AND CRAFTS,na
NEW TOWN PRIMARY SCHOOL,PRIMARY,PHYSICAL SPORTS,BADMINTON,na
NEW TOWN PRIMARY SCHOOL,PRIMARY,PHYSICAL SPORTS,BASKETBALL,na
NEW TOWN PRIMARY SCHOOL,PRIMARY,VISUAL AND PERFORMING ARTS,BRASS BAND,na
NEW TOWN PRIMARY SCHOOL,PRIMARY,VISUAL AND PERFORMING ARTS,CHINESE DANCE,na
NEW TOWN PRIMARY SCHOOL,PRIMARY,VISUAL AND PERFORMING ARTS,CHOIR,na
NEW TOWN PRIMARY SCHOOL,PRIMARY,PHYSICAL SPORTS,FOOTBALL,na
NEW TOWN PRIMARY SCHOOL,PRIMARY,UNIFORMED GROUPS,GIRL GUIDES (BROWNIES),na
NEW TOWN PRIMARY SCHOOL,PRIMARY,VISUAL AND PERFORMING ARTS,MALAY DANCE,na
NEW TOWN PRIMARY SCHOOL,PRIMARY,VISUAL AND PERFORMING ARTS,MODERN DANCE,na
NEW TOWN PRIMARY SCHOOL,PRIMARY,PHYSICAL SPORTS,NETBALL,na
NEW TOWN PRIMARY SCHOOL,PRIMARY,UNIFORMED GROUPS,RED CROSS YOUTH,na
NEW TOWN PRIMARY SCHOOL,PRIMARY,CLUBS AND SOCIETIES,ROBOTICS,na
NEW TOWN PRIMARY SCHOOL,PRIMARY,CLUBS AND SOCIETIES,SPEECH AND DRAMA,na
NEW TOWN SECONDARY SCHOOL,SECONDARY (S1-S5),CLUBS AND SOCIETIES,ART AND CRAFTS,na
NEW TOWN SECONDARY SCHOOL,SECONDARY (S1-S5),PHYSICAL SPORTS,BADMINTON,na
NEW TOWN SECONDARY SCHOOL,SECONDARY (S1-S5),PHYSICAL SPORTS,BASKETBALL,na
NEW TOWN SECONDARY SCHOOL,SECONDARY (S1-S5),VISUAL AND PERFORMING ARTS,CHINESE DANCE,na
NEW TOWN SECONDARY SCHOOL,SECONDARY (S1-S5),VISUAL AND PERFORMING ARTS,CONCERT BAND,na
NEW TOWN SECONDARY SCHOOL,SECONDARY (S1-S5),PHYSICAL SPORTS,CROSS COUNTRY,na
NEW TOWN SECONDARY SCHOOL,SECONDARY (S1-S5),PHYSICAL SPORTS,FENCING,na
NEW TOWN SECONDARY SCHOOL,SECONDARY (S1-S5),PHYSICAL SPORTS,FOOTBALL,na
NEW TOWN SECONDARY SCHOOL,SECONDARY (S1-S5),UNIFORMED GROUPS,GIRL GUIDES,na
NEW TOWN SECONDARY SCHOOL,SECONDARY (S1-S5),VISUAL AND PERFORMING ARTS,GUZHENG ENSEMBLE,na
NEW TOWN SECONDARY SCHOOL,SECONDARY (S1-S5),CLUBS AND SOCIETIES,INFOCOMM TECHNOLOGY (MEDIA PRODUCTION),na
NEW TOWN SECONDARY SCHOOL,SECONDARY (S1-S5),VISUAL AND PERFORMING ARTS,MODERN DANCE,na
NEW TOWN SECONDARY SCHOOL,SECONDARY (S1-S5),UNIFORMED GROUPS,NATIONAL CADET CORPS (LAND),na
NEW TOWN SECONDARY SCHOOL,SECONDARY (S1-S5),UNIFORMED GROUPS,NATIONAL POLICE CADET CORPS,na
NEW TOWN SECONDARY SCHOOL,SECONDARY (S1-S5),PHYSICAL SPORTS,NETBALL,na
NEW TOWN SECONDARY SCHOOL,SECONDARY (S1-S5),PHYSICAL SPORTS,SOFTBALL,na
NEW TOWN SECONDARY SCHOOL,SECONDARY (S1-S5),PHYSICAL SPORTS,TABLE TENNIS,na
NGEE ANN PRIMARY SCHOOL,PRIMARY,CLUBS AND SOCIETIES,ART AND CRAFTS,na
NGEE ANN PRIMARY SCHOOL,PRIMARY,PHYSICAL SPORTS,BADMINTON,na
NGEE ANN PRIMARY SCHOOL,PRIMARY,VISUAL AND PERFORMING ARTS,CHINESE DANCE,na
NGEE ANN PRIMARY SCHOOL,PRIMARY,VISUAL AND PERFORMING ARTS,CHINESE ORCHESTRA,na
NGEE ANN PRIMARY SCHOOL,PRIMARY,VISUAL AND PERFORMING ARTS,CHOIR,na
NGEE ANN PRIMARY SCHOOL,PRIMARY,CLUBS AND SOCIETIES,"ENGLISH LANGUAGE, DRAMA AND DEBATING",na
NGEE ANN PRIMARY SCHOOL,PRIMARY,CLUBS AND SOCIETIES,ENVIRONMENTAL SCIENCE,na
NGEE ANN PRIMARY SCHOOL,PRIMARY,PHYSICAL SPORTS,FLOORBALL,na
NGEE ANN PRIMARY SCHOOL,PRIMARY,PHYSICAL SPORTS,FOOTBALL,na
NGEE ANN PRIMARY SCHOOL,PRIMARY,UNIFORMED GROUPS,GIRL GUIDES (BROWNIES),na
NGEE ANN PRIMARY SCHOOL,PRIMARY,VISUAL AND PERFORMING ARTS,GUZHENG ENSEMBLE,na
NGEE ANN PRIMARY SCHOOL,PRIMARY,CLUBS AND SOCIETIES,INFOCOMM TECHNOLOGY (MEDIA PRODUCTION),na
NGEE ANN PRIMARY SCHOOL,PRIMARY,VISUAL AND PERFORMING ARTS,MALAY DANCE,na
NGEE ANN PRIMARY SCHOOL,PRIMARY,PHYSICAL SPORTS,MODULAR CCA (SPORTS),na
NGEE ANN PRIMARY SCHOOL,PRIMARY,UNIFORMED GROUPS,SCOUTS,na
NGEE ANN PRIMARY SCHOOL,PRIMARY,VISUAL AND PERFORMING ARTS,SINGAPORE NATIONAL YOUTH ORCHESTRA,na
NGEE ANN PRIMARY SCHOOL,PRIMARY,OTHERS,STUDENT INITIATED ACTIVITIES (CLUBS & SOCIETIES),na
NGEE ANN PRIMARY SCHOOL,PRIMARY,OTHERS,STUDENT LEADERSHIP (PEER SUPPORT),na
NGEE ANN PRIMARY SCHOOL,PRIMARY,OTHERS,STUDENT LEADERSHIP (PREFECT),na
NGEE ANN PRIMARY SCHOOL,PRIMARY,PHYSICAL SPORTS,TABLE TENNIS,na
NGEE ANN PRIMARY SCHOOL,PRIMARY,PHYSICAL SPORTS,TRACK AND FIELD,na
NGEE ANN PRIMARY SCHOOL,PRIMARY,PHYSICAL SPORTS,WUSHU,na
NGEE ANN SECONDARY SCHOOL,SECONDARY (S1-S5),CLUBS AND SOCIETIES,ART AND CRAFTS,na
NGEE ANN SECONDARY SCHOOL,SECONDARY (S1-S5),PHYSICAL SPORTS,BADMINTON,na
NGEE ANN SECONDARY SCHOOL,SECONDARY (S1-S5),PHYSICAL SPORTS,BASKETBALL,na
NGEE ANN SECONDARY SCHOOL,SECONDARY (S1-S5),VISUAL AND PERFORMING ARTS,CHINESE ORCHESTRA,na
NGEE ANN SECONDARY SCHOOL,SECONDARY (S1-S5),VISUAL AND PERFORMING ARTS,CHOIR,na
NGEE ANN SECONDARY SCHOOL,SECONDARY (S1-S5),VISUAL AND PERFORMING ARTS,CONCERT BAND,na
NGEE ANN SECONDARY SCHOOL,SECONDARY (S1-S5),PHYSICAL SPORTS,CROSS COUNTRY,na
NGEE ANN SECONDARY SCHOOL,SECONDARY (S1-S5),VISUAL AND PERFORMING ARTS,ENGLISH DRAMA,na
NGEE ANN SECONDARY SCHOOL,SECONDARY (S1-S5),UNIFORMED GROUPS,GIRL GUIDES,na
NGEE ANN SECONDARY SCHOOL,SECONDARY (S1-S5),CLUBS AND SOCIETIES,INFOCOMM TECHNOLOGY (MEDIA PRODUCTION),na
NGEE ANN SECONDARY SCHOOL,SECONDARY (S1-S5),CLUBS AND SOCIETIES,INTERNATIONAL CHESS,na
NGEE ANN SECONDARY SCHOOL,SECONDARY (S1-S5),VISUAL AND PERFORMING ARTS,MODERN DANCE,na
NGEE ANN SECONDARY SCHOOL,SECONDARY (S1-S5),UNIFORMED GROUPS,NATIONAL CADET CORPS (LAND),na
NGEE ANN SECONDARY SCHOOL,SECONDARY (S1-S5),UNIFORMED GROUPS,NATIONAL POLICE CADET CORPS,na
NGEE ANN SECONDARY SCHOOL,SECONDARY (S1-S5),PHYSICAL SPORTS,OUTDOOR ADVENTURE,na
NGEE ANN SECONDARY SCHOOL,SECONDARY (S1-S5),CLUBS AND SOCIETIES,PHOTOGRAPHY,na
NGEE ANN SECONDARY SCHOOL,SECONDARY (S1-S5),VISUAL AND PERFORMING ARTS,POP AND JAZZ,na
NGEE ANN SECONDARY SCHOOL,SECONDARY (S1-S5),CLUBS AND SOCIETIES,ROBOTICS,na
NGEE ANN SECONDARY SCHOOL,SECONDARY (S1-S5),UNIFORMED GROUPS,SCOUTS,na
NGEE ANN SECONDARY SCHOOL,SECONDARY (S1-S5),VISUAL AND PERFORMING ARTS,SINGAPORE NATIONAL YOUTH CHINESE ORCHESTRA,na
NGEE ANN SECONDARY SCHOOL,SECONDARY (S1-S5),VISUAL AND PERFORMING ARTS,SINGAPORE NATIONAL YOUTH ORCHESTRA,na
NGEE ANN SECONDARY SCHOOL,SECONDARY (S1-S5),PHYSICAL SPORTS,SP-CCA (ATHLETICS),na
NGEE ANN SECONDARY SCHOOL,SECONDARY (S1-S5),PHYSICAL SPORTS,SP-CCA (WATER POLO),na
NGEE ANN SECONDARY SCHOOL,SECONDARY (S1-S5),PHYSICAL SPORTS,VOLLEYBALL,na
NGEE ANN SECONDARY SCHOOL,SECONDARY (S1-S5),PHYSICAL SPORTS,WUSHU,na
NORTH SPRING PRIMARY SCHOOL,PRIMARY,CLUBS AND SOCIETIES,ART AND CRAFTS,ARTY-CRAFTY (WIRE SCULPTURE)
NORTH SPRING PRIMARY SCHOOL,PRIMARY,PHYSICAL SPORTS,BASKETBALL,na
NORTH SPRING PRIMARY SCHOOL,PRIMARY,CLUBS AND SOCIETIES,CERAMICS,ARTY-CRAFTY (DIGITAL ART)
NORTH SPRING PRIMARY SCHOOL,PRIMARY,VISUAL AND PERFORMING ARTS,CHOIR,na
NORTH SPRING PRIMARY SCHOOL,PRIMARY,VISUAL AND PERFORMING ARTS,CULTURAL DANCE,INTERNATIONAL DANCE
NORTH SPRING PRIMARY SCHOOL,PRIMARY,VISUAL AND PERFORMING ARTS,ENGLISH DRAMA,na
NORTH SPRING PRIMARY SCHOOL,PRIMARY,PHYSICAL SPORTS,FOOTBALL,na
NORTH SPRING PRIMARY SCHOOL,PRIMARY,UNIFORMED GROUPS,GIRL GUIDES (BROWNIES),na
NORTH SPRING PRIMARY SCHOOL,PRIMARY,VISUAL AND PERFORMING ARTS,GUITAR ENSEMBLE,na
NORTH SPRING PRIMARY SCHOOL,PRIMARY,CLUBS AND SOCIETIES,INFOCOMM TECHNOLOGY (MEDIA PRODUCTION),na
NORTH SPRING PRIMARY SCHOOL,PRIMARY,CLUBS AND SOCIETIES,PHYSICAL SCIENCE,na
NORTH SPRING PRIMARY SCHOOL,PRIMARY,UNIFORMED GROUPS,SCOUTS,na
NORTH SPRING PRIMARY SCHOOL,PRIMARY,VISUAL AND PERFORMING ARTS,STRING ENSEMBLE,na
NORTH SPRING PRIMARY SCHOOL,PRIMARY,VISUAL AND PERFORMING ARTS,TAP DANCE,na
NORTH SPRING PRIMARY SCHOOL,PRIMARY,PHYSICAL SPORTS,WUSHU,na
NORTH VIEW PRIMARY SCHOOL,PRIMARY,CLUBS AND SOCIETIES,ART AND CRAFTS,na
NORTH VIEW PRIMARY SCHOOL,PRIMARY,PHYSICAL SPORTS,BASKETBALL,na
NORTH VIEW PRIMARY SCHOOL,PRIMARY,UNIFORMED GROUPS,BOYS' BRIGADE,na
NORTH VIEW PRIMARY SCHOOL,PRIMARY,VISUAL AND PERFORMING ARTS,CHINESE DANCE,na
NORTH VIEW PRIMARY SCHOOL,PRIMARY,VISUAL AND PERFORMING ARTS,CHOIR,na
NORTH VIEW PRIMARY SCHOOL,PRIMARY,VISUAL AND PERFORMING ARTS,ENGLISH DRAMA,na
NORTH VIEW PRIMARY SCHOOL,PRIMARY,PHYSICAL SPORTS,FLOORBALL,na
NORTH VIEW PRIMARY SCHOOL,PRIMARY,PHYSICAL SPORTS,FOOTBALL,na
NORTH VIEW PRIMARY SCHOOL,PRIMARY,UNIFORMED GROUPS,GIRLS' BRIGADE,na
NORTH VIEW PRIMARY SCHOOL,PRIMARY,CLUBS AND SOCIETIES,INFOCOMM TECHNOLOGY (COMPUTING),na
NORTH VIEW PRIMARY SCHOOL,PRIMARY,VISUAL AND PERFORMING ARTS,MALAY DANCE,na
NORTH VIEW PRIMARY SCHOOL,PRIMARY,VISUAL AND PERFORMING ARTS,MODERN DANCE,na
NORTH VIEW PRIMARY SCHOOL,PRIMARY,PHYSICAL SPORTS,OUTDOOR ADVENTURE,na
NORTH VIEW PRIMARY SCHOOL,PRIMARY,CLUBS AND SOCIETIES,PHYSICAL SCIENCE,na
NORTH VIEW PRIMARY SCHOOL,PRIMARY,UNIFORMED GROUPS,SCOUTS,na
NORTH VISTA PRIMARY SCHOOL,PRIMARY,CLUBS AND SOCIETIES,ART AND CRAFTS,na
NORTH VISTA PRIMARY SCHOOL,PRIMARY,PHYSICAL SPORTS,BASKETBALL,na
NORTH VISTA PRIMARY SCHOOL,PRIMARY,UNIFORMED GROUPS,BOYS' BRIGADE,na
NORTH VISTA PRIMARY SCHOOL,PRIMARY,VISUAL AND PERFORMING ARTS,CHINESE DANCE,na
NORTH VISTA PRIMARY SCHOOL,PRIMARY,VISUAL AND PERFORMING ARTS,CHOIR,na
NORTH VISTA PRIMARY SCHOOL,PRIMARY,VISUAL AND PERFORMING ARTS,CONCERT BAND,na
NORTH VISTA PRIMARY SCHOOL,PRIMARY,CLUBS AND SOCIETIES,ENGLISH CULTURE AND LANGUAGE,VISTA DRAMA CLUB
NORTH VISTA PRIMARY SCHOOL,PRIMARY,CLUBS AND SOCIETIES,ENVIRONMENTAL SCIENCE,na
NORTH VISTA PRIMARY SCHOOL,PRIMARY,UNIFORMED GROUPS,GIRLS' BRIGADE,na
NORTH VISTA PRIMARY SCHOOL,PRIMARY,PHYSICAL SPORTS,HEALTH AND FITNESS,na
NORTH VISTA PRIMARY SCHOOL,PRIMARY,CLUBS AND SOCIETIES,INFOCOMM TECHNOLOGY (COMPUTING),na
NORTH VISTA PRIMARY SCHOOL,PRIMARY,CLUBS AND SOCIETIES,MALAY CULTURE AND LANGUAGE,na
NORTH VISTA PRIMARY SCHOOL,PRIMARY,VISUAL AND PERFORMING ARTS,MODERN DANCE,na
NORTH VISTA PRIMARY SCHOOL,PRIMARY,PHYSICAL SPORTS,MODULAR CCA (SPORTS),na
NORTH VISTA PRIMARY SCHOOL,PRIMARY,VISUAL AND PERFORMING ARTS,MODULAR CCA (VPA),na
NORTH VISTA PRIMARY SCHOOL,PRIMARY,PHYSICAL SPORTS,RUGBY,na
NORTH VISTA PRIMARY SCHOOL,PRIMARY,UNIFORMED GROUPS,SCOUTS,na
NORTH VISTA PRIMARY SCHOOL,PRIMARY,PHYSICAL SPORTS,SOFTBALL,na
NORTH VISTA PRIMARY SCHOOL,PRIMARY,CLUBS AND SOCIETIES,SPEECH AND DRAMA,na
NORTH VISTA PRIMARY SCHOOL,PRIMARY,OTHERS,STUDENT INITIATED ACTIVITIES (CLUBS & SOCIETIES),STUDENT AFFAIRS COMMITTEE
NORTH VISTA PRIMARY SCHOOL,PRIMARY,OTHERS,STUDENT INITIATED ACTIVITIES (PHYSICAL SPORTS AND OUTDOORS),WELFARE COMMITTEE
NORTH VISTA PRIMARY SCHOOL,PRIMARY,OTHERS,STUDENT INITIATED ACTIVITIES (VISUAL & PERFORMING ARTS),EVENTS COMMITTEE
NORTH VISTA PRIMARY SCHOOL,PRIMARY,OTHERS,STUDENT LEADERSHIP (PREFECT),na
NORTH VISTA SECONDARY SCHOOL,SECONDARY (S1-S5),PHYSICAL SPORTS,BASKETBALL,na
NORTH VISTA SECONDARY SCHOOL,SECONDARY (S1-S5),VISUAL AND PERFORMING ARTS,CHINESE DANCE,na
NORTH VISTA SECONDARY SCHOOL,SECONDARY (S1-S5),VISUAL AND PERFORMING ARTS,CHOIR,na
NORTH VISTA SECONDARY SCHOOL,SECONDARY (S1-S5),CLUBS AND SOCIETIES,COMMUNITY SERVICE,SERVICE LEARNING CLUB
NORTH VISTA SECONDARY SCHOOL,SECONDARY (S1-S5),VISUAL AND PERFORMING ARTS,CONCERT BAND,SYMPHONIC BAND
NORTH VISTA SECONDARY SCHOOL,SECONDARY (S1-S5),VISUAL AND PERFORMING ARTS,ENGLISH DRAMA,DRAMA CLUB
NORTH VISTA SECONDARY SCHOOL,SECONDARY (S1-S5),PHYSICAL SPORTS,FOOTBALL,na
NORTH VISTA SECONDARY SCHOOL,SECONDARY (S1-S5),UNIFORMED GROUPS,GIRL GUIDES,na
NORTH VISTA SECONDARY SCHOOL,SECONDARY (S1-S5),PHYSICAL SPORTS,GOLF,na
NORTH VISTA SECONDARY SCHOOL,SECONDARY (S1-S5),PHYSICAL SPORTS,HEALTH AND FITNESS,na
NORTH VISTA SECONDARY SCHOOL,SECONDARY (S1-S5),CLUBS AND SOCIETIES,INFOCOMM TECHNOLOGY (MEDIA PRODUCTION),na
NORTH VISTA SECONDARY SCHOOL,SECONDARY (S1-S5),CLUBS AND SOCIETIES,MEDIA RESOURCE LIBRARY,na
NORTH VISTA SECONDARY SCHOOL,SECONDARY (S1-S5),VISUAL AND PERFORMING ARTS,MODERN DANCE,na
NORTH VISTA SECONDARY SCHOOL,SECONDARY (S1-S5),PHYSICAL SPORTS,MODULAR CCA (SPORTS),na
NORTH VISTA SECONDARY SCHOOL,SECONDARY (S1-S5),UNIFORMED GROUPS,NATIONAL CADET CORPS (LAND),na
NORTH VISTA SECONDARY SCHOOL,SECONDARY (S1-S5),UNIFORMED GROUPS,NATIONAL POLICE CADET CORPS,na
NORTH VISTA SECONDARY SCHOOL,SECONDARY (S1-S5),PHYSICAL SPORTS,NETBALL,na
NORTH VISTA SECONDARY SCHOOL,SECONDARY (S1-S5),PHYSICAL SPORTS,OUTDOOR ADVENTURE,na
NORTH VISTA SECONDARY SCHOOL,SECONDARY (S1-S5),UNIFORMED GROUPS,SCOUTS,na
NORTH VISTA SECONDARY SCHOOL,SECONDARY (S1-S5),CLUBS AND SOCIETIES,SINGAPORE YOUTH FLYING CLUB,na
NORTH VISTA SECONDARY SCHOOL,SECONDARY (S1-S5),PHYSICAL SPORTS,SP-CCA (WATER POLO),na
NORTH VISTA SECONDARY SCHOOL,SECONDARY (S1-S5),UNIFORMED GROUPS,ST JOHN BRIGADE,na
NORTH VISTA SECONDARY SCHOOL,SECONDARY (S1-S5),VISUAL AND PERFORMING ARTS,STRING ENSEMBLE,na
NORTH VISTA SECONDARY SCHOOL,SECONDARY (S1-S5),OTHERS,STUDENT LEADERSHIP (COUNCIL),na
NORTH VISTA SECONDARY SCHOOL,SECONDARY (S1-S5),OTHERS,STUDENT LEADERSHIP (HOUSE),na
NORTH VISTA SECONDARY SCHOOL,SECONDARY (S1-S5),OTHERS,STUDENT LEADERSHIP (PEER SUPPORT),na
NORTH VISTA SECONDARY SCHOOL,SECONDARY (S1-S5),OTHERS,STUDENT LEADERSHIP (PREFECT),na
NORTH VISTA SECONDARY SCHOOL,SECONDARY (S1-S5),PHYSICAL SPORTS,TRACK AND FIELD,ATHLETICS
NORTHBROOKS SECONDARY SCHOOL,SECONDARY (S1-S5),CLUBS AND SOCIETIES,AERO-MODELLING,na
NORTHBROOKS SECONDARY SCHOOL,SECONDARY (S1-S5),PHYSICAL SPORTS,AIKIDO,na
NORTHBROOKS SECONDARY SCHOOL,SECONDARY (S1-S5),VISUAL AND PERFORMING ARTS,ANGKLUNG/KULINTANG ENSEMBLE,na
NORTHBROOKS SECONDARY SCHOOL,SECONDARY (S1-S5),CLUBS AND SOCIETIES,ANIMATION,na
NORTHBROOKS SECONDARY SCHOOL,SECONDARY (S1-S5),PHYSICAL SPORTS,ARCHERY,na
NORTHBROOKS SECONDARY SCHOOL,SECONDARY (S1-S5),CLUBS AND SOCIETIES,ART AND CRAFTS,na
NORTHBROOKS SECONDARY SCHOOL,SECONDARY (S1-S5),PHYSICAL SPORTS,ARTISTIC GYMNASTICS,na
NORTHBROOKS SECONDARY SCHOOL,SECONDARY (S1-S5),PHYSICAL SPORTS,ARTISTIC SWIMMING,na
NORTHBROOKS SECONDARY SCHOOL,SECONDARY (S1-S5),CLUBS AND SOCIETIES,AUDIO VISUAL AID,na
NORTHBROOKS SECONDARY SCHOOL,SECONDARY (S1-S5),PHYSICAL SPORTS,BADMINTON,na
NORTHBROOKS SECONDARY SCHOOL,SECONDARY (S1-S5),VISUAL AND PERFORMING ARTS,BALLET,na
NORTHBROOKS SECONDARY SCHOOL,SECONDARY (S1-S5),PHYSICAL SPORTS,BASKETBALL,na
NORTHBROOKS SECONDARY SCHOOL,SECONDARY (S1-S5),CLUBS AND SOCIETIES,BIOLOGICAL SCIENCE,na
NORTHBROOKS SECONDARY SCHOOL,SECONDARY (S1-S5),PHYSICAL SPORTS,BOCCIA,na
NORTHBROOKS SECONDARY SCHOOL,SECONDARY (S1-S5),PHYSICAL SPORTS,BOWLING,na
NORTHBROOKS SECONDARY SCHOOL,SECONDARY (S1-S5),UNIFORMED GROUPS,BOYS' BRIGADE,na
NORTHBROOKS SECONDARY SCHOOL,SECONDARY (S1-S5),VISUAL AND PERFORMING ARTS,CONCERT BAND,na
NORTHBROOKS SECONDARY SCHOOL,SECONDARY (S1-S5),VISUAL AND PERFORMING ARTS,ENGLISH DRAMA,na
NORTHBROOKS SECONDARY SCHOOL,SECONDARY (S1-S5),CLUBS AND SOCIETIES,ENVIRONMENTAL SCIENCE,na
NORTHBROOKS SECONDARY SCHOOL,SECONDARY (S1-S5),PHYSICAL SPORTS,FLOORBALL,na
NORTHBROOKS SECONDARY SCHOOL,SECONDARY (S1-S5),VISUAL AND PERFORMING ARTS,GUITAR ENSEMBLE,na
NORTHBROOKS SECONDARY SCHOOL,SECONDARY (S1-S5),VISUAL AND PERFORMING ARTS,GUZHENG ENSEMBLE,na
NORTHBROOKS SECONDARY SCHOOL,SECONDARY (S1-S5),CLUBS AND SOCIETIES,INFOCOMM TECHNOLOGY (MEDIA PRODUCTION),na
NORTHBROOKS SECONDARY SCHOOL,SECONDARY (S1-S5),VISUAL AND PERFORMING ARTS,MODERN DANCE,na
NORTHBROOKS SECONDARY SCHOOL,SECONDARY (S1-S5),UNIFORMED GROUPS,NATIONAL CADET CORPS (AIR),na
NORTHBROOKS SECONDARY SCHOOL,SECONDARY (S1-S5),UNIFORMED GROUPS,NATIONAL POLICE CADET CORPS,na
NORTHBROOKS SECONDARY SCHOOL,SECONDARY (S1-S5),PHYSICAL SPORTS,OUTDOOR ADVENTURE,na
NORTHBROOKS SECONDARY SCHOOL,SECONDARY (S1-S5),UNIFORMED GROUPS,RED CROSS YOUTH,na
NORTHBROOKS SECONDARY SCHOOL,SECONDARY (S1-S5),PHYSICAL SPORTS,SP-CCA (ATHLETICS),na
NORTHBROOKS SECONDARY SCHOOL,SECONDARY (S1-S5),OTHERS,STUDENT LEADERSHIP (COUNCIL),na
NORTHLAND PRIMARY SCHOOL,PRIMARY,CLUBS AND SOCIETIES,ART AND CRAFTS,ART CLUB
NORTHLAND PRIMARY SCHOOL,PRIMARY,PHYSICAL SPORTS,BASKETBALL,na
NORTHLAND PRIMARY SCHOOL,PRIMARY,VISUAL AND PERFORMING ARTS,CHINESE DANCE,CHINESE CULTURAL DANCE
NORTHLAND PRIMARY SCHOOL,PRIMARY,VISUAL AND PERFORMING ARTS,CHOIR,CHOIR
NORTHLAND PRIMARY SCHOOL,PRIMARY,VISUAL AND PERFORMING ARTS,ENGLISH DRAMA,DRAMA CLUB
NORTHLAND PRIMARY SCHOOL,PRIMARY,PHYSICAL SPORTS,FOOTBALL,na
NORTHLAND PRIMARY SCHOOL,PRIMARY,UNIFORMED GROUPS,GIRL GUIDES (BROWNIES),BROWNIES
NORTHLAND PRIMARY SCHOOL,PRIMARY,VISUAL AND PERFORMING ARTS,HANDBELL ENSEMBLE,na
NORTHLAND PRIMARY SCHOOL,PRIMARY,CLUBS AND SOCIETIES,INFOCOMM TECHNOLOGY (MEDIA PRODUCTION),ROBOTICS CLUB
NORTHLAND PRIMARY SCHOOL,PRIMARY,CLUBS AND SOCIETIES,INTERNATIONAL CHESS,CHESS CLUB
NORTHLAND PRIMARY SCHOOL,PRIMARY,CLUBS AND SOCIETIES,MALAY CULTURE AND LANGUAGE,na
NORTHLAND PRIMARY SCHOOL,PRIMARY,VISUAL AND PERFORMING ARTS,MODERN DANCE,na
NORTHLAND PRIMARY SCHOOL,PRIMARY,PHYSICAL SPORTS,NETBALL,na
NORTHLAND PRIMARY SCHOOL,PRIMARY,UNIFORMED GROUPS,SCOUTS,CUB SCOUTS
NORTHLAND PRIMARY SCHOOL,PRIMARY,VISUAL AND PERFORMING ARTS,STRING ENSEMBLE,na
NORTHLAND PRIMARY SCHOOL,PRIMARY,PHYSICAL SPORTS,TRACK AND FIELD,na
NORTHLAND PRIMARY SCHOOL,PRIMARY,PHYSICAL SPORTS,WUSHU,na
NORTHLAND SECONDARY SCHOOL,SECONDARY (S1-S5),PHYSICAL SPORTS,BASKETBALL,na
NORTHLAND SECONDARY SCHOOL,SECONDARY (S1-S5),PHYSICAL SPORTS,BOWLING,na
NORTHLAND SECONDARY SCHOOL,SECONDARY (S1-S5),VISUAL AND PERFORMING ARTS,CONCERT BAND,na
NORTHLAND SECONDARY SCHOOL,SECONDARY (S1-S5),CLUBS AND SOCIETIES,DESIGN AND INNOVATION,HEART CLUB
NORTHLAND SECONDARY SCHOOL,SECONDARY (S1-S5),PHYSICAL SPORTS,FLOORBALL,na
NORTHLAND SECONDARY SCHOOL,SECONDARY (S1-S5),PHYSICAL SPORTS,FOOTBALL,CLUSTER FOOTBALL
NORTHLAND SECONDARY SCHOOL,SECONDARY (S1-S5),UNIFORMED GROUPS,GIRL GUIDES,na
NORTHLAND SECONDARY SCHOOL,SECONDARY (S1-S5),VISUAL AND PERFORMING ARTS,GUZHENG ENSEMBLE,na
NORTHLAND SECONDARY SCHOOL,SECONDARY (S1-S5),PHYSICAL SPORTS,HOCKEY,na
NORTHLAND SECONDARY SCHOOL,SECONDARY (S1-S5),VISUAL AND PERFORMING ARTS,INDIAN DANCE,na
NORTHLAND SECONDARY SCHOOL,SECONDARY (S1-S5),CLUBS AND SOCIETIES,INFOCOMM TECHNOLOGY (MEDIA PRODUCTION),na
NORTHLAND SECONDARY SCHOOL,SECONDARY (S1-S5),VISUAL AND PERFORMING ARTS,MALAY DANCE,na
NORTHLAND SECONDARY SCHOOL,SECONDARY (S1-S5),VISUAL AND PERFORMING ARTS,MODERN DANCE,MCAC
NORTHLAND SECONDARY SCHOOL,SECONDARY (S1-S5),UNIFORMED GROUPS,NATIONAL CADET CORPS (AIR),na
NORTHLAND SECONDARY SCHOOL,SECONDARY (S1-S5),UNIFORMED GROUPS,NATIONAL POLICE CADET CORPS,na
NORTHLAND SECONDARY SCHOOL,SECONDARY (S1-S5),PHYSICAL SPORTS,NETBALL,na
NORTHLAND SECONDARY SCHOOL,SECONDARY (S1-S5),VISUAL AND PERFORMING ARTS,PIPE BAND,na
NORTHLAND SECONDARY SCHOOL,SECONDARY (S1-S5),CLUBS AND SOCIETIES,ROBOTICS,CLUSTER INFOCOMM-ROBOTICS
NORTHLAND SECONDARY SCHOOL,SECONDARY (S1-S5),PHYSICAL SPORTS,WUSHU,na
NORTHLIGHT SCHOOL,SECONDARY (S1-S4),CLUBS AND SOCIETIES,ART AND CRAFTS,ART CLUB
NORTHLIGHT SCHOOL,SECONDARY (S1-S4),PHYSICAL SPORTS,BASKETBALL,na
NORTHLIGHT SCHOOL,SECONDARY (S1-S4),VISUAL AND PERFORMING ARTS,ENGLISH DRAMA,MUSIC CLUB
NORTHLIGHT SCHOOL,SECONDARY (S1-S4),CLUBS AND SOCIETIES,ENTREPRENEURSHIP,na
NORTHLIGHT SCHOOL,SECONDARY (S1-S4),CLUBS AND SOCIETIES,ENVIRONMENTAL SCIENCE,ENVIRONMENTAL CLUB
NORTHLIGHT SCHOOL,SECONDARY (S1-S4),PHYSICAL SPORTS,FLOORBALL,na
NORTHLIGHT SCHOOL,SECONDARY (S1-S4),CLUBS AND SOCIETIES,FOOD AND CONSUMER EDUCATION,CLUB DE CUISINE
NORTHLIGHT SCHOOL,SECONDARY (S1-S4),PHYSICAL SPORTS,FOOTBALL,na
NORTHLIGHT SCHOOL,SECONDARY (S1-S4),UNIFORMED GROUPS,GIRL GUIDES,na
NORTHLIGHT SCHOOL,SECONDARY (S1-S4),CLUBS AND SOCIETIES,INFOCOMM TECHNOLOGY (MEDIA PRODUCTION),IT CLUB
NORTHLIGHT SCHOOL,SECONDARY (S1-S4),VISUAL AND PERFORMING ARTS,MODERN DANCE,DANCE
NORTHLIGHT SCHOOL,SECONDARY (S1-S4),UNIFORMED GROUPS,NATIONAL CIVIL DEFENCE CADET CORPS,na
NORTHLIGHT SCHOOL,SECONDARY (S1-S4),PHYSICAL SPORTS,NETBALL,na
NORTHLIGHT SCHOOL,SECONDARY (S1-S4),CLUBS AND SOCIETIES,READING AND WRITING,RIPPLES CLUB
NORTHLIGHT SCHOOL,SECONDARY (S1-S4),PHYSICAL SPORTS,SEPAKTAKRAW,na
NORTHLIGHT SCHOOL,SECONDARY (S1-S4),OTHERS,STUDENT LEADERSHIP (COUNCIL),na
NORTHLIGHT SCHOOL,SECONDARY (S1-S4),PHYSICAL SPORTS,TRACK AND FIELD,na
NORTHOAKS PRIMARY SCHOOL,PRIMARY,CLUBS AND SOCIETIES,ART AND CRAFTS,na
NORTHOAKS PRIMARY SCHOOL,PRIMARY,VISUAL AND PERFORMING ARTS,CHOIR,na
NORTHOAKS PRIMARY SCHOOL,PRIMARY,CLUBS AND SOCIETIES,ENVIRONMENTAL SCIENCE,na
NORTHOAKS PRIMARY SCHOOL,PRIMARY,PHYSICAL SPORTS,FLOORBALL,na
NORTHOAKS PRIMARY SCHOOL,PRIMARY,PHYSICAL SPORTS,FOOTBALL,na
NORTHOAKS PRIMARY SCHOOL,PRIMARY,VISUAL AND PERFORMING ARTS,GUITAR ENSEMBLE,na
NORTHOAKS PRIMARY SCHOOL,PRIMARY,CLUBS AND SOCIETIES,INFOCOMM TECHNOLOGY (COMPUTING),na
NORTHOAKS PRIMARY SCHOOL,PRIMARY,VISUAL AND PERFORMING ARTS,MODERN DANCE,na
NORTHOAKS PRIMARY SCHOOL,PRIMARY,PHYSICAL SPORTS,NETBALL,na
NORTHOAKS PRIMARY SCHOOL,PRIMARY,PHYSICAL SPORTS,WUSHU,na
NORTHSHORE PRIMARY SCHOOL,PRIMARY,CLUBS AND SOCIETIES,ART AND CRAFTS,VISUAL ARTS CLUB
NORTHSHORE PRIMARY SCHOOL,PRIMARY,PHYSICAL SPORTS,BADMINTON,na
NORTHSHORE PRIMARY SCHOOL,PRIMARY,PHYSICAL SPORTS,BASKETBALL,na
NORTHSHORE PRIMARY SCHOOL,PRIMARY,VISUAL AND PERFORMING ARTS,CHOIR,na
NORTHSHORE PRIMARY SCHOOL,PRIMARY,CLUBS AND SOCIETIES,DIGITAL MEDIA,MEDIA & STEM
NORTHSHORE PRIMARY SCHOOL,PRIMARY,CLUBS AND SOCIETIES,ENVIRONMENTAL SCIENCE,GREEN CLUB
NORTHSHORE PRIMARY SCHOOL,PRIMARY,VISUAL AND PERFORMING ARTS,MODERN DANCE,na
NORTHSHORE PRIMARY SCHOOL,PRIMARY,PHYSICAL SPORTS,MODULAR CCA (SPORTS),na
NORTHSHORE PRIMARY SCHOOL,PRIMARY,UNIFORMED GROUPS,SCOUTS,na
NORTHSHORE PRIMARY SCHOOL,PRIMARY,VISUAL AND PERFORMING ARTS,STRING ENSEMBLE,na
NORTHSHORE PRIMARY SCHOOL,PRIMARY,PHYSICAL SPORTS,TRACK AND FIELD,na
NORTHSHORE PRIMARY SCHOOL,PRIMARY,PHYSICAL SPORTS,WUSHU,na
OASIS PRIMARY SCHOOL,PRIMARY,CLUBS AND SOCIETIES,ART AND CRAFTS,na
OASIS PRIMARY SCHOOL,PRIMARY,PHYSICAL SPORTS,BADMINTON,na
OASIS PRIMARY SCHOOL,PRIMARY,VISUAL AND PERFORMING ARTS,ENGLISH DRAMA,na
OASIS PRIMARY SCHOOL,PRIMARY,CLUBS AND SOCIETIES,ENVIRONMENTAL SCIENCE,na
OASIS PRIMARY SCHOOL,PRIMARY,PHYSICAL SPORTS,FOOTBALL,na
OASIS PRIMARY SCHOOL,PRIMARY,VISUAL AND PERFORMING ARTS,GUITAR ENSEMBLE,na
OASIS PRIMARY SCHOOL,PRIMARY,VISUAL AND PERFORMING ARTS,GUZHENG ENSEMBLE,na
OASIS PRIMARY SCHOOL,PRIMARY,PHYSICAL SPORTS,HOCKEY,na
OASIS PRIMARY SCHOOL,PRIMARY,CLUBS AND SOCIETIES,INFOCOMM TECHNOLOGY (MEDIA PRODUCTION),na
OASIS PRIMARY SCHOOL,PRIMARY,VISUAL AND PERFORMING ARTS,MODERN DANCE,na
OASIS PRIMARY SCHOOL,PRIMARY,PHYSICAL SPORTS,MODULAR CCA (SPORTS),na
OASIS PRIMARY SCHOOL,PRIMARY,CLUBS AND SOCIETIES,PUBLICATION,na
OASIS PRIMARY SCHOOL,PRIMARY,PHYSICAL SPORTS,ROCKWALL CLIMBING,na
OASIS PRIMARY SCHOOL,PRIMARY,UNIFORMED GROUPS,SCOUTS,na
OASIS PRIMARY SCHOOL,PRIMARY,PHYSICAL SPORTS,TABLE TENNIS,na
OASIS PRIMARY SCHOOL,PRIMARY,PHYSICAL SPORTS,WUSHU,na
OPERA ESTATE PRIMARY SCHOOL,PRIMARY,VISUAL AND PERFORMING ARTS,ANGKLUNG/KULINTANG ENSEMBLE,na
OPERA ESTATE PRIMARY SCHOOL,PRIMARY,CLUBS AND SOCIETIES,ART AND CRAFTS,na
OPERA ESTATE PRIMARY SCHOOL,PRIMARY,VISUAL AND PERFORMING ARTS,ENGLISH DRAMA,na
OPERA ESTATE PRIMARY SCHOOL,PRIMARY,PHYSICAL SPORTS,FLOORBALL,na
OPERA ESTATE PRIMARY SCHOOL,PRIMARY,PHYSICAL SPORTS,FOOTBALL,na
OPERA ESTATE PRIMARY SCHOOL,PRIMARY,UNIFORMED GROUPS,GIRL GUIDES (BROWNIES),na
OPERA ESTATE PRIMARY SCHOOL,PRIMARY,CLUBS AND SOCIETIES,INFOCOMM TECHNOLOGY (COMPUTING),na
OPERA ESTATE PRIMARY SCHOOL,PRIMARY,VISUAL AND PERFORMING ARTS,MODERN DANCE,na
OPERA ESTATE PRIMARY SCHOOL,PRIMARY,PHYSICAL SPORTS,NETBALL,na
OPERA ESTATE PRIMARY SCHOOL,PRIMARY,UNIFORMED GROUPS,SCOUTS,na
OPERA ESTATE PRIMARY SCHOOL,PRIMARY,CLUBS AND SOCIETIES,STRATEGY GAMES,na
OPERA ESTATE PRIMARY SCHOOL,PRIMARY,OTHERS,STUDENT LEADERSHIP (PREFECT),na
ORCHID PARK SECONDARY SCHOOL,SECONDARY (S1-S5),CLUBS AND SOCIETIES,ART AND CRAFTS,na
ORCHID PARK SECONDARY SCHOOL,SECONDARY (S1-S5),PHYSICAL SPORTS,BASKETBALL,na
ORCHID PARK SECONDARY SCHOOL,SECONDARY (S1-S5),UNIFORMED GROUPS,BOYS' BRIGADE,na
ORCHID PARK SECONDARY SCHOOL,SECONDARY (S1-S5),VISUAL AND PERFORMING ARTS,CONCERT BAND,na
ORCHID PARK SECONDARY SCHOOL,SECONDARY (S1-S5),VISUAL AND PERFORMING ARTS,ENGLISH DRAMA,na
ORCHID PARK SECONDARY SCHOOL,SECONDARY (S1-S5),PHYSICAL SPORTS,FLOORBALL,na
ORCHID PARK SECONDARY SCHOOL,SECONDARY (S1-S5),PHYSICAL SPORTS,FOOTBALL,na
ORCHID PARK SECONDARY SCHOOL,SECONDARY (S1-S5),UNIFORMED GROUPS,GIRLS' BRIGADE,na
ORCHID PARK SECONDARY SCHOOL,SECONDARY (S1-S5),VISUAL AND PERFORMING ARTS,GUITAR ENSEMBLE,na
ORCHID PARK SECONDARY SCHOOL,SECONDARY (S1-S5),PHYSICAL SPORTS,HOCKEY,na
ORCHID PARK SECONDARY SCHOOL,SECONDARY (S1-S5),CLUBS AND SOCIETIES,INFOCOMM TECHNOLOGY (MEDIA PRODUCTION),na
ORCHID PARK SECONDARY SCHOOL,SECONDARY (S1-S5),VISUAL AND PERFORMING ARTS,MODERN DANCE,na
ORCHID PARK SECONDARY SCHOOL,SECONDARY (S1-S5),CLUBS AND SOCIETIES,MODULAR CCA (C&S),na
ORCHID PARK SECONDARY SCHOOL,SECONDARY (S1-S5),UNIFORMED GROUPS,NATIONAL CADET CORPS (SEA),na
ORCHID PARK SECONDARY SCHOOL,SECONDARY (S1-S5),UNIFORMED GROUPS,NATIONAL CIVIL DEFENCE CADET CORPS,na
ORCHID PARK SECONDARY SCHOOL,SECONDARY (S1-S5),UNIFORMED GROUPS,NATIONAL POLICE CADET CORPS,na
ORCHID PARK SECONDARY SCHOOL,SECONDARY (S1-S5),PHYSICAL SPORTS,NETBALL,na
ORCHID PARK SECONDARY SCHOOL,SECONDARY (S1-S5),PHYSICAL SPORTS,SEPAKTAKRAW,na
ORCHID PARK SECONDARY SCHOOL,SECONDARY (S1-S5),CLUBS AND SOCIETIES,SINGAPORE YOUTH FLYING CLUB,na
ORCHID PARK SECONDARY SCHOOL,SECONDARY (S1-S5),PHYSICAL SPORTS,SP-CCA (ATHLETICS),na
ORCHID PARK SECONDARY SCHOOL,SECONDARY (S1-S5),OTHERS,STUDENT LEADERSHIP (COUNCIL),na
ORCHID PARK SECONDARY SCHOOL,SECONDARY (S1-S5),OTHERS,STUDENT LEADERSHIP (PEER SUPPORT),na
ORCHID PARK SECONDARY SCHOOL,SECONDARY (S1-S5),PHYSICAL SPORTS,TAEKWONDO,na
ORCHID PARK SECONDARY SCHOOL,SECONDARY (S1-S5),PHYSICAL SPORTS,VOLLEYBALL,na
ORCHID PARK SECONDARY SCHOOL,SECONDARY (S1-S5),PHYSICAL SPORTS,WUSHU,na
OUTRAM SECONDARY SCHOOL,SECONDARY (S1-S5),CLUBS AND SOCIETIES,AUDIO VISUAL AID,na
OUTRAM SECONDARY SCHOOL,SECONDARY (S1-S5),PHYSICAL SPORTS,BADMINTON,na
OUTRAM SECONDARY SCHOOL,SECONDARY (S1-S5),PHYSICAL SPORTS,BASKETBALL,na
OUTRAM SECONDARY SCHOOL,SECONDARY (S1-S5),VISUAL AND PERFORMING ARTS,CONCERT BAND,na
OUTRAM SECONDARY SCHOOL,SECONDARY (S1-S5),PHYSICAL SPORTS,FRISBEE,na
OUTRAM SECONDARY SCHOOL,SECONDARY (S1-S5),VISUAL AND PERFORMING ARTS,MODERN DANCE,na
OUTRAM SECONDARY SCHOOL,SECONDARY (S1-S5),UNIFORMED GROUPS,NATIONAL CADET CORPS (LAND),na
OUTRAM SECONDARY SCHOOL,SECONDARY (S1-S5),UNIFORMED GROUPS,NATIONAL CIVIL DEFENCE CADET CORPS,na
OUTRAM SECONDARY SCHOOL,SECONDARY (S1-S5),UNIFORMED GROUPS,NATIONAL POLICE CADET CORPS,na
OUTRAM SECONDARY SCHOOL,SECONDARY (S1-S5),PHYSICAL SPORTS,NETBALL,na
OUTRAM SECONDARY SCHOOL,SECONDARY (S1-S5),CLUBS AND SOCIETIES,PHOTOGRAPHY,na
OUTRAM SECONDARY SCHOOL,SECONDARY (S1-S5),PHYSICAL SPORTS,ROCKWALL CLIMBING,na
OUTRAM SECONDARY SCHOOL,SECONDARY (S1-S5),OTHERS,STUDENT LEADERSHIP (COUNCIL),na
OUTRAM SECONDARY SCHOOL,SECONDARY (S1-S5),OTHERS,STUDENT LEADERSHIP (HOUSE),na
OUTRAM SECONDARY SCHOOL,SECONDARY (S1-S5),OTHERS,STUDENT LEADERSHIP (PEER SUPPORT),na
OUTRAM SECONDARY SCHOOL,SECONDARY (S1-S5),PHYSICAL SPORTS,SWIMMING,na
OUTRAM SECONDARY SCHOOL,SECONDARY (S1-S5),PHYSICAL SPORTS,WATER POLO,na
PALM VIEW PRIMARY SCHOOL,PRIMARY,CLUBS AND SOCIETIES,ART AND CRAFTS,na
PALM VIEW PRIMARY SCHOOL,PRIMARY,PHYSICAL SPORTS,BADMINTON,na
PALM VIEW PRIMARY SCHOOL,PRIMARY,PHYSICAL SPORTS,BASKETBALL,na
PALM VIEW PRIMARY SCHOOL,PRIMARY,VISUAL AND PERFORMING ARTS,CHOIR,na
PALM VIEW PRIMARY SCHOOL,PRIMARY,VISUAL AND PERFORMING ARTS,ENGLISH DRAMA,na
PALM VIEW PRIMARY SCHOOL,PRIMARY,PHYSICAL SPORTS,FOOTBALL,na
PALM VIEW PRIMARY SCHOOL,PRIMARY,CLUBS AND SOCIETIES,INFOCOMM TECHNOLOGY (MEDIA PRODUCTION),na
PALM VIEW PRIMARY SCHOOL,PRIMARY,VISUAL AND PERFORMING ARTS,MODERN DANCE,na
PALM VIEW PRIMARY SCHOOL,PRIMARY,PHYSICAL SPORTS,NETBALL,na
PALM VIEW PRIMARY SCHOOL,PRIMARY,CLUBS AND SOCIETIES,PHYSICAL SCIENCE,na
PALM VIEW PRIMARY SCHOOL,PRIMARY,CLUBS AND SOCIETIES,ROBOTICS,na
PALM VIEW PRIMARY SCHOOL,PRIMARY,OTHERS,STUDENT LEADERSHIP (PREFECT),na
PALM VIEW PRIMARY SCHOOL,PRIMARY,PHYSICAL SPORTS,TABLE TENNIS,na
PARK VIEW PRIMARY SCHOOL,PRIMARY,CLUBS AND SOCIETIES,ART AND CRAFTS,na
PARK VIEW PRIMARY SCHOOL,PRIMARY,VISUAL AND PERFORMING ARTS,CHOIR,Show Choir
PARK VIEW PRIMARY SCHOOL,PRIMARY,CLUBS AND SOCIETIES,COMMUNITY SERVICE,Student Leadership Council (SLC)
PARK VIEW PRIMARY SCHOOL,PRIMARY,CLUBS AND SOCIETIES,"ENGLISH LANGUAGE, DRAMA AND DEBATING",Drama Club
PARK VIEW PRIMARY SCHOOL,PRIMARY,CLUBS AND SOCIETIES,ENVIRONMENTAL SCIENCE,Environment Club
PARK VIEW PRIMARY SCHOOL,PRIMARY,PHYSICAL SPORTS,FLOORBALL,na
PARK VIEW PRIMARY SCHOOL,PRIMARY,PHYSICAL SPORTS,FOOTBALL,na
PARK VIEW PRIMARY SCHOOL,PRIMARY,VISUAL AND PERFORMING ARTS,GUZHENG ENSEMBLE,na
PARK VIEW PRIMARY SCHOOL,PRIMARY,CLUBS AND SOCIETIES,INFOCOMM TECHNOLOGY (MEDIA PRODUCTION),Infocomm Club
PARK VIEW PRIMARY SCHOOL,PRIMARY,CLUBS AND SOCIETIES,MATHEMATICS,na
PARK VIEW PRIMARY SCHOOL,PRIMARY,VISUAL AND PERFORMING ARTS,MODERN DANCE,Creative Dance
PARK VIEW PRIMARY SCHOOL,PRIMARY,PHYSICAL SPORTS,NETBALL,na
PARK VIEW PRIMARY SCHOOL,PRIMARY,UNIFORMED GROUPS,SCOUTS,na
PARK VIEW PRIMARY SCHOOL,PRIMARY,OTHERS,STUDENT LEADERSHIP (COUNCIL),na
PARK VIEW PRIMARY SCHOOL,PRIMARY,OTHERS,STUDENT LEADERSHIP (HOUSE),na
PARK VIEW PRIMARY SCHOOL,PRIMARY,OTHERS,STUDENT LEADERSHIP (PEER SUPPORT),na
PARK VIEW PRIMARY SCHOOL,PRIMARY,OTHERS,STUDENT LEADERSHIP (PREFECT),na
PARK VIEW PRIMARY SCHOOL,PRIMARY,PHYSICAL SPORTS,VOLLEYBALL,na
PARK VIEW PRIMARY SCHOOL,PRIMARY,PHYSICAL SPORTS,WUSHU,na
PASIR RIS CREST SECONDARY SCHOOL,SECONDARY (S1-S5),CLUBS AND SOCIETIES,AUDIO VISUAL AID,AV/PA CLUB
PASIR RIS CREST SECONDARY SCHOOL,SECONDARY (S1-S5),PHYSICAL SPORTS,BOWLING,na
PASIR RIS CREST SECONDARY SCHOOL,SECONDARY (S1-S5),VISUAL AND PERFORMING ARTS,CHINESE ORCHESTRA,na
PASIR RIS CREST SECONDARY SCHOOL,SECONDARY (S1-S5),VISUAL AND PERFORMING ARTS,CHOIR,na
PASIR RIS CREST SECONDARY SCHOOL,SECONDARY (S1-S5),VISUAL AND PERFORMING ARTS,CONCERT BAND,na
PASIR RIS CREST SECONDARY SCHOOL,SECONDARY (S1-S5),CLUBS AND SOCIETIES,DEBATING AND PUBLIC SPEAKING,MEDIA COMMUNICATIONS CLUB
PASIR RIS CREST SECONDARY SCHOOL,SECONDARY (S1-S5),VISUAL AND PERFORMING ARTS,ENGLISH DRAMA,na
PASIR RIS CREST SECONDARY SCHOOL,SECONDARY (S1-S5),PHYSICAL SPORTS,FENCING,na
PASIR RIS CREST SECONDARY SCHOOL,SECONDARY (S1-S5),UNIFORMED GROUPS,GIRL GUIDES,na
PASIR RIS CREST SECONDARY SCHOOL,SECONDARY (S1-S5),VISUAL AND PERFORMING ARTS,GUZHENG ENSEMBLE,na
PASIR RIS CREST SECONDARY SCHOOL,SECONDARY (S1-S5),VISUAL AND PERFORMING ARTS,MODERN DANCE,na
PASIR RIS CREST SECONDARY SCHOOL,SECONDARY (S1-S5),UNIFORMED GROUPS,NATIONAL CADET CORPS (LAND),na
PASIR RIS CREST SECONDARY SCHOOL,SECONDARY (S1-S5),UNIFORMED GROUPS,NATIONAL POLICE CADET CORPS,na
PASIR RIS CREST SECONDARY SCHOOL,SECONDARY (S1-S5),PHYSICAL SPORTS,NETBALL,na
PASIR RIS CREST SECONDARY SCHOOL,SECONDARY (S1-S5),PHYSICAL SPORTS,SAILING,na
PASIR RIS CREST SECONDARY SCHOOL,SECONDARY (S1-S5),CLUBS AND SOCIETIES,SINGAPORE YOUTH FLYING CLUB,na
PASIR RIS CREST SECONDARY SCHOOL,SECONDARY (S1-S5),PHYSICAL SPORTS,SOFTBALL,na
PASIR RIS CREST SECONDARY SCHOOL,SECONDARY (S1-S5),PHYSICAL SPORTS,SP-CCA (ATHLETICS),na
PASIR RIS CREST SECONDARY SCHOOL,SECONDARY (S1-S5),UNIFORMED GROUPS,ST JOHN BRIGADE,na
PASIR RIS CREST SECONDARY SCHOOL,SECONDARY (S1-S5),PHYSICAL SPORTS,TABLE TENNIS,na
PASIR RIS CREST SECONDARY SCHOOL,SECONDARY (S1-S5),PHYSICAL SPORTS,TAEKWONDO,na
PASIR RIS CREST SECONDARY SCHOOL,SECONDARY (S1-S5),PHYSICAL SPORTS,TRACK AND FIELD,na
PASIR RIS CREST SECONDARY SCHOOL,SECONDARY (S1-S5),PHYSICAL SPORTS,VOLLEYBALL,na
PASIR RIS PRIMARY SCHOOL,PRIMARY,CLUBS AND SOCIETIES,ART AND CRAFTS,na
PASIR RIS PRIMARY SCHOOL,PRIMARY,PHYSICAL SPORTS,ARTISTIC GYMNASTICS,na
PASIR RIS PRIMARY SCHOOL,PRIMARY,VISUAL AND PERFORMING ARTS,CHOIR,na
PASIR RIS PRIMARY SCHOOL,PRIMARY,VISUAL AND PERFORMING ARTS,CULTURAL DANCE,na
PASIR RIS PRIMARY SCHOOL,PRIMARY,PHYSICAL SPORTS,FLOORBALL,na
PASIR RIS PRIMARY SCHOOL,PRIMARY,PHYSICAL SPORTS,FOOTBALL,na
PASIR RIS PRIMARY SCHOOL,PRIMARY,VISUAL AND PERFORMING ARTS,GUZHENG ENSEMBLE,na
PASIR RIS PRIMARY SCHOOL,PRIMARY,CLUBS AND SOCIETIES,INFOCOMM TECHNOLOGY (MEDIA PRODUCTION),na
PASIR RIS PRIMARY SCHOOL,PRIMARY,CLUBS AND SOCIETIES,INTERNATIONAL CHESS,na
PASIR RIS PRIMARY SCHOOL,PRIMARY,PHYSICAL SPORTS,NETBALL,na
PASIR RIS PRIMARY SCHOOL,PRIMARY,PHYSICAL SPORTS,OUTDOOR ADVENTURE,na
PASIR RIS PRIMARY SCHOOL,PRIMARY,PHYSICAL SPORTS,ROPE SKIPPING,na
PASIR RIS PRIMARY SCHOOL,PRIMARY,PHYSICAL SPORTS,SAILING,na
PASIR RIS PRIMARY SCHOOL,PRIMARY,CLUBS AND SOCIETIES,SPEECH AND DRAMA,na
PASIR RIS PRIMARY SCHOOL,PRIMARY,OTHERS,STUDENT LEADERSHIP (PREFECT),na
PASIR RIS PRIMARY SCHOOL,PRIMARY,PHYSICAL SPORTS,SWIMMING,na
PASIR RIS PRIMARY SCHOOL,PRIMARY,PHYSICAL SPORTS,TABLE TENNIS,na
PASIR RIS PRIMARY SCHOOL,PRIMARY,PHYSICAL SPORTS,TAEKWONDO,na
PASIR RIS PRIMARY SCHOOL,PRIMARY,PHYSICAL SPORTS,TENNIS,na
PASIR RIS PRIMARY SCHOOL,PRIMARY,PHYSICAL SPORTS,TRACK AND FIELD,na
PASIR RIS PRIMARY SCHOOL,PRIMARY,PHYSICAL SPORTS,WUSHU,na
PASIR RIS SECONDARY SCHOOL,SECONDARY (S1-S5),PHYSICAL SPORTS,BADMINTON,na
PASIR RIS SECONDARY SCHOOL,SECONDARY (S1-S5),PHYSICAL SPORTS,BASKETBALL,na
PASIR RIS SECONDARY SCHOOL,SECONDARY (S1-S5),VISUAL AND PERFORMING ARTS,CHINESE ORCHESTRA,na
PASIR RIS SECONDARY SCHOOL,SECONDARY (S1-S5),VISUAL AND PERFORMING ARTS,CHOIR,na
PASIR RIS SECONDARY SCHOOL,SECONDARY (S1-S5),VISUAL AND PERFORMING ARTS,CONCERT BAND,na
PASIR RIS SECONDARY SCHOOL,SECONDARY (S1-S5),CLUBS AND SOCIETIES,DESIGN AND INNOVATION,TINKERS CLUB
PASIR RIS SECONDARY SCHOOL,SECONDARY (S1-S5),VISUAL AND PERFORMING ARTS,ENGLISH DRAMA,na
PASIR RIS SECONDARY SCHOOL,SECONDARY (S1-S5),PHYSICAL SPORTS,FLOORBALL,na
PASIR RIS SECONDARY SCHOOL,SECONDARY (S1-S5),PHYSICAL SPORTS,FOOTBALL,na
PASIR RIS SECONDARY SCHOOL,SECONDARY (S1-S5),CLUBS AND SOCIETIES,INFOCOMM TECHNOLOGY (MEDIA PRODUCTION),AUDIO VISUAL LIGHTS
PASIR RIS SECONDARY SCHOOL,SECONDARY (S1-S5),VISUAL AND PERFORMING ARTS,MODERN DANCE,na
PASIR RIS SECONDARY SCHOOL,SECONDARY (S1-S5),UNIFORMED GROUPS,NATIONAL CADET CORPS (LAND),na
PASIR RIS SECONDARY SCHOOL,SECONDARY (S1-S5),UNIFORMED GROUPS,NATIONAL CIVIL DEFENCE CADET CORPS,na
PASIR RIS SECONDARY SCHOOL,SECONDARY (S1-S5),UNIFORMED GROUPS,NATIONAL POLICE CADET CORPS,na
PASIR RIS SECONDARY SCHOOL,SECONDARY (S1-S5),PHYSICAL SPORTS,NETBALL,na
PASIR RIS SECONDARY SCHOOL,SECONDARY (S1-S5),VISUAL AND PERFORMING ARTS,SINGAPORE NATIONAL YOUTH ORCHESTRA,na
PASIR RIS SECONDARY SCHOOL,SECONDARY (S1-S5),CLUBS AND SOCIETIES,SINGAPORE YOUTH FLYING CLUB,na
PASIR RIS SECONDARY SCHOOL,SECONDARY (S1-S5),PHYSICAL SPORTS,SP-CCA (ATHLETICS),na
PASIR RIS SECONDARY SCHOOL,SECONDARY (S1-S5),PHYSICAL SPORTS,SP-CCA (CANOEING),na
PASIR RIS SECONDARY SCHOOL,SECONDARY (S1-S5),PHYSICAL SPORTS,SP-CCA (WATER POLO),na
PASIR RIS SECONDARY SCHOOL,SECONDARY (S1-S5),OTHERS,STUDENT LEADERSHIP (COUNCIL),na
PASIR RIS SECONDARY SCHOOL,SECONDARY (S1-S5),PHYSICAL SPORTS,VOLLEYBALL,na
PAYA LEBAR METHODIST GIRLS' SCHOOL (PRIMARY),PRIMARY,VISUAL AND PERFORMING ARTS,ANGKLUNG/KULINTANG ENSEMBLE,na
PAYA LEBAR METHODIST GIRLS' SCHOOL (PRIMARY),PRIMARY,CLUBS AND SOCIETIES,ART AND CRAFTS,na
PAYA LEBAR METHODIST GIRLS' SCHOOL (PRIMARY),PRIMARY,PHYSICAL SPORTS,BADMINTON,na
PAYA LEBAR METHODIST GIRLS' SCHOOL (PRIMARY),PRIMARY,VISUAL AND PERFORMING ARTS,CHOIR,na
PAYA LEBAR METHODIST GIRLS' SCHOOL (PRIMARY),PRIMARY,CLUBS AND SOCIETIES,"ENGLISH LANGUAGE, DRAMA AND DEBATING",na
PAYA LEBAR METHODIST GIRLS' SCHOOL (PRIMARY),PRIMARY,CLUBS AND SOCIETIES,ENVIRONMENTAL SCIENCE,ENVIRONMENTCLUB
PAYA LEBAR METHODIST GIRLS' SCHOOL (PRIMARY),PRIMARY,CLUBS AND SOCIETIES,FAITH-BASED CCA,CHRISTIAN FELLOWSHIP
PAYA LEBAR METHODIST GIRLS' SCHOOL (PRIMARY),PRIMARY,UNIFORMED GROUPS,GIRLS' BRIGADE,na
PAYA LEBAR METHODIST GIRLS' SCHOOL (PRIMARY),PRIMARY,VISUAL AND PERFORMING ARTS,HANDBELL ENSEMBLE,na
PAYA LEBAR METHODIST GIRLS' SCHOOL (PRIMARY),PRIMARY,CLUBS AND SOCIETIES,INFOCOMM TECHNOLOGY (COMPUTING),INNOVATION CLUB
PAYA LEBAR METHODIST GIRLS' SCHOOL (PRIMARY),PRIMARY,VISUAL AND PERFORMING ARTS,MODERN DANCE,INTERNATIONAL DANCE
PAYA LEBAR METHODIST GIRLS' SCHOOL (PRIMARY),PRIMARY,PHYSICAL SPORTS,MODULAR CCA (SPORTS),na
PAYA LEBAR METHODIST GIRLS' SCHOOL (PRIMARY),PRIMARY,PHYSICAL SPORTS,NETBALL,na
PAYA LEBAR METHODIST GIRLS' SCHOOL (PRIMARY),PRIMARY,PHYSICAL SPORTS,RHYTHMIC GYMNASTICS,na
PAYA LEBAR METHODIST GIRLS' SCHOOL (PRIMARY),PRIMARY,PHYSICAL SPORTS,ROPE SKIPPING,na
PAYA LEBAR METHODIST GIRLS' SCHOOL (PRIMARY),PRIMARY,VISUAL AND PERFORMING ARTS,STRING ENSEMBLE,na
PAYA LEBAR METHODIST GIRLS' SCHOOL (PRIMARY),PRIMARY,OTHERS,STUDENT LEADERSHIP (PREFECT),na
PAYA LEBAR METHODIST GIRLS' SCHOOL (PRIMARY),PRIMARY,PHYSICAL SPORTS,TABLE TENNIS,na
PAYA LEBAR METHODIST GIRLS' SCHOOL (PRIMARY),PRIMARY,PHYSICAL SPORTS,TRACK AND FIELD,na
PAYA LEBAR METHODIST GIRLS' SCHOOL (SECONDARY),SECONDARY (S1-S5),PHYSICAL SPORTS,BADMINTON,na
PAYA LEBAR METHODIST GIRLS' SCHOOL (SECONDARY),SECONDARY (S1-S5),VISUAL AND PERFORMING ARTS,CHINESE DRAMA,na
PAYA LEBAR METHODIST GIRLS' SCHOOL (SECONDARY),SECONDARY (S1-S5),VISUAL AND PERFORMING ARTS,CHOIR,na
PAYA LEBAR METHODIST GIRLS' SCHOOL (SECONDARY),SECONDARY (S1-S5),VISUAL AND PERFORMING ARTS,CONCERT BAND,na
PAYA LEBAR METHODIST GIRLS' SCHOOL (SECONDARY),SECONDARY (S1-S5),VISUAL AND PERFORMING ARTS,ENGLISH DRAMA,na
PAYA LEBAR METHODIST GIRLS' SCHOOL (SECONDARY),SECONDARY (S1-S5),CLUBS AND SOCIETIES,"ENGLISH LANGUAGE, DRAMA AND DEBATING",na
PAYA LEBAR METHODIST GIRLS' SCHOOL (SECONDARY),SECONDARY (S1-S5),UNIFORMED GROUPS,GIRLS' BRIGADE,na
PAYA LEBAR METHODIST GIRLS' SCHOOL (SECONDARY),SECONDARY (S1-S5),VISUAL AND PERFORMING ARTS,GUITAR ENSEMBLE,na
PAYA LEBAR METHODIST GIRLS' SCHOOL (SECONDARY),SECONDARY (S1-S5),VISUAL AND PERFORMING ARTS,GUZHENG ENSEMBLE,na
PAYA LEBAR METHODIST GIRLS' SCHOOL (SECONDARY),SECONDARY (S1-S5),VISUAL AND PERFORMING ARTS,HANDBELL ENSEMBLE,na
PAYA LEBAR METHODIST GIRLS' SCHOOL (SECONDARY),SECONDARY (S1-S5),VISUAL AND PERFORMING ARTS,HARP ENSEMBLE,na
PAYA LEBAR METHODIST GIRLS' SCHOOL (SECONDARY),SECONDARY (S1-S5),CLUBS AND SOCIETIES,INFOCOMM TECHNOLOGY (MEDIA PRODUCTION),na
PAYA LEBAR METHODIST GIRLS' SCHOOL (SECONDARY),SECONDARY (S1-S5),VISUAL AND PERFORMING ARTS,MODERN DANCE,na
PAYA LEBAR METHODIST GIRLS' SCHOOL (SECONDARY),SECONDARY (S1-S5),UNIFORMED GROUPS,NATIONAL POLICE CADET CORPS,na
PAYA LEBAR METHODIST GIRLS' SCHOOL (SECONDARY),SECONDARY (S1-S5),PHYSICAL SPORTS,NETBALL,na
PAYA LEBAR METHODIST GIRLS' SCHOOL (SECONDARY),SECONDARY (S1-S5),PHYSICAL SPORTS,RHYTHMIC GYMNASTICS,na
PAYA LEBAR METHODIST GIRLS' SCHOOL (SECONDARY),SECONDARY (S1-S5),UNIFORMED GROUPS,ST JOHN BRIGADE,na
PAYA LEBAR METHODIST GIRLS' SCHOOL (SECONDARY),SECONDARY (S1-S5),PHYSICAL SPORTS,SWIMMING,na
PAYA LEBAR METHODIST GIRLS' SCHOOL (SECONDARY),SECONDARY (S1-S5),PHYSICAL SPORTS,TABLE TENNIS,na
PAYA LEBAR METHODIST GIRLS' SCHOOL (SECONDARY),SECONDARY (S1-S5),PHYSICAL SPORTS,TRACK AND FIELD,na
PAYA LEBAR METHODIST GIRLS' SCHOOL (SECONDARY),SECONDARY (S1-S5),PHYSICAL SPORTS,VOLLEYBALL,na
PEI CHUN PUBLIC SCHOOL,PRIMARY,CLUBS AND SOCIETIES,ART AND CRAFTS,na
PEI CHUN PUBLIC SCHOOL,PRIMARY,PHYSICAL SPORTS,BASKETBALL,na
PEI CHUN PUBLIC SCHOOL,PRIMARY,CLUBS AND SOCIETIES,CHINESE CALLIGRAPHY AND BRUSH PAINTING,CHINESE INK BRUSH PAINTING
PEI CHUN PUBLIC SCHOOL,PRIMARY,VISUAL AND PERFORMING ARTS,CHINESE DANCE,na
PEI CHUN PUBLIC SCHOOL,PRIMARY,VISUAL AND PERFORMING ARTS,CHINESE ORCHESTRA,na
PEI CHUN PUBLIC SCHOOL,PRIMARY,VISUAL AND PERFORMING ARTS,CHOIR,na
PEI CHUN PUBLIC SCHOOL,PRIMARY,CLUBS AND SOCIETIES,ENVIRONMENTAL SCIENCE,SCIENCE AND GARDENING CLUB
PEI CHUN PUBLIC SCHOOL,PRIMARY,CLUBS AND SOCIETIES,INFOCOMM TECHNOLOGY (MEDIA PRODUCTION),#DIGI.ME CLUB
PEI CHUN PUBLIC SCHOOL,PRIMARY,PHYSICAL SPORTS,MODULAR CCA (SPORTS),LET'S PLAY SPORTS
PEI CHUN PUBLIC SCHOOL,PRIMARY,UNIFORMED GROUPS,SCOUTS,na
PEI CHUN PUBLIC SCHOOL,PRIMARY,CLUBS AND SOCIETIES,STRATEGY GAMES,STRATEGIC BOARD GAMES
PEI CHUN PUBLIC SCHOOL,PRIMARY,OTHERS,STUDENT LEADERSHIP (HOUSE),STUDENT LEADERSHIP (PAM)
PEI CHUN PUBLIC SCHOOL,PRIMARY,OTHERS,STUDENT LEADERSHIP (PEER SUPPORT),STUDENT LEADERSHIP (PEER SUPPORT)
PEI CHUN PUBLIC SCHOOL,PRIMARY,OTHERS,STUDENT LEADERSHIP (PREFECT),STUDENT LEADERSHIP (PREFECTORIAL)
PEI CHUN PUBLIC SCHOOL,PRIMARY,PHYSICAL SPORTS,TABLE TENNIS,na
PEI CHUN PUBLIC SCHOOL,PRIMARY,PHYSICAL SPORTS,VOLLEYBALL,na
PEI CHUN PUBLIC SCHOOL,PRIMARY,PHYSICAL SPORTS,WUSHU,na
PEI HWA PRESBYTERIAN PRIMARY SCHOOL,PRIMARY,CLUBS AND SOCIETIES,ART AND CRAFTS,na
PEI HWA PRESBYTERIAN PRIMARY SCHOOL,PRIMARY,PHYSICAL SPORTS,BASKETBALL,na
PEI HWA PRESBYTERIAN PRIMARY SCHOOL,PRIMARY,UNIFORMED GROUPS,BOYS' BRIGADE,na
PEI HWA PRESBYTERIAN PRIMARY SCHOOL,PRIMARY,CLUBS AND SOCIETIES,CHINESE CULTURE AND LANGUAGE,na
PEI HWA PRESBYTERIAN PRIMARY SCHOOL,PRIMARY,VISUAL AND PERFORMING ARTS,CHINESE DANCE,na
PEI HWA PRESBYTERIAN PRIMARY SCHOOL,PRIMARY,VISUAL AND PERFORMING ARTS,CHINESE DRUMS,na
PEI HWA PRESBYTERIAN PRIMARY SCHOOL,PRIMARY,VISUAL AND PERFORMING ARTS,CHOIR,na
PEI HWA PRESBYTERIAN PRIMARY SCHOOL,PRIMARY,VISUAL AND PERFORMING ARTS,ENGLISH DRAMA,na
PEI HWA PRESBYTERIAN PRIMARY SCHOOL,PRIMARY,CLUBS AND SOCIETIES,FAITH-BASED CCA,na
PEI HWA PRESBYTERIAN PRIMARY SCHOOL,PRIMARY,UNIFORMED GROUPS,GIRLS' BRIGADE,na
PEI HWA PRESBYTERIAN PRIMARY SCHOOL,PRIMARY,VISUAL AND PERFORMING ARTS,GUITAR ENSEMBLE,na
PEI HWA PRESBYTERIAN PRIMARY SCHOOL,PRIMARY,VISUAL AND PERFORMING ARTS,GUZHENG ENSEMBLE,na
PEI HWA PRESBYTERIAN PRIMARY SCHOOL,PRIMARY,CLUBS AND SOCIETIES,INFOCOMM TECHNOLOGY (MEDIA PRODUCTION),na
PEI HWA PRESBYTERIAN PRIMARY SCHOOL,PRIMARY,VISUAL AND PERFORMING ARTS,MODERN DANCE,na
PEI HWA PRESBYTERIAN PRIMARY SCHOOL,PRIMARY,PHYSICAL SPORTS,RHYTHMIC GYMNASTICS,na
PEI HWA PRESBYTERIAN PRIMARY SCHOOL,PRIMARY,CLUBS AND SOCIETIES,ROBOTICS,na
PEI HWA PRESBYTERIAN PRIMARY SCHOOL,PRIMARY,PHYSICAL SPORTS,TABLE TENNIS,na
PEI HWA PRESBYTERIAN PRIMARY SCHOOL,PRIMARY,PHYSICAL SPORTS,TCHOUKBALL,na
PEI HWA PRESBYTERIAN PRIMARY SCHOOL,PRIMARY,PHYSICAL SPORTS,TRACK AND FIELD,na
PEI HWA PRESBYTERIAN PRIMARY SCHOOL,PRIMARY,PHYSICAL SPORTS,WUSHU,na
PEI HWA SECONDARY SCHOOL,SECONDARY (S1-S5),CLUBS AND SOCIETIES,ART AND CRAFTS,PEI HWA ART COUNCIL
PEI HWA SECONDARY SCHOOL,SECONDARY (S1-S5),PHYSICAL SPORTS,BADMINTON,na
PEI HWA SECONDARY SCHOOL,SECONDARY (S1-S5),PHYSICAL SPORTS,BASKETBALL,na
PEI HWA SECONDARY SCHOOL,SECONDARY (S1-S5),VISUAL AND PERFORMING ARTS,CHOIR,PEI HWA VOICES
PEI HWA SECONDARY SCHOOL,SECONDARY (S1-S5),VISUAL AND PERFORMING ARTS,CONCERT BAND,SYMPHONIC BAND
PEI HWA SECONDARY SCHOOL,SECONDARY (S1-S5),PHYSICAL SPORTS,FLOORBALL,na
PEI HWA SECONDARY SCHOOL,SECONDARY (S1-S5),PHYSICAL SPORTS,FOOTBALL,na
PEI HWA SECONDARY SCHOOL,SECONDARY (S1-S5),VISUAL AND PERFORMING ARTS,GUZHENG ENSEMBLE,na
PEI HWA SECONDARY SCHOOL,SECONDARY (S1-S5),CLUBS AND SOCIETIES,INFOCOMM TECHNOLOGY (MEDIA PRODUCTION),INFOCOMM CLUB
PEI HWA SECONDARY SCHOOL,SECONDARY (S1-S5),CLUBS AND SOCIETIES,JOURNALISM,PEI HWA TIMES
PEI HWA SECONDARY SCHOOL,SECONDARY (S1-S5),VISUAL AND PERFORMING ARTS,MODERN DANCE,DANCE SOCIETY
PEI HWA SECONDARY SCHOOL,SECONDARY (S1-S5),UNIFORMED GROUPS,NATIONAL CADET CORPS (LAND),na
PEI HWA SECONDARY SCHOOL,SECONDARY (S1-S5),UNIFORMED GROUPS,NATIONAL CIVIL DEFENCE CADET CORPS,na
PEI HWA SECONDARY SCHOOL,SECONDARY (S1-S5),UNIFORMED GROUPS,NATIONAL POLICE CADET CORPS,na
PEI HWA SECONDARY SCHOOL,SECONDARY (S1-S5),PHYSICAL SPORTS,OUTDOOR ADVENTURE,OUTDOOR ACTIVITIES CLUB
PEI HWA SECONDARY SCHOOL,SECONDARY (S1-S5),CLUBS AND SOCIETIES,ROBOTICS,ROBOTICS CLUB
PEI HWA SECONDARY SCHOOL,SECONDARY (S1-S5),CLUBS AND SOCIETIES,SINGAPORE YOUTH FLYING CLUB,na
PEI HWA SECONDARY SCHOOL,SECONDARY (S1-S5),PHYSICAL SPORTS,SP-CCA (ATHLETICS),na
PEI HWA SECONDARY SCHOOL,SECONDARY (S1-S5),PHYSICAL SPORTS,SP-CCA (WATER POLO),na
PEI HWA SECONDARY SCHOOL,SECONDARY (S1-S5),CLUBS AND SOCIETIES,SPEECH AND DRAMA,DRAMA SOCIETY
PEI HWA SECONDARY SCHOOL,SECONDARY (S1-S5),OTHERS,STUDENT INITIATED ACTIVITIES (CLUBS & SOCIETIES),na
PEI HWA SECONDARY SCHOOL,SECONDARY (S1-S5),OTHERS,STUDENT INITIATED ACTIVITIES (PHYSICAL SPORTS AND OUTDOORS),na
PEI HWA SECONDARY SCHOOL,SECONDARY (S1-S5),OTHERS,STUDENT INITIATED ACTIVITIES (VISUAL & PERFORMING ARTS),na
PEI HWA SECONDARY SCHOOL,SECONDARY (S1-S5),OTHERS,STUDENT LEADERSHIP (COUNCIL),STUDENT COUNCIL
PEI HWA SECONDARY SCHOOL,SECONDARY (S1-S5),OTHERS,STUDENT LEADERSHIP (HOUSE),na
PEI HWA SECONDARY SCHOOL,SECONDARY (S1-S5),OTHERS,STUDENT LEADERSHIP (PEER SUPPORT),na
PEI HWA SECONDARY SCHOOL,SECONDARY (S1-S5),OTHERS,STUDENT LEADERSHIP (PREFECT),na
PEI HWA SECONDARY SCHOOL,SECONDARY (S1-S5),PHYSICAL SPORTS,TABLE TENNIS,na
PEI HWA SECONDARY SCHOOL,SECONDARY (S1-S5),PHYSICAL SPORTS,TAEKWONDO,na
PEI HWA SECONDARY SCHOOL,SECONDARY (S1-S5),PHYSICAL SPORTS,WUSHU,na
PEI TONG PRIMARY SCHOOL,PRIMARY,CLUBS AND SOCIETIES,ART AND CRAFTS,na
PEI TONG PRIMARY SCHOOL,PRIMARY,PHYSICAL SPORTS,BADMINTON,na
PEI TONG PRIMARY SCHOOL,PRIMARY,PHYSICAL SPORTS,BASKETBALL,na
PEI TONG PRIMARY SCHOOL,PRIMARY,UNIFORMED GROUPS,BOYS' BRIGADE,na
PEI TONG PRIMARY SCHOOL,PRIMARY,VISUAL AND PERFORMING ARTS,CHOIR,na
PEI TONG PRIMARY SCHOOL,PRIMARY,CLUBS AND SOCIETIES,"ENGLISH LANGUAGE, DRAMA AND DEBATING",DRAMA
PEI TONG PRIMARY SCHOOL,PRIMARY,CLUBS AND SOCIETIES,ENVIRONMENTAL SCIENCE,na
PEI TONG PRIMARY SCHOOL,PRIMARY,PHYSICAL SPORTS,FOOTBALL,na
PEI TONG PRIMARY SCHOOL,PRIMARY,UNIFORMED GROUPS,GIRL GUIDES (BROWNIES),BROWNIES
PEI TONG PRIMARY SCHOOL,PRIMARY,UNIFORMED GROUPS,GIRLS' BRIGADE,na
PEI TONG PRIMARY SCHOOL,PRIMARY,CLUBS AND SOCIETIES,INFOCOMM TECHNOLOGY (MEDIA PRODUCTION),INFO COMM
PEI TONG PRIMARY SCHOOL,PRIMARY,VISUAL AND PERFORMING ARTS,MODERN DANCE,na
PEI TONG PRIMARY SCHOOL,PRIMARY,VISUAL AND PERFORMING ARTS,PERCUSSION ENSEMBLE,na
PEI TONG PRIMARY SCHOOL,PRIMARY,PHYSICAL SPORTS,TABLE TENNIS,na
PEICAI SECONDARY SCHOOL,SECONDARY (S1-S5),CLUBS AND SOCIETIES,AERO-MODELLING,na
PEICAI SECONDARY SCHOOL,SECONDARY (S1-S5),CLUBS AND SOCIETIES,ART AND CRAFTS,na
PEICAI SECONDARY SCHOOL,SECONDARY (S1-S5),PHYSICAL SPORTS,BADMINTON,na
PEICAI SECONDARY SCHOOL,SECONDARY (S1-S5),PHYSICAL SPORTS,BASKETBALL,na
PEICAI SECONDARY SCHOOL,SECONDARY (S1-S5),VISUAL AND PERFORMING ARTS,CONCERT BAND,na
PEICAI SECONDARY SCHOOL,SECONDARY (S1-S5),CLUBS AND SOCIETIES,DEBATING AND PUBLIC SPEAKING,na
PEICAI SECONDARY SCHOOL,SECONDARY (S1-S5),VISUAL AND PERFORMING ARTS,ENGLISH DRAMA,na
PEICAI SECONDARY SCHOOL,SECONDARY (S1-S5),PHYSICAL SPORTS,FLOORBALL,na
PEICAI SECONDARY SCHOOL,SECONDARY (S1-S5),UNIFORMED GROUPS,GIRL GUIDES,na
PEICAI SECONDARY SCHOOL,SECONDARY (S1-S5),CLUBS AND SOCIETIES,INFOCOMM TECHNOLOGY (MEDIA PRODUCTION),na
PEICAI SECONDARY SCHOOL,SECONDARY (S1-S5),VISUAL AND PERFORMING ARTS,MODERN DANCE,na
PEICAI SECONDARY SCHOOL,SECONDARY (S1-S5),UNIFORMED GROUPS,NATIONAL CADET CORPS (SEA),na
PEICAI SECONDARY SCHOOL,SECONDARY (S1-S5),UNIFORMED GROUPS,NATIONAL POLICE CADET CORPS,na
PEICAI SECONDARY SCHOOL,SECONDARY (S1-S5),PHYSICAL SPORTS,SOFTBALL,na
PEICAI SECONDARY SCHOOL,SECONDARY (S1-S5),PHYSICAL SPORTS,SP-CCA (ATHLETICS),na
PEICAI SECONDARY SCHOOL,SECONDARY (S1-S5),PHYSICAL SPORTS,SP-CCA (WATER POLO),na
PEICAI SECONDARY SCHOOL,SECONDARY (S1-S5),OTHERS,STUDENT LEADERSHIP (COUNCIL),na
PEICAI SECONDARY SCHOOL,SECONDARY (S1-S5),PHYSICAL SPORTS,TABLE TENNIS,na
PEICAI SECONDARY SCHOOL,SECONDARY (S1-S5),PHYSICAL SPORTS,VOLLEYBALL,na
PEIRCE SECONDARY SCHOOL,SECONDARY (S1-S5),CLUBS AND SOCIETIES,ART AND CRAFTS,na
PEIRCE SECONDARY SCHOOL,SECONDARY (S1-S5),PHYSICAL SPORTS,BASKETBALL,na
PEIRCE SECONDARY SCHOOL,SECONDARY (S1-S5),VISUAL AND PERFORMING ARTS,CHOIR,na
PEIRCE SECONDARY SCHOOL,SECONDARY (S1-S5),VISUAL AND PERFORMING ARTS,CONCERT BAND,na
PEIRCE SECONDARY SCHOOL,SECONDARY (S1-S5),VISUAL AND PERFORMING ARTS,ENGLISH DRAMA,na
PEIRCE SECONDARY SCHOOL,SECONDARY (S1-S5),CLUBS AND SOCIETIES,INFOCOMM TECHNOLOGY (MEDIA PRODUCTION),na
PEIRCE SECONDARY SCHOOL,SECONDARY (S1-S5),CLUBS AND SOCIETIES,INTERNATIONAL CHESS,na
PEIRCE SECONDARY SCHOOL,SECONDARY (S1-S5),PHYSICAL SPORTS,JUDO,na
PEIRCE SECONDARY SCHOOL,SECONDARY (S1-S5),VISUAL AND PERFORMING ARTS,MODERN DANCE,na
PEIRCE SECONDARY SCHOOL,SECONDARY (S1-S5),UNIFORMED GROUPS,NATIONAL CADET CORPS (LAND),na
PEIRCE SECONDARY SCHOOL,SECONDARY (S1-S5),UNIFORMED GROUPS,NATIONAL POLICE CADET CORPS,na
PEIRCE SECONDARY SCHOOL,SECONDARY (S1-S5),PHYSICAL SPORTS,NETBALL,na
PEIRCE SECONDARY SCHOOL,SECONDARY (S1-S5),CLUBS AND SOCIETIES,ROBOTICS,na
PEIRCE SECONDARY SCHOOL,SECONDARY (S1-S5),PHYSICAL SPORTS,RUGBY,na
PEIRCE SECONDARY SCHOOL,SECONDARY (S1-S5),UNIFORMED GROUPS,SCOUTS,na
PEIRCE SECONDARY SCHOOL,SECONDARY (S1-S5),CLUBS AND SOCIETIES,SINGAPORE YOUTH FLYING CLUB,na
PEIRCE SECONDARY SCHOOL,SECONDARY (S1-S5),PHYSICAL SPORTS,SP-CCA (ATHLETICS),na
PEIRCE SECONDARY SCHOOL,SECONDARY (S1-S5),PHYSICAL SPORTS,SP-CCA (WATER POLO),na
PEIRCE SECONDARY SCHOOL,SECONDARY (S1-S5),UNIFORMED GROUPS,ST JOHN BRIGADE,na
PEIRCE SECONDARY SCHOOL,SECONDARY (S1-S5),OTHERS,STUDENT LEADERSHIP (COUNCIL),na
PEIRCE SECONDARY SCHOOL,SECONDARY (S1-S5),PHYSICAL SPORTS,SWIMMING,na
PEIRCE SECONDARY SCHOOL,SECONDARY (S1-S5),PHYSICAL SPORTS,TABLE TENNIS,na
PEIRCE SECONDARY SCHOOL,SECONDARY (S1-S5),PHYSICAL SPORTS,TRACK AND FIELD,na
PEIRCE SECONDARY SCHOOL,SECONDARY (S1-S5),PHYSICAL SPORTS,VOLLEYBALL,na
PEIYING PRIMARY SCHOOL,PRIMARY,VISUAL AND PERFORMING ARTS,ANGKLUNG/KULINTANG ENSEMBLE,na
PEIYING PRIMARY SCHOOL,PRIMARY,CLUBS AND SOCIETIES,ART AND CRAFTS,na
PEIYING PRIMARY SCHOOL,PRIMARY,VISUAL AND PERFORMING ARTS,CHOIR,na
PEIYING PRIMARY SCHOOL,PRIMARY,VISUAL AND PERFORMING ARTS,ENGLISH DRAMA,na
PEIYING PRIMARY SCHOOL,PRIMARY,UNIFORMED GROUPS,GIRL GUIDES (BROWNIES),na
PEIYING PRIMARY SCHOOL,PRIMARY,CLUBS AND SOCIETIES,INFOCOMM TECHNOLOGY (MEDIA PRODUCTION),na
PEIYING PRIMARY SCHOOL,PRIMARY,VISUAL AND PERFORMING ARTS,MODERN DANCE,na
PEIYING PRIMARY SCHOOL,PRIMARY,PHYSICAL SPORTS,NETBALL,na
PEIYING PRIMARY SCHOOL,PRIMARY,PHYSICAL SPORTS,OUTDOOR ADVENTURE,na
PEIYING PRIMARY SCHOOL,PRIMARY,CLUBS AND SOCIETIES,PHOTOGRAPHY,na
PEIYING PRIMARY SCHOOL,PRIMARY,CLUBS AND SOCIETIES,PHYSICAL SCIENCE,na
PEIYING PRIMARY SCHOOL,PRIMARY,UNIFORMED GROUPS,RED CROSS YOUTH,na
PEIYING PRIMARY SCHOOL,PRIMARY,PHYSICAL SPORTS,ROPE SKIPPING,na
PEIYING PRIMARY SCHOOL,PRIMARY,PHYSICAL SPORTS,SEPAKTAKRAW,na
PEIYING PRIMARY SCHOOL,PRIMARY,PHYSICAL SPORTS,VOLLEYBALL,na
PIONEER PRIMARY SCHOOL,PRIMARY,CLUBS AND SOCIETIES,ART AND CRAFTS,ART EXPRESSION
PIONEER PRIMARY SCHOOL,PRIMARY,PHYSICAL SPORTS,BASKETBALL,na
PIONEER PRIMARY SCHOOL,PRIMARY,UNIFORMED GROUPS,BOYS' BRIGADE,na
PIONEER PRIMARY SCHOOL,PRIMARY,VISUAL AND PERFORMING ARTS,CHINESE ORCHESTRA,na
PIONEER PRIMARY SCHOOL,PRIMARY,CLUBS AND SOCIETIES,COMMUNITY SERVICE,STUDENT COUNCILLORS
PIONEER PRIMARY SCHOOL,PRIMARY,PHYSICAL SPORTS,FOOTBALL,na
PIONEER PRIMARY SCHOOL,PRIMARY,CLUBS AND SOCIETIES,INFOCOMM TECHNOLOGY (MEDIA PRODUCTION),INFOCOMM
PIONEER PRIMARY SCHOOL,PRIMARY,VISUAL AND PERFORMING ARTS,MODERN DANCE,INTERNATIONAL DANCE
PIONEER PRIMARY SCHOOL,PRIMARY,PHYSICAL SPORTS,NETBALL,na
PIONEER PRIMARY SCHOOL,PRIMARY,CLUBS AND SOCIETIES,ROBOTICS,na
PIONEER PRIMARY SCHOOL,PRIMARY,UNIFORMED GROUPS,SCOUTS,na
PIONEER PRIMARY SCHOOL,PRIMARY,OTHERS,STUDENT INITIATED ACTIVITIES (VISUAL & PERFORMING ARTS),DANCE AMBASSADORS
PIONEER PRIMARY SCHOOL,PRIMARY,PHYSICAL SPORTS,WUSHU,Wu SHU
POI CHING SCHOOL,PRIMARY,CLUBS AND SOCIETIES,ART AND CRAFTS,na
POI CHING SCHOOL,PRIMARY,PHYSICAL SPORTS,BADMINTON,na
POI CHING SCHOOL,PRIMARY,PHYSICAL SPORTS,BASKETBALL,na
POI CHING SCHOOL,PRIMARY,VISUAL AND PERFORMING ARTS,BRASS BAND,na
POI CHING SCHOOL,PRIMARY,CLUBS AND SOCIETIES,CHINESE CALLIGRAPHY AND BRUSH PAINTING,Chinese Calligraphy
POI CHING SCHOOL,PRIMARY,VISUAL AND PERFORMING ARTS,CHINESE DANCE,DANCE
POI CHING SCHOOL,PRIMARY,VISUAL AND PERFORMING ARTS,CHINESE DRUMS,FESTIVE DRUM
POI CHING SCHOOL,PRIMARY,VISUAL AND PERFORMING ARTS,CHINESE ORCHESTRA,na
POI CHING SCHOOL,PRIMARY,UNIFORMED GROUPS,GIRL GUIDES (BROWNIES),BROWNIES
POI CHING SCHOOL,PRIMARY,CLUBS AND SOCIETIES,INFOCOMM TECHNOLOGY (COMPUTING),na
POI CHING SCHOOL,PRIMARY,PHYSICAL SPORTS,OUTDOOR ADVENTURE,OUTDOOR ACTIVITIES CLUB
POI CHING SCHOOL,PRIMARY,CLUBS AND SOCIETIES,PHYSICAL SCIENCE,SCIENCE CLUB
POI CHING SCHOOL,PRIMARY,UNIFORMED GROUPS,SCOUTS,na
POI CHING SCHOOL,PRIMARY,PHYSICAL SPORTS,TABLE TENNIS,na
POI CHING SCHOOL,PRIMARY,PHYSICAL SPORTS,VOLLEYBALL,na
POI CHING SCHOOL,PRIMARY,PHYSICAL SPORTS,WUSHU,na
PRESBYTERIAN HIGH SCHOOL,SECONDARY (S1-S5),CLUBS AND SOCIETIES,AUDIO VISUAL AID,AUDIO ENGINEERING
PRESBYTERIAN HIGH SCHOOL,SECONDARY (S1-S5),PHYSICAL SPORTS,BADMINTON,na
PRESBYTERIAN HIGH SCHOOL,SECONDARY (S1-S5),PHYSICAL SPORTS,BASKETBALL,na
PRESBYTERIAN HIGH SCHOOL,SECONDARY (S1-S5),UNIFORMED GROUPS,BOYS' BRIGADE,na
PRESBYTERIAN HIGH SCHOOL,SECONDARY (S1-S5),VISUAL AND PERFORMING ARTS,CHINESE ORCHESTRA,na
PRESBYTERIAN HIGH SCHOOL,SECONDARY (S1-S5),VISUAL AND PERFORMING ARTS,CHOIR,na
PRESBYTERIAN HIGH SCHOOL,SECONDARY (S1-S5),VISUAL AND PERFORMING ARTS,CONCERT BAND,SYMPHONIC BAND
PRESBYTERIAN HIGH SCHOOL,SECONDARY (S1-S5),VISUAL AND PERFORMING ARTS,ENGLISH DRAMA,na
PRESBYTERIAN HIGH SCHOOL,SECONDARY (S1-S5),PHYSICAL SPORTS,FOOTBALL,na
PRESBYTERIAN HIGH SCHOOL,SECONDARY (S1-S5),UNIFORMED GROUPS,GIRLS' BRIGADE,na
PRESBYTERIAN HIGH SCHOOL,SECONDARY (S1-S5),VISUAL AND PERFORMING ARTS,GUZHENG ENSEMBLE,na
PRESBYTERIAN HIGH SCHOOL,SECONDARY (S1-S5),CLUBS AND SOCIETIES,INFOCOMM TECHNOLOGY (MEDIA PRODUCTION),PHMEDIA
PRESBYTERIAN HIGH SCHOOL,SECONDARY (S1-S5),VISUAL AND PERFORMING ARTS,MODERN DANCE,na
PRESBYTERIAN HIGH SCHOOL,SECONDARY (S1-S5),UNIFORMED GROUPS,NATIONAL CADET CORPS (SEA),na
PRESBYTERIAN HIGH SCHOOL,SECONDARY (S1-S5),UNIFORMED GROUPS,NATIONAL POLICE CADET CORPS,na
PRESBYTERIAN HIGH SCHOOL,SECONDARY (S1-S5),PHYSICAL SPORTS,SP-CCA (CANOEING),na
PRESBYTERIAN HIGH SCHOOL,SECONDARY (S1-S5),PHYSICAL SPORTS,SP-CCA (WATER POLO),na
PRESBYTERIAN HIGH SCHOOL,SECONDARY (S1-S5),PHYSICAL SPORTS,TABLE TENNIS,na
PRESBYTERIAN HIGH SCHOOL,SECONDARY (S1-S5),PHYSICAL SPORTS,VOLLEYBALL,na
PRINCESS ELIZABETH PRIMARY SCHOOL,PRIMARY,CLUBS AND SOCIETIES,ART AND CRAFTS,na
PRINCESS ELIZABETH PRIMARY SCHOOL,PRIMARY,VISUAL AND PERFORMING ARTS,BALLET,CONTEMPORARY DANCE
PRINCESS ELIZABETH PRIMARY SCHOOL,PRIMARY,PHYSICAL SPORTS,BASKETBALL,na
PRINCESS ELIZABETH PRIMARY SCHOOL,PRIMARY,UNIFORMED GROUPS,BOYS' BRIGADE,na
PRINCESS ELIZABETH PRIMARY SCHOOL,PRIMARY,VISUAL AND PERFORMING ARTS,CHINESE DANCE,na
PRINCESS ELIZABETH PRIMARY SCHOOL,PRIMARY,VISUAL AND PERFORMING ARTS,CHOIR,na
PRINCESS ELIZABETH PRIMARY SCHOOL,PRIMARY,VISUAL AND PERFORMING ARTS,CONCERT BAND,na
PRINCESS ELIZABETH PRIMARY SCHOOL,PRIMARY,CLUBS AND SOCIETIES,ENTREPRENEURSHIP,INNOPRENEUR
PRINCESS ELIZABETH PRIMARY SCHOOL,PRIMARY,CLUBS AND SOCIETIES,ENVIRONMENTAL SCIENCE,ECO CLUB
PRINCESS ELIZABETH PRIMARY SCHOOL,PRIMARY,PHYSICAL SPORTS,FLOORBALL,FLOORBALL
PRINCESS ELIZABETH PRIMARY SCHOOL,PRIMARY,PHYSICAL SPORTS,FOOTBALL,na
PRINCESS ELIZABETH PRIMARY SCHOOL,PRIMARY,UNIFORMED GROUPS,GIRLS' BRIGADE,na
PRINCESS ELIZABETH PRIMARY SCHOOL,PRIMARY,VISUAL AND PERFORMING ARTS,INDIAN DANCE,na
PRINCESS ELIZABETH PRIMARY SCHOOL,PRIMARY,VISUAL AND PERFORMING ARTS,MALAY DANCE,na
PRINCESS ELIZABETH PRIMARY SCHOOL,PRIMARY,UNIFORMED GROUPS,SCOUTS,na
PRINCESS ELIZABETH PRIMARY SCHOOL,PRIMARY,OTHERS,STUDENT LEADERSHIP (PREFECT),na
PRINCESS ELIZABETH PRIMARY SCHOOL,PRIMARY,PHYSICAL SPORTS,WUSHU,na
PUNGGOL COVE PRIMARY SCHOOL,PRIMARY,CLUBS AND SOCIETIES,ART AND CRAFTS,na
PUNGGOL COVE PRIMARY SCHOOL,PRIMARY,PHYSICAL SPORTS,BADMINTON,na
PUNGGOL COVE PRIMARY SCHOOL,PRIMARY,PHYSICAL SPORTS,BASKETBALL,na
PUNGGOL COVE PRIMARY SCHOOL,PRIMARY,VISUAL AND PERFORMING ARTS,CHOIR,na
PUNGGOL COVE PRIMARY SCHOOL,PRIMARY,VISUAL AND PERFORMING ARTS,ENGLISH DRAMA,English Language Literary & Drama Society
PUNGGOL COVE PRIMARY SCHOOL,PRIMARY,CLUBS AND SOCIETIES,ENVIRONMENTAL SCIENCE,EcoSTEM
PUNGGOL COVE PRIMARY SCHOOL,PRIMARY,PHYSICAL SPORTS,FLOORBALL,na
PUNGGOL COVE PRIMARY SCHOOL,PRIMARY,PHYSICAL SPORTS,FOOTBALL,na
PUNGGOL COVE PRIMARY SCHOOL,PRIMARY,PHYSICAL SPORTS,HEALTH AND FITNESS,na
PUNGGOL COVE PRIMARY SCHOOL,PRIMARY,CLUBS AND SOCIETIES,INFOCOMM TECHNOLOGY (COMPUTING),na
PUNGGOL COVE PRIMARY SCHOOL,PRIMARY,VISUAL AND PERFORMING ARTS,MODERN DANCE,na
PUNGGOL COVE PRIMARY SCHOOL,PRIMARY,PHYSICAL SPORTS,MODULAR CCA (SPORTS),na
PUNGGOL COVE PRIMARY SCHOOL,PRIMARY,UNIFORMED GROUPS,SCOUTS,na
PUNGGOL COVE PRIMARY SCHOOL,PRIMARY,OTHERS,STUDENT LEADERSHIP (PREFECT),na
PUNGGOL GREEN PRIMARY SCHOOL,PRIMARY,VISUAL AND PERFORMING ARTS,ANGKLUNG/KULINTANG ENSEMBLE,na
PUNGGOL GREEN PRIMARY SCHOOL,PRIMARY,CLUBS AND SOCIETIES,ART AND CRAFTS,ART CLUB
PUNGGOL GREEN PRIMARY SCHOOL,PRIMARY,PHYSICAL SPORTS,BADMINTON,na
PUNGGOL GREEN PRIMARY SCHOOL,PRIMARY,PHYSICAL SPORTS,BASKETBALL,na
PUNGGOL GREEN PRIMARY SCHOOL,PRIMARY,VISUAL AND PERFORMING ARTS,CHOIR,na
PUNGGOL GREEN PRIMARY SCHOOL,PRIMARY,CLUBS AND SOCIETIES,DESIGN AND INNOVATION,I-STEM CLUB
PUNGGOL GREEN PRIMARY SCHOOL,PRIMARY,VISUAL AND PERFORMING ARTS,ENGLISH DRAMA,na
PUNGGOL GREEN PRIMARY SCHOOL,PRIMARY,PHYSICAL SPORTS,FOOTBALL,na
PUNGGOL GREEN PRIMARY SCHOOL,PRIMARY,CLUBS AND SOCIETIES,INFOCOMM TECHNOLOGY (MEDIA PRODUCTION),MULTIMEDIA CLUB
PUNGGOL GREEN PRIMARY SCHOOL,PRIMARY,VISUAL AND PERFORMING ARTS,MODERN DANCE,DANCETOPIA
PUNGGOL GREEN PRIMARY SCHOOL,PRIMARY,CLUBS AND SOCIETIES,ROBOTICS,na
PUNGGOL GREEN PRIMARY SCHOOL,PRIMARY,UNIFORMED GROUPS,SCOUTS,na
PUNGGOL GREEN PRIMARY SCHOOL,PRIMARY,VISUAL AND PERFORMING ARTS,STRING ENSEMBLE,na
PUNGGOL GREEN PRIMARY SCHOOL,PRIMARY,OTHERS,STUDENT LEADERSHIP (PREFECT),na
PUNGGOL PRIMARY SCHOOL,PRIMARY,VISUAL AND PERFORMING ARTS,ANGKLUNG/KULINTANG ENSEMBLE,na
PUNGGOL PRIMARY SCHOOL,PRIMARY,CLUBS AND SOCIETIES,ART AND CRAFTS,na
PUNGGOL PRIMARY SCHOOL,PRIMARY,PHYSICAL SPORTS,BASKETBALL,BASKETBALL
PUNGGOL PRIMARY SCHOOL,PRIMARY,UNIFORMED GROUPS,BOYS' BRIGADE,na
PUNGGOL PRIMARY SCHOOL,PRIMARY,VISUAL AND PERFORMING ARTS,CHOIR,na
PUNGGOL PRIMARY SCHOOL,PRIMARY,VISUAL AND PERFORMING ARTS,CONCERT BAND,BAND
PUNGGOL PRIMARY SCHOOL,PRIMARY,CLUBS AND SOCIETIES,DESIGN AND INNOVATION,na
PUNGGOL PRIMARY SCHOOL,PRIMARY,CLUBS AND SOCIETIES,"ENGLISH LANGUAGE, DRAMA AND DEBATING",na
PUNGGOL PRIMARY SCHOOL,PRIMARY,PHYSICAL SPORTS,FRISBEE,na
PUNGGOL PRIMARY SCHOOL,PRIMARY,UNIFORMED GROUPS,GIRLS' BRIGADE,na
PUNGGOL PRIMARY SCHOOL,PRIMARY,VISUAL AND PERFORMING ARTS,GUZHENG ENSEMBLE,na
PUNGGOL PRIMARY SCHOOL,PRIMARY,PHYSICAL SPORTS,HOCKEY,na
PUNGGOL PRIMARY SCHOOL,PRIMARY,CLUBS AND SOCIETIES,INFOCOMM TECHNOLOGY (COMPUTING),na
PUNGGOL PRIMARY SCHOOL,PRIMARY,CLUBS AND SOCIETIES,INFOCOMM TECHNOLOGY (MEDIA PRODUCTION),na
PUNGGOL PRIMARY SCHOOL,PRIMARY,VISUAL AND PERFORMING ARTS,MODERN DANCE,INTERNATIONAL DANCE
PUNGGOL SECONDARY SCHOOL,SECONDARY (S1-S5),CLUBS AND SOCIETIES,ART AND CRAFTS,na
PUNGGOL SECONDARY SCHOOL,SECONDARY (S1-S5),CLUBS AND SOCIETIES,AUDIO VISUAL AID,na
PUNGGOL SECONDARY SCHOOL,SECONDARY (S1-S5),PHYSICAL SPORTS,BASKETBALL,na
PUNGGOL SECONDARY SCHOOL,SECONDARY (S1-S5),VISUAL AND PERFORMING ARTS,CHOIR,na
PUNGGOL SECONDARY SCHOOL,SECONDARY (S1-S5),CLUBS AND SOCIETIES,COMMUNITY SERVICE (ROTARY-SPONSORED),na
PUNGGOL SECONDARY SCHOOL,SECONDARY (S1-S5),VISUAL AND PERFORMING ARTS,CONCERT BAND,na
PUNGGOL SECONDARY SCHOOL,SECONDARY (S1-S5),CLUBS AND SOCIETIES,"ENGLISH LANGUAGE, DRAMA AND DEBATING",na
PUNGGOL SECONDARY SCHOOL,SECONDARY (S1-S5),CLUBS AND SOCIETIES,ENVIRONMENTAL SCIENCE,na
PUNGGOL SECONDARY SCHOOL,SECONDARY (S1-S5),PHYSICAL SPORTS,FOOTBALL,na
PUNGGOL SECONDARY SCHOOL,SECONDARY (S1-S5),VISUAL AND PERFORMING ARTS,GUZHENG ENSEMBLE,na
PUNGGOL SECONDARY SCHOOL,SECONDARY (S1-S5),CLUBS AND SOCIETIES,"INDIAN LANGUAGE, DRAMA AND DEBATING",na
PUNGGOL SECONDARY SCHOOL,SECONDARY (S1-S5),CLUBS AND SOCIETIES,INTERNATIONAL CHESS,na
PUNGGOL SECONDARY SCHOOL,SECONDARY (S1-S5),VISUAL AND PERFORMING ARTS,MODERN DANCE,na
PUNGGOL SECONDARY SCHOOL,SECONDARY (S1-S5),UNIFORMED GROUPS,NATIONAL CADET CORPS (LAND),na
PUNGGOL SECONDARY SCHOOL,SECONDARY (S1-S5),UNIFORMED GROUPS,NATIONAL POLICE CADET CORPS,na
PUNGGOL SECONDARY SCHOOL,SECONDARY (S1-S5),PHYSICAL SPORTS,NETBALL,na
PUNGGOL SECONDARY SCHOOL,SECONDARY (S1-S5),UNIFORMED GROUPS,RED CROSS YOUTH,na
PUNGGOL SECONDARY SCHOOL,SECONDARY (S1-S5),UNIFORMED GROUPS,SCOUTS,na
PUNGGOL SECONDARY SCHOOL,SECONDARY (S1-S5),PHYSICAL SPORTS,SHOOTING,na
PUNGGOL SECONDARY SCHOOL,SECONDARY (S1-S5),VISUAL AND PERFORMING ARTS,SINGAPORE NATIONAL YOUTH ORCHESTRA,na
PUNGGOL SECONDARY SCHOOL,SECONDARY (S1-S5),PHYSICAL SPORTS,SP-CCA (ATHLETICS),na
PUNGGOL SECONDARY SCHOOL,SECONDARY (S1-S5),VISUAL AND PERFORMING ARTS,SP-CCA (ETHNIC DANCE),na
PUNGGOL SECONDARY SCHOOL,SECONDARY (S1-S5),PHYSICAL SPORTS,SP-CCA (WATER POLO),na
PUNGGOL SECONDARY SCHOOL,SECONDARY (S1-S5),PHYSICAL SPORTS,TABLE TENNIS,na
PUNGGOL SECONDARY SCHOOL,SECONDARY (S1-S5),PHYSICAL SPORTS,VOLLEYBALL,na
PUNGGOL VIEW PRIMARY SCHOOL,PRIMARY,CLUBS AND SOCIETIES,ART AND CRAFTS,na
PUNGGOL VIEW PRIMARY SCHOOL,PRIMARY,PHYSICAL SPORTS,BADMINTON,na
PUNGGOL VIEW PRIMARY SCHOOL,PRIMARY,VISUAL AND PERFORMING ARTS,CHOIR,na
PUNGGOL VIEW PRIMARY SCHOOL,PRIMARY,CLUBS AND SOCIETIES,COMMUNITY SERVICE,na
PUNGGOL VIEW PRIMARY SCHOOL,PRIMARY,VISUAL AND PERFORMING ARTS,CULTURAL DANCE,na
PUNGGOL VIEW PRIMARY SCHOOL,PRIMARY,CLUBS AND SOCIETIES,"ENGLISH LANGUAGE, DRAMA AND DEBATING",na
PUNGGOL VIEW PRIMARY SCHOOL,PRIMARY,PHYSICAL SPORTS,FLOORBALL,na
PUNGGOL VIEW PRIMARY SCHOOL,PRIMARY,CLUBS AND SOCIETIES,INFOCOMM TECHNOLOGY (COMPUTING),na
PUNGGOL VIEW PRIMARY SCHOOL,PRIMARY,CLUBS AND SOCIETIES,INFOCOMM TECHNOLOGY (MEDIA PRODUCTION),na
PUNGGOL VIEW PRIMARY SCHOOL,PRIMARY,CLUBS AND SOCIETIES,INTERNATIONAL CHESS,WITS Club
PUNGGOL VIEW PRIMARY SCHOOL,PRIMARY,VISUAL AND PERFORMING ARTS,MODERN DANCE,na
PUNGGOL VIEW PRIMARY SCHOOL,PRIMARY,PHYSICAL SPORTS,RUGBY,na
PUNGGOL VIEW PRIMARY SCHOOL,PRIMARY,UNIFORMED GROUPS,SCOUTS,na
PUNGGOL VIEW PRIMARY SCHOOL,PRIMARY,PHYSICAL SPORTS,WUSHU,na
QIFA PRIMARY SCHOOL,PRIMARY,CLUBS AND SOCIETIES,ART AND CRAFTS,ART CLUB
QIFA PRIMARY SCHOOL,PRIMARY,PHYSICAL SPORTS,BASKETBALL,na
QIFA PRIMARY SCHOOL,PRIMARY,VISUAL AND PERFORMING ARTS,CHINESE DANCE,na
QIFA PRIMARY SCHOOL,PRIMARY,VISUAL AND PERFORMING ARTS,CHOIR,na
QIFA PRIMARY SCHOOL,PRIMARY,CLUBS AND SOCIETIES,"ENGLISH LANGUAGE, DRAMA AND DEBATING",THEATRICAL ARTS & MASS MEDIA
QIFA PRIMARY SCHOOL,PRIMARY,PHYSICAL SPORTS,FLOORBALL,na
QIFA PRIMARY SCHOOL,PRIMARY,UNIFORMED GROUPS,GIRL GUIDES (BROWNIES),BROWNIES
QIFA PRIMARY SCHOOL,PRIMARY,VISUAL AND PERFORMING ARTS,GUZHENG ENSEMBLE,na
QIFA PRIMARY SCHOOL,PRIMARY,CLUBS AND SOCIETIES,INFOCOMM TECHNOLOGY (MEDIA PRODUCTION),INFOCOMM & MEDIA CLUB
QIFA PRIMARY SCHOOL,PRIMARY,VISUAL AND PERFORMING ARTS,MALAY DANCE,na
QIFA PRIMARY SCHOOL,PRIMARY,VISUAL AND PERFORMING ARTS,PERCUSSION ENSEMBLE,CHINESE DRUMS
QIFA PRIMARY SCHOOL,PRIMARY,UNIFORMED GROUPS,SCOUTS,na
QIFA PRIMARY SCHOOL,PRIMARY,PHYSICAL SPORTS,TABLE TENNIS,na
QIFA PRIMARY SCHOOL,PRIMARY,PHYSICAL SPORTS,VOLLEYBALL,na
QIFA PRIMARY SCHOOL,PRIMARY,PHYSICAL SPORTS,WUSHU,na
QIHUA PRIMARY SCHOOL,PRIMARY,CLUBS AND SOCIETIES,ART AND CRAFTS,ART & POTTERY CLUB
QIHUA PRIMARY SCHOOL,PRIMARY,PHYSICAL SPORTS,BASKETBALL,na
QIHUA PRIMARY SCHOOL,PRIMARY,VISUAL AND PERFORMING ARTS,CHINESE DANCE,CHINESE DANCE
QIHUA PRIMARY SCHOOL,PRIMARY,VISUAL AND PERFORMING ARTS,CHINESE ORCHESTRA,CHINESE ORCHESTRA
QIHUA PRIMARY SCHOOL,PRIMARY,VISUAL AND PERFORMING ARTS,CHOIR,CHOIR
QIHUA PRIMARY SCHOOL,PRIMARY,CLUBS AND SOCIETIES,DIKIR BARAT,DIKIR BARAT
QIHUA PRIMARY SCHOOL,PRIMARY,CLUBS AND SOCIETIES,ENTREPRENEURSHIP,INNOVATION & ENTREPRENEURSHIP CLUB
QIHUA PRIMARY SCHOOL,PRIMARY,CLUBS AND SOCIETIES,ENVIRONMENTAL SCIENCE,GREEN CLUB
QIHUA PRIMARY SCHOOL,PRIMARY,PHYSICAL SPORTS,FLOORBALL,na
QIHUA PRIMARY SCHOOL,PRIMARY,UNIFORMED GROUPS,GIRL GUIDES (BROWNIES),BROWNIES
QIHUA PRIMARY SCHOOL,PRIMARY,VISUAL AND PERFORMING ARTS,INDIAN DANCE,INDIAN DANCE
QIHUA PRIMARY SCHOOL,PRIMARY,VISUAL AND PERFORMING ARTS,MALAY DANCE,MALAY DANCE
QIHUA PRIMARY SCHOOL,PRIMARY,UNIFORMED GROUPS,SCOUTS,SCOUTS
QIHUA PRIMARY SCHOOL,PRIMARY,PHYSICAL SPORTS,SEPAKTAKRAW,na
QIHUA PRIMARY SCHOOL,PRIMARY,CLUBS AND SOCIETIES,SPEECH AND DRAMA,DRAMA CLUB
QIHUA PRIMARY SCHOOL,PRIMARY,PHYSICAL SPORTS,TABLE TENNIS,na
QUEENSTOWN PRIMARY SCHOOL,PRIMARY,CLUBS AND SOCIETIES,ART AND CRAFTS,VISUAL ART
QUEENSTOWN PRIMARY SCHOOL,PRIMARY,PHYSICAL SPORTS,BADMINTON,na
QUEENSTOWN PRIMARY SCHOOL,PRIMARY,PHYSICAL SPORTS,BASKETBALL,na
QUEENSTOWN PRIMARY SCHOOL,PRIMARY,UNIFORMED GROUPS,BOYS' BRIGADE,na
QUEENSTOWN PRIMARY SCHOOL,PRIMARY,VISUAL AND PERFORMING ARTS,CHINESE DANCE,na
QUEENSTOWN PRIMARY SCHOOL,PRIMARY,CLUBS AND SOCIETIES,CHINESE WEIQI,WEIQI
QUEENSTOWN PRIMARY SCHOOL,PRIMARY,VISUAL AND PERFORMING ARTS,CHOIR,na
QUEENSTOWN PRIMARY SCHOOL,PRIMARY,VISUAL AND PERFORMING ARTS,ENGLISH DRAMA,DRAMA CLUB
QUEENSTOWN PRIMARY SCHOOL,PRIMARY,CLUBS AND SOCIETIES,ENVIRONMENTAL SCIENCE,ENVIRONMENTAL CLUB
QUEENSTOWN PRIMARY SCHOOL,PRIMARY,PHYSICAL SPORTS,FOOTBALL,na
QUEENSTOWN PRIMARY SCHOOL,PRIMARY,UNIFORMED GROUPS,GIRLS' BRIGADE,na
QUEENSTOWN PRIMARY SCHOOL,PRIMARY,CLUBS AND SOCIETIES,INFOCOMM TECHNOLOGY (COMPUTING),INFOCOMM CLUB
QUEENSTOWN PRIMARY SCHOOL,PRIMARY,CLUBS AND SOCIETIES,INTERNATIONAL CHESS,na
QUEENSTOWN PRIMARY SCHOOL,PRIMARY,VISUAL AND PERFORMING ARTS,MALAY DANCE,na
QUEENSTOWN PRIMARY SCHOOL,PRIMARY,CLUBS AND SOCIETIES,MATHEMATICS,MATHEMATICS CLUB
QUEENSTOWN PRIMARY SCHOOL,PRIMARY,VISUAL AND PERFORMING ARTS,MODERN DANCE,INTERNATIONAL DANCE
QUEENSTOWN PRIMARY SCHOOL,PRIMARY,PHYSICAL SPORTS,SOFTBALL,na
QUEENSTOWN PRIMARY SCHOOL,PRIMARY,PHYSICAL SPORTS,SWIMMING,na
QUEENSTOWN SECONDARY SCHOOL,SECONDARY (S1-S5),PHYSICAL SPORTS,BASKETBALL,na
QUEENSTOWN SECONDARY SCHOOL,SECONDARY (S1-S5),VISUAL AND PERFORMING ARTS,CHINESE DANCE,na
QUEENSTOWN SECONDARY SCHOOL,SECONDARY (S1-S5),VISUAL AND PERFORMING ARTS,CHOIR,na
QUEENSTOWN SECONDARY SCHOOL,SECONDARY (S1-S5),VISUAL AND PERFORMING ARTS,CONCERT BAND,na
QUEENSTOWN SECONDARY SCHOOL,SECONDARY (S1-S5),CLUBS AND SOCIETIES,DESIGN AND INNOVATION,na
QUEENSTOWN SECONDARY SCHOOL,SECONDARY (S1-S5),CLUBS AND SOCIETIES,DIGITAL MEDIA,na
QUEENSTOWN SECONDARY SCHOOL,SECONDARY (S1-S5),VISUAL AND PERFORMING ARTS,ENGLISH DRAMA,na
QUEENSTOWN SECONDARY SCHOOL,SECONDARY (S1-S5),PHYSICAL SPORTS,FOOTBALL,na
QUEENSTOWN SECONDARY SCHOOL,SECONDARY (S1-S5),UNIFORMED GROUPS,GIRL GUIDES,na
QUEENSTOWN SECONDARY SCHOOL,SECONDARY (S1-S5),CLUBS AND SOCIETIES,INFOCOMM TECHNOLOGY (COMPUTING),na
QUEENSTOWN SECONDARY SCHOOL,SECONDARY (S1-S5),VISUAL AND PERFORMING ARTS,MALAY DANCE,na
QUEENSTOWN SECONDARY SCHOOL,SECONDARY (S1-S5),UNIFORMED GROUPS,NATIONAL CADET CORPS (LAND),na
QUEENSTOWN SECONDARY SCHOOL,SECONDARY (S1-S5),UNIFORMED GROUPS,NATIONAL POLICE CADET CORPS,na
QUEENSTOWN SECONDARY SCHOOL,SECONDARY (S1-S5),UNIFORMED GROUPS,RED CROSS YOUTH,na
QUEENSTOWN SECONDARY SCHOOL,SECONDARY (S1-S5),UNIFORMED GROUPS,SCOUTS,na
QUEENSTOWN SECONDARY SCHOOL,SECONDARY (S1-S5),PHYSICAL SPORTS,SP-CCA (ATHLETICS),na
QUEENSTOWN SECONDARY SCHOOL,SECONDARY (S1-S5),CLUBS AND SOCIETIES,STRATEGY GAMES,na
QUEENSTOWN SECONDARY SCHOOL,SECONDARY (S1-S5),PHYSICAL SPORTS,TABLE TENNIS,na
QUEENSTOWN SECONDARY SCHOOL,SECONDARY (S1-S5),PHYSICAL SPORTS,VOLLEYBALL,na
QUEENSTOWN SECONDARY SCHOOL,SECONDARY (S1-S5),PHYSICAL SPORTS,WUSHU,na
QUEENSWAY SECONDARY SCHOOL,SECONDARY (S1-S5),PHYSICAL SPORTS,BADMINTON,na
QUEENSWAY SECONDARY SCHOOL,SECONDARY (S1-S5),PHYSICAL SPORTS,BASKETBALL,na
QUEENSWAY SECONDARY SCHOOL,SECONDARY (S1-S5),UNIFORMED GROUPS,BOYS' BRIGADE,na
QUEENSWAY SECONDARY SCHOOL,SECONDARY (S1-S5),VISUAL AND PERFORMING ARTS,CHINESE DANCE,na
QUEENSWAY SECONDARY SCHOOL,SECONDARY (S1-S5),VISUAL AND PERFORMING ARTS,CHOIR,na
QUEENSWAY SECONDARY SCHOOL,SECONDARY (S1-S5),VISUAL AND PERFORMING ARTS,CONCERT BAND,na
QUEENSWAY SECONDARY SCHOOL,SECONDARY (S1-S5),CLUBS AND SOCIETIES,"ENGLISH LANGUAGE, DRAMA AND DEBATING",DRAMA
QUEENSWAY SECONDARY SCHOOL,SECONDARY (S1-S5),PHYSICAL SPORTS,FOOTBALL,na
QUEENSWAY SECONDARY SCHOOL,SECONDARY (S1-S5),UNIFORMED GROUPS,GIRL GUIDES,na
QUEENSWAY SECONDARY SCHOOL,SECONDARY (S1-S5),PHYSICAL SPORTS,HOCKEY,na
QUEENSWAY SECONDARY SCHOOL,SECONDARY (S1-S5),CLUBS AND SOCIETIES,INFOCOMM TECHNOLOGY (MEDIA PRODUCTION),MEDIA CLUB
QUEENSWAY SECONDARY SCHOOL,SECONDARY (S1-S5),VISUAL AND PERFORMING ARTS,MODERN DANCE,DANCE
QUEENSWAY SECONDARY SCHOOL,SECONDARY (S1-S5),CLUBS AND SOCIETIES,MODULAR CCA (C&S),ACE CLUB
QUEENSWAY SECONDARY SCHOOL,SECONDARY (S1-S5),UNIFORMED GROUPS,NATIONAL CADET CORPS (LAND),na
QUEENSWAY SECONDARY SCHOOL,SECONDARY (S1-S5),UNIFORMED GROUPS,NATIONAL POLICE CADET CORPS,na
QUEENSWAY SECONDARY SCHOOL,SECONDARY (S1-S5),PHYSICAL SPORTS,SHOOTING,na
QUEENSWAY SECONDARY SCHOOL,SECONDARY (S1-S5),PHYSICAL SPORTS,SP-CCA (ATHLETICS),na
QUEENSWAY SECONDARY SCHOOL,SECONDARY (S1-S5),PHYSICAL SPORTS,SP-CCA (CANOEING),na
QUEENSWAY SECONDARY SCHOOL,SECONDARY (S1-S5),PHYSICAL SPORTS,SP-CCA (WATER POLO),na
QUEENSWAY SECONDARY SCHOOL,SECONDARY (S1-S5),PHYSICAL SPORTS,SWIMMING,na
QUEENSWAY SECONDARY SCHOOL,SECONDARY (S1-S5),PHYSICAL SPORTS,VOLLEYBALL,na
RADIN MAS PRIMARY SCHOOL,PRIMARY,CLUBS AND SOCIETIES,ART AND CRAFTS,na
RADIN MAS PRIMARY SCHOOL,PRIMARY,PHYSICAL SPORTS,BASKETBALL,na
RADIN MAS PRIMARY SCHOOL,PRIMARY,UNIFORMED GROUPS,BOYS' BRIGADE,na
RADIN MAS PRIMARY SCHOOL,PRIMARY,VISUAL AND PERFORMING ARTS,CHINESE DANCE,na
RADIN MAS PRIMARY SCHOOL,PRIMARY,VISUAL AND PERFORMING ARTS,CHINESE ORCHESTRA,na
RADIN MAS PRIMARY SCHOOL,PRIMARY,VISUAL AND PERFORMING ARTS,CHOIR,na
RADIN MAS PRIMARY SCHOOL,PRIMARY,CLUBS AND SOCIETIES,"ENGLISH LANGUAGE, DRAMA AND DEBATING",na
RADIN MAS PRIMARY SCHOOL,PRIMARY,CLUBS AND SOCIETIES,ENVIRONMENTAL SCIENCE,na
RADIN MAS PRIMARY SCHOOL,PRIMARY,PHYSICAL SPORTS,FLOORBALL,na
RADIN MAS PRIMARY SCHOOL,PRIMARY,PHYSICAL SPORTS,FOOTBALL,na
RADIN MAS PRIMARY SCHOOL,PRIMARY,UNIFORMED GROUPS,GIRLS' BRIGADE,na
RADIN MAS PRIMARY SCHOOL,PRIMARY,CLUBS AND SOCIETIES,INFOCOMM TECHNOLOGY (COMPUTING),na
RADIN MAS PRIMARY SCHOOL,PRIMARY,PHYSICAL SPORTS,RUGBY,na
RADIN MAS PRIMARY SCHOOL,PRIMARY,UNIFORMED GROUPS,SCOUTS,na
RADIN MAS PRIMARY SCHOOL,PRIMARY,OTHERS,STUDENT LEADERSHIP (PEER SUPPORT),na
RADIN MAS PRIMARY SCHOOL,PRIMARY,OTHERS,STUDENT LEADERSHIP (PREFECT),na
RADIN MAS PRIMARY SCHOOL,PRIMARY,PHYSICAL SPORTS,TABLE TENNIS,na
RAFFLES GIRLS' PRIMARY SCHOOL,PRIMARY,CLUBS AND SOCIETIES,ART AND CRAFTS,na
RAFFLES GIRLS' PRIMARY SCHOOL,PRIMARY,PHYSICAL SPORTS,BADMINTON,na
RAFFLES GIRLS' PRIMARY SCHOOL,PRIMARY,PHYSICAL SPORTS,BASKETBALL,na
RAFFLES GIRLS' PRIMARY SCHOOL,PRIMARY,VISUAL AND PERFORMING ARTS,CHINESE DANCE,DANCE
RAFFLES GIRLS' PRIMARY SCHOOL,PRIMARY,VISUAL AND PERFORMING ARTS,CHOIR,na
RAFFLES GIRLS' PRIMARY SCHOOL,PRIMARY,VISUAL AND PERFORMING ARTS,CONCERT BAND,na
RAFFLES GIRLS' PRIMARY SCHOOL,PRIMARY,VISUAL AND PERFORMING ARTS,ENGLISH DRAMA,DRAMA
RAFFLES GIRLS' PRIMARY SCHOOL,PRIMARY,CLUBS AND SOCIETIES,ENVIRONMENTAL SCIENCE,ENVIRONMENTAL LIFE SCIENCE
RAFFLES GIRLS' PRIMARY SCHOOL,PRIMARY,UNIFORMED GROUPS,GIRL GUIDES (BROWNIES),na
RAFFLES GIRLS' PRIMARY SCHOOL,PRIMARY,UNIFORMED GROUPS,GIRLS' BRIGADE,na
RAFFLES GIRLS' PRIMARY SCHOOL,PRIMARY,CLUBS AND SOCIETIES,INFOCOMM TECHNOLOGY (COMPUTING),NEW MEDIA
RAFFLES GIRLS' PRIMARY SCHOOL,PRIMARY,CLUBS AND SOCIETIES,INTERNATIONAL CHESS,na
RAFFLES GIRLS' PRIMARY SCHOOL,PRIMARY,CLUBS AND SOCIETIES,MEDIA RESOURCE LIBRARY,LIBRARY
RAFFLES GIRLS' PRIMARY SCHOOL,PRIMARY,PHYSICAL SPORTS,SHOOTING,na
RAFFLES GIRLS' PRIMARY SCHOOL,PRIMARY,PHYSICAL SPORTS,SOFTBALL,SOFTBALL
RAFFLES GIRLS' PRIMARY SCHOOL,PRIMARY,VISUAL AND PERFORMING ARTS,STRING ENSEMBLE,na
RAFFLES GIRLS' PRIMARY SCHOOL,PRIMARY,PHYSICAL SPORTS,TABLE TENNIS,na
RAFFLES GIRLS' SCHOOL (SECONDARY),SECONDARY (S1-S4),VISUAL AND PERFORMING ARTS,ANGKLUNG/KULINTANG ENSEMBLE,ANGKLUNG ENSEMBLE
RAFFLES GIRLS' SCHOOL (SECONDARY),SECONDARY (S1-S4),CLUBS AND SOCIETIES,ART AND CRAFTS,ART CLUB
RAFFLES GIRLS' SCHOOL (SECONDARY),SECONDARY (S1-S4),PHYSICAL SPORTS,ARTISTIC GYMNASTICS,na
RAFFLES GIRLS' SCHOOL (SECONDARY),SECONDARY (S1-S4),PHYSICAL SPORTS,ARTISTIC SWIMMING,na
RAFFLES GIRLS' SCHOOL (SECONDARY),SECONDARY (S1-S4),CLUBS AND SOCIETIES,AUDIO VISUAL AID,na
RAFFLES GIRLS' SCHOOL (SECONDARY),SECONDARY (S1-S4),PHYSICAL SPORTS,BADMINTON,na
RAFFLES GIRLS' SCHOOL (SECONDARY),SECONDARY (S1-S4),PHYSICAL SPORTS,BASKETBALL,na
RAFFLES GIRLS' SCHOOL (SECONDARY),SECONDARY (S1-S4),PHYSICAL SPORTS,BOWLING,na
RAFFLES GIRLS' SCHOOL (SECONDARY),SECONDARY (S1-S4),PHYSICAL SPORTS,CANOEING,na
RAFFLES GIRLS' SCHOOL (SECONDARY),SECONDARY (S1-S4),VISUAL AND PERFORMING ARTS,CHINESE DANCE,ETHNIC DANCE
RAFFLES GIRLS' SCHOOL (SECONDARY),SECONDARY (S1-S4),VISUAL AND PERFORMING ARTS,CHINESE DRAMA,na
RAFFLES GIRLS' SCHOOL (SECONDARY),SECONDARY (S1-S4),CLUBS AND SOCIETIES,"CHINESE LANGUAGE, DRAMA AND DEBATING",na
RAFFLES GIRLS' SCHOOL (SECONDARY),SECONDARY (S1-S4),VISUAL AND PERFORMING ARTS,CHINESE ORCHESTRA,na
RAFFLES GIRLS' SCHOOL (SECONDARY),SECONDARY (S1-S4),VISUAL AND PERFORMING ARTS,CHOIR,na
RAFFLES GIRLS' SCHOOL (SECONDARY),SECONDARY (S1-S4),VISUAL AND PERFORMING ARTS,CONCERT BAND,BAND SYMPHONIC
RAFFLES GIRLS' SCHOOL (SECONDARY),SECONDARY (S1-S4),PHYSICAL SPORTS,CROSS COUNTRY,na
RAFFLES GIRLS' SCHOOL (SECONDARY),SECONDARY (S1-S4),CLUBS AND SOCIETIES,DEBATING AND PUBLIC SPEAKING,DEBATE AND ORATORICAL SOCIETY
RAFFLES GIRLS' SCHOOL (SECONDARY),SECONDARY (S1-S4),PHYSICAL SPORTS,DIVING,na
RAFFLES GIRLS' SCHOOL (SECONDARY),SECONDARY (S1-S4),VISUAL AND PERFORMING ARTS,ENGLISH DRAMA,na
RAFFLES GIRLS' SCHOOL (SECONDARY),SECONDARY (S1-S4),CLUBS AND SOCIETIES,ENVIRONMENTAL SCIENCE,COGITARE CLUB
RAFFLES GIRLS' SCHOOL (SECONDARY),SECONDARY (S1-S4),PHYSICAL SPORTS,EQUESTRIAN,na
RAFFLES GIRLS' SCHOOL (SECONDARY),SECONDARY (S1-S4),PHYSICAL SPORTS,FENCING,na
RAFFLES GIRLS' SCHOOL (SECONDARY),SECONDARY (S1-S4),UNIFORMED GROUPS,GIRL GUIDES,GIRL GUIDES
RAFFLES GIRLS' SCHOOL (SECONDARY),SECONDARY (S1-S4),UNIFORMED GROUPS,GIRLS' BRIGADE,GIRLS' BRIGADE
RAFFLES GIRLS' SCHOOL (SECONDARY),SECONDARY (S1-S4),PHYSICAL SPORTS,GOLF,na
RAFFLES GIRLS' SCHOOL (SECONDARY),SECONDARY (S1-S4),VISUAL AND PERFORMING ARTS,GUITAR ENSEMBLE,na
RAFFLES GIRLS' SCHOOL (SECONDARY),SECONDARY (S1-S4),VISUAL AND PERFORMING ARTS,HANDBELL ENSEMBLE,na
RAFFLES GIRLS' SCHOOL (SECONDARY),SECONDARY (S1-S4),PHYSICAL SPORTS,HOCKEY,ICE HOCKEY
RAFFLES GIRLS' SCHOOL (SECONDARY),SECONDARY (S1-S4),PHYSICAL SPORTS,ICE SKATING,na
RAFFLES GIRLS' SCHOOL (SECONDARY),SECONDARY (S1-S4),CLUBS AND SOCIETIES,INDIAN CULTURE AND LANGUAGE,na
RAFFLES GIRLS' SCHOOL (SECONDARY),SECONDARY (S1-S4),VISUAL AND PERFORMING ARTS,INDIAN DANCE,na
RAFFLES GIRLS' SCHOOL (SECONDARY),SECONDARY (S1-S4),VISUAL AND PERFORMING ARTS,INDIAN ORCHESTRA,na
RAFFLES GIRLS' SCHOOL (SECONDARY),SECONDARY (S1-S4),CLUBS AND SOCIETIES,INFOCOMM TECHNOLOGY (COMPUTING),INFOCOMM CLUB
RAFFLES GIRLS' SCHOOL (SECONDARY),SECONDARY (S1-S4),PHYSICAL SPORTS,JUDO,na
RAFFLES GIRLS' SCHOOL (SECONDARY),SECONDARY (S1-S4),PHYSICAL SPORTS,KARATE,na
RAFFLES GIRLS' SCHOOL (SECONDARY),SECONDARY (S1-S4),CLUBS AND SOCIETIES,MALAY CULTURE AND LANGUAGE,na
RAFFLES GIRLS' SCHOOL (SECONDARY),SECONDARY (S1-S4),VISUAL AND PERFORMING ARTS,MALAY DANCE,na
RAFFLES GIRLS' SCHOOL (SECONDARY),SECONDARY (S1-S4),CLUBS AND SOCIETIES,MATHEMATICS,na
RAFFLES GIRLS' SCHOOL (SECONDARY),SECONDARY (S1-S4),CLUBS AND SOCIETIES,MEDIA RESOURCE LIBRARY,na
RAFFLES GIRLS' SCHOOL (SECONDARY),SECONDARY (S1-S4),VISUAL AND PERFORMING ARTS,MODERN DANCE,DANCE INTERNATIONAL
RAFFLES GIRLS' SCHOOL (SECONDARY),SECONDARY (S1-S4),PHYSICAL SPORTS,MODULAR CCA (SPORTS),na
RAFFLES GIRLS' SCHOOL (SECONDARY),SECONDARY (S1-S4),UNIFORMED GROUPS,NATIONAL CADET CORPS (LAND),na
RAFFLES GIRLS' SCHOOL (SECONDARY),SECONDARY (S1-S4),UNIFORMED GROUPS,NATIONAL CADET CORPS (SEA),na
RAFFLES GIRLS' SCHOOL (SECONDARY),SECONDARY (S1-S4),UNIFORMED GROUPS,NATIONAL POLICE CADET CORPS (SEA),na
RAFFLES GIRLS' SCHOOL (SECONDARY),SECONDARY (S1-S4),PHYSICAL SPORTS,NETBALL,na
RAFFLES GIRLS' SCHOOL (SECONDARY),SECONDARY (S1-S4),VISUAL AND PERFORMING ARTS,OPERA/OPERATTA,RAFFLES DRAMA
RAFFLES GIRLS' SCHOOL (SECONDARY),SECONDARY (S1-S4),CLUBS AND SOCIETIES,PHOTOGRAPHY,PHOTOGRAPHIC SOCIETY
RAFFLES GIRLS' SCHOOL (SECONDARY),SECONDARY (S1-S4),CLUBS AND SOCIETIES,PUBLICATION,na
RAFFLES GIRLS' SCHOOL (SECONDARY),SECONDARY (S1-S4),UNIFORMED GROUPS,RED CROSS YOUTH,na
RAFFLES GIRLS' SCHOOL (SECONDARY),SECONDARY (S1-S4),PHYSICAL SPORTS,RHYTHMIC GYMNASTICS,na
RAFFLES GIRLS' SCHOOL (SECONDARY),SECONDARY (S1-S4),CLUBS AND SOCIETIES,ROBOTICS,ROBOTICS CLUB
RAFFLES GIRLS' SCHOOL (SECONDARY),SECONDARY (S1-S4),PHYSICAL SPORTS,ROCKWALL CLIMBING,na
RAFFLES GIRLS' SCHOOL (SECONDARY),SECONDARY (S1-S4),PHYSICAL SPORTS,SAILING,na
RAFFLES GIRLS' SCHOOL (SECONDARY),SECONDARY (S1-S4),PHYSICAL SPORTS,SHOOTING,na
RAFFLES GIRLS' SCHOOL (SECONDARY),SECONDARY (S1-S4),VISUAL AND PERFORMING ARTS,SINGAPORE NATIONAL YOUTH CHINESE ORCHESTRA,na
RAFFLES GIRLS' SCHOOL (SECONDARY),SECONDARY (S1-S4),VISUAL AND PERFORMING ARTS,SINGAPORE NATIONAL YOUTH ORCHESTRA,na
RAFFLES GIRLS' SCHOOL (SECONDARY),SECONDARY (S1-S4),PHYSICAL SPORTS,SOFTBALL,na
RAFFLES GIRLS' SCHOOL (SECONDARY),SECONDARY (S1-S4),PHYSICAL SPORTS,SQUASH,na
RAFFLES GIRLS' SCHOOL (SECONDARY),SECONDARY (S1-S4),CLUBS AND SOCIETIES,STRATEGY GAMES,RAFFLES MIND SPORTS
RAFFLES GIRLS' SCHOOL (SECONDARY),SECONDARY (S1-S4),VISUAL AND PERFORMING ARTS,STRING ENSEMBLE,na
RAFFLES GIRLS' SCHOOL (SECONDARY),SECONDARY (S1-S4),OTHERS,STUDENT LEADERSHIP (COUNCIL),STUDENT LEADERSHIP (CONGRESS)
RAFFLES GIRLS' SCHOOL (SECONDARY),SECONDARY (S1-S4),OTHERS,STUDENT LEADERSHIP (HOUSE),na
RAFFLES GIRLS' SCHOOL (SECONDARY),SECONDARY (S1-S4),OTHERS,STUDENT LEADERSHIP (PEER SUPPORT),STUDENT LEADERSHIP (PSB)
RAFFLES GIRLS' SCHOOL (SECONDARY),SECONDARY (S1-S4),OTHERS,STUDENT LEADERSHIP (PREFECT),STUDENT LEADERSHIP (PB)
RAFFLES GIRLS' SCHOOL (SECONDARY),SECONDARY (S1-S4),CLUBS AND SOCIETIES,STUDENTS' COUNCIL,na
RAFFLES GIRLS' SCHOOL (SECONDARY),SECONDARY (S1-S4),PHYSICAL SPORTS,SWIMMING,na
RAFFLES GIRLS' SCHOOL (SECONDARY),SECONDARY (S1-S4),PHYSICAL SPORTS,TABLE TENNIS,na
RAFFLES GIRLS' SCHOOL (SECONDARY),SECONDARY (S1-S4),PHYSICAL SPORTS,TAEKWONDO,na
RAFFLES GIRLS' SCHOOL (SECONDARY),SECONDARY (S1-S4),PHYSICAL SPORTS,TENNIS,na
RAFFLES GIRLS' SCHOOL (SECONDARY),SECONDARY (S1-S4),PHYSICAL SPORTS,TRACK AND FIELD,TRACK AND CROSS COUNTRY
RAFFLES GIRLS' SCHOOL (SECONDARY),SECONDARY (S1-S4),PHYSICAL SPORTS,TRAMPOLINE,TRAMPOLINE GYMNASTICS
RAFFLES GIRLS' SCHOOL (SECONDARY),SECONDARY (S1-S4),PHYSICAL SPORTS,TRIATHLON,MODERN PENTATHLON
RAFFLES GIRLS' SCHOOL (SECONDARY),SECONDARY (S1-S4),PHYSICAL SPORTS,WATER POLO,na
RAFFLES GIRLS' SCHOOL (SECONDARY),SECONDARY (S1-S4),PHYSICAL SPORTS,WUSHU,na
RAFFLES INSTITUTION,MIXED LEVEL (S1-JC2),CLUBS AND SOCIETIES,ART AND CRAFTS,VISUAL ART CLUB
RAFFLES INSTITUTION,MIXED LEVEL (S1-JC2),PHYSICAL SPORTS,ARTISTIC GYMNASTICS,GYMNASTICS
RAFFLES INSTITUTION,MIXED LEVEL (S1-JC2),CLUBS AND SOCIETIES,AUDIO VISUAL AID,AUDIO VISUAL AID
RAFFLES INSTITUTION,MIXED LEVEL (S1-JC2),PHYSICAL SPORTS,BADMINTON,na
RAFFLES INSTITUTION,MIXED LEVEL (S1-JC2),PHYSICAL SPORTS,BASKETBALL,na
RAFFLES INSTITUTION,MIXED LEVEL (S1-JC2),CLUBS AND SOCIETIES,BIOLOGICAL SCIENCE,RAFFLES SOCIETY OF BIOLOGICAL SCIENCE
RAFFLES INSTITUTION,MIXED LEVEL (S1-JC2),PHYSICAL SPORTS,BOWLING,na
RAFFLES INSTITUTION,MIXED LEVEL (S1-JC2),UNIFORMED GROUPS,BOYS' BRIGADE,na
RAFFLES INSTITUTION,MIXED LEVEL (S1-JC2),PHYSICAL SPORTS,CANOEING,na
RAFFLES INSTITUTION,MIXED LEVEL (S1-JC2),VISUAL AND PERFORMING ARTS,CHINESE DRAMA,CHINESE LITERARY DRAMA CULTURAL SOCIETY
RAFFLES INSTITUTION,MIXED LEVEL (S1-JC2),VISUAL AND PERFORMING ARTS,CHINESE ORCHESTRA,na
RAFFLES INSTITUTION,MIXED LEVEL (S1-JC2),VISUAL AND PERFORMING ARTS,CHOIR,RAFFLES CHORALE
RAFFLES INSTITUTION,MIXED LEVEL (S1-JC2),VISUAL AND PERFORMING ARTS,CHOIR,RAFFLES VOICES
RAFFLES INSTITUTION,MIXED LEVEL (S1-JC2),CLUBS AND SOCIETIES,COMMUNITY SERVICE,COMMUNITY ADVOCATES
RAFFLES INSTITUTION,MIXED LEVEL (S1-JC2),CLUBS AND SOCIETIES,COMMUNITY SERVICE (FIRST AID),RED CROSS YOUTH CHAPTER
RAFFLES INSTITUTION,MIXED LEVEL (S1-JC2),CLUBS AND SOCIETIES,COMMUNITY SERVICE (ROTARY-SPONSORED),INTERACT CLUB
RAFFLES INSTITUTION,MIXED LEVEL (S1-JC2),VISUAL AND PERFORMING ARTS,CONCERT BAND,MILITARY BAND
RAFFLES INSTITUTION,MIXED LEVEL (S1-JC2),VISUAL AND PERFORMING ARTS,CONCERT BAND,RAFFLES SYMPHONIC BAND
RAFFLES INSTITUTION,MIXED LEVEL (S1-JC2),PHYSICAL SPORTS,CRICKET,na
RAFFLES INSTITUTION,MIXED LEVEL (S1-JC2),PHYSICAL SPORTS,CROSS COUNTRY,na
RAFFLES INSTITUTION,MIXED LEVEL (S1-JC2),CLUBS AND SOCIETIES,DEBATING AND PUBLIC SPEAKING,RAFFLES DEBATERS
RAFFLES INSTITUTION,MIXED LEVEL (S1-JC2),CLUBS AND SOCIETIES,DEBATING AND PUBLIC SPEAKING,RAFFLES DEBATES
RAFFLES INSTITUTION,MIXED LEVEL (S1-JC2),CLUBS AND SOCIETIES,DESIGN AND INNOVATION,RAFFLES RUNWAY
RAFFLES INSTITUTION,MIXED LEVEL (S1-JC2),CLUBS AND SOCIETIES,DIGITAL MEDIA,PHOTOGRAPHIC SOCIETY
RAFFLES INSTITUTION,MIXED LEVEL (S1-JC2),PHYSICAL SPORTS,DIVING,na
RAFFLES INSTITUTION,MIXED LEVEL (S1-JC2),PHYSICAL SPORTS,DRAGON BOAT,DRAGON BOATING
RAFFLES INSTITUTION,MIXED LEVEL (S1-JC2),CLUBS AND SOCIETIES,ENGLISH CULTURE AND LANGUAGE,GAVEL CLUB
RAFFLES INSTITUTION,MIXED LEVEL (S1-JC2),VISUAL AND PERFORMING ARTS,ENGLISH DRAMA,RAFFLES PLAYERS
RAFFLES INSTITUTION,MIXED LEVEL (S1-JC2),CLUBS AND SOCIETIES,ENTREPRENEURSHIP,ENTREPRENEURS' NETWORK
RAFFLES INSTITUTION,MIXED LEVEL (S1-JC2),CLUBS AND SOCIETIES,ENVIRONMENTAL SCIENCE,HUMANITIES CLUB
RAFFLES INSTITUTION,MIXED LEVEL (S1-JC2),CLUBS AND SOCIETIES,ENVIRONMENTAL SCIENCE,RAFFLES ONE EARTH
RAFFLES INSTITUTION,MIXED LEVEL (S1-JC2),PHYSICAL SPORTS,FENCING,na
RAFFLES INSTITUTION,MIXED LEVEL (S1-JC2),CLUBS AND SOCIETIES,FILM,FILM SOCIETY
RAFFLES INSTITUTION,MIXED LEVEL (S1-JC2),PHYSICAL SPORTS,FLOORBALL,na
RAFFLES INSTITUTION,MIXED LEVEL (S1-JC2),PHYSICAL SPORTS,FOOTBALL,na
RAFFLES INSTITUTION,MIXED LEVEL (S1-JC2),PHYSICAL SPORTS,FRISBEE,na
RAFFLES INSTITUTION,MIXED LEVEL (S1-JC2),UNIFORMED GROUPS,GIRL GUIDES,na
RAFFLES INSTITUTION,MIXED LEVEL (S1-JC2),UNIFORMED GROUPS,GIRLS' BRIGADE,na
RAFFLES INSTITUTION,MIXED LEVEL (S1-JC2),PHYSICAL SPORTS,GOLF,na
RAFFLES INSTITUTION,MIXED LEVEL (S1-JC2),VISUAL AND PERFORMING ARTS,GUITAR ENSEMBLE,na
RAFFLES INSTITUTION,MIXED LEVEL (S1-JC2),PHYSICAL SPORTS,HEALTH AND FITNESS,INTER-HOUSE
RAFFLES INSTITUTION,MIXED LEVEL (S1-JC2),CLUBS AND SOCIETIES,HERITAGE,RAFFLES ARCHIVES & MUSEUM
RAFFLES INSTITUTION,MIXED LEVEL (S1-JC2),CLUBS AND SOCIETIES,HISTORY,HISTORY & STRATEGIC AFFAIRS SOCIETY
RAFFLES INSTITUTION,MIXED LEVEL (S1-JC2),PHYSICAL SPORTS,HOCKEY,na
RAFFLES INSTITUTION,MIXED LEVEL (S1-JC2),CLUBS AND SOCIETIES,HOME ECONOMICS,na
RAFFLES INSTITUTION,MIXED LEVEL (S1-JC2),CLUBS AND SOCIETIES,INFOCOMM TECHNOLOGY (COMPUTING),COMPUTER SCIENCE SOCIETY
RAFFLES INSTITUTION,MIXED LEVEL (S1-JC2),CLUBS AND SOCIETIES,INFOCOMM TECHNOLOGY (COMPUTING),INFOCOMM CLUB
RAFFLES INSTITUTION,MIXED LEVEL (S1-JC2),CLUBS AND SOCIETIES,INTERNATIONAL AND GLOBAL STUDIES,RAFFLES ECONOMICS & CURRENT AFFAIRS SOCIETY
RAFFLES INSTITUTION,MIXED LEVEL (S1-JC2),CLUBS AND SOCIETIES,INTERNATIONAL CHESS,CHESS CLUB
RAFFLES INSTITUTION,MIXED LEVEL (S1-JC2),CLUBS AND SOCIETIES,JOURNALISM,RAFFLES PRESS
RAFFLES INSTITUTION,MIXED LEVEL (S1-JC2),PHYSICAL SPORTS,JUDO,na
RAFFLES INSTITUTION,MIXED LEVEL (S1-JC2),VISUAL AND PERFORMING ARTS,KEYBOARD ENSEMBLE,PIANO ENSEMBLE
RAFFLES INSTITUTION,MIXED LEVEL (S1-JC2),VISUAL AND PERFORMING ARTS,MALAY DRAMA,MALAY CULTURAL SOCIETY
RAFFLES INSTITUTION,MIXED LEVEL (S1-JC2),CLUBS AND SOCIETIES,"MALAY LANGUAGE, DRAMA AND DEBATING",na
RAFFLES INSTITUTION,MIXED LEVEL (S1-JC2),CLUBS AND SOCIETIES,MATHEMATICS,MATHEMATICS CLUB
RAFFLES INSTITUTION,MIXED LEVEL (S1-JC2),VISUAL AND PERFORMING ARTS,MODERN DANCE,RAFFLES MODERN DANCE
RAFFLES INSTITUTION,MIXED LEVEL (S1-JC2),CLUBS AND SOCIETIES,MODULAR CCA (C&S),ACADEMIC PROGRAMMES
RAFFLES INSTITUTION,MIXED LEVEL (S1-JC2),PHYSICAL SPORTS,MODULAR CCA (SPORTS),SPORTS RECREATION CLUB
RAFFLES INSTITUTION,MIXED LEVEL (S1-JC2),UNIFORMED GROUPS,NATIONAL CADET CORPS (LAND),na
RAFFLES INSTITUTION,MIXED LEVEL (S1-JC2),UNIFORMED GROUPS,NATIONAL CADET CORPS (SEA),na
RAFFLES INSTITUTION,MIXED LEVEL (S1-JC2),UNIFORMED GROUPS,NATIONAL POLICE CADET CORPS,na
RAFFLES INSTITUTION,MIXED LEVEL (S1-JC2),PHYSICAL SPORTS,NETBALL,na
RAFFLES INSTITUTION,MIXED LEVEL (S1-JC2),PHYSICAL SPORTS,OUTDOOR ADVENTURE,OUTDOOR ADVENTURE & ACTIVITIES CLUB
RAFFLES INSTITUTION,MIXED LEVEL (S1-JC2),CLUBS AND SOCIETIES,PHOTOGRAPHY,PHOTOGRAPHY & ART CLUB
RAFFLES INSTITUTION,MIXED LEVEL (S1-JC2),CLUBS AND SOCIETIES,PHYSICAL SCIENCE,ALCHEMY CLUB
RAFFLES INSTITUTION,MIXED LEVEL (S1-JC2),CLUBS AND SOCIETIES,PHYSICAL SCIENCE,SCIENCE & ASTRONOMY CLUB
RAFFLES INSTITUTION,MIXED LEVEL (S1-JC2),VISUAL AND PERFORMING ARTS,POP AND JAZZ,RAFFLES JAZZ
RAFFLES INSTITUTION,MIXED LEVEL (S1-JC2),CLUBS AND SOCIETIES,PUBLICATION,RAFFLES PUBLICATIONS
RAFFLES INSTITUTION,MIXED LEVEL (S1-JC2),CLUBS AND SOCIETIES,READING AND WRITING,WRITERS' GUILD
RAFFLES INSTITUTION,MIXED LEVEL (S1-JC2),UNIFORMED GROUPS,RED CROSS YOUTH,na
RAFFLES INSTITUTION,MIXED LEVEL (S1-JC2),PHYSICAL SPORTS,RHYTHMIC GYMNASTICS,GYMNASTICS
RAFFLES INSTITUTION,MIXED LEVEL (S1-JC2),CLUBS AND SOCIETIES,ROBOTICS,CLUB AUTOMATICA
RAFFLES INSTITUTION,MIXED LEVEL (S1-JC2),PHYSICAL SPORTS,RUGBY,na
RAFFLES INSTITUTION,MIXED LEVEL (S1-JC2),PHYSICAL SPORTS,SAILING,na
RAFFLES INSTITUTION,MIXED LEVEL (S1-JC2),UNIFORMED GROUPS,SCOUTS,na
RAFFLES INSTITUTION,MIXED LEVEL (S1-JC2),PHYSICAL SPORTS,SHOOTING,na
RAFFLES INSTITUTION,MIXED LEVEL (S1-JC2),VISUAL AND PERFORMING ARTS,SINGAPORE NATIONAL YOUTH CHINESE ORCHESTRA,na
RAFFLES INSTITUTION,MIXED LEVEL (S1-JC2),VISUAL AND PERFORMING ARTS,SINGAPORE NATIONAL YOUTH ORCHESTRA,na
RAFFLES INSTITUTION,MIXED LEVEL (S1-JC2),CLUBS AND SOCIETIES,SINGAPORE YOUTH FLYING CLUB,na
RAFFLES INSTITUTION,MIXED LEVEL (S1-JC2),PHYSICAL SPORTS,SOFTBALL,na
RAFFLES INSTITUTION,MIXED LEVEL (S1-JC2),CLUBS AND SOCIETIES,SPACE SCIENCE,ASTRONOMY CLUB
RAFFLES INSTITUTION,MIXED LEVEL (S1-JC2),PHYSICAL SPORTS,SQUASH,na
RAFFLES INSTITUTION,MIXED LEVEL (S1-JC2),UNIFORMED GROUPS,ST JOHN BRIGADE,na
RAFFLES INSTITUTION,MIXED LEVEL (S1-JC2),CLUBS AND SOCIETIES,STRATEGY GAMES,BRIDGE CLUB
RAFFLES INSTITUTION,MIXED LEVEL (S1-JC2),VISUAL AND PERFORMING ARTS,STRING ENSEMBLE,CHAMBER ENSEMBLE
RAFFLES INSTITUTION,MIXED LEVEL (S1-JC2),VISUAL AND PERFORMING ARTS,STRING ENSEMBLE,STRING ENSEMBLE
RAFFLES INSTITUTION,MIXED LEVEL (S1-JC2),OTHERS,STUDENT LEADERSHIP (COUNCIL),na
RAFFLES INSTITUTION,MIXED LEVEL (S1-JC2),OTHERS,STUDENT LEADERSHIP (HOUSE),na
RAFFLES INSTITUTION,MIXED LEVEL (S1-JC2),PHYSICAL SPORTS,SWIMMING,na
RAFFLES INSTITUTION,MIXED LEVEL (S1-JC2),PHYSICAL SPORTS,TABLE TENNIS,na
RAFFLES INSTITUTION,MIXED LEVEL (S1-JC2),PHYSICAL SPORTS,TAEKWONDO,na
RAFFLES INSTITUTION,MIXED LEVEL (S1-JC2),VISUAL AND PERFORMING ARTS,TAMIL DRAMA,INDIAN CULTURAL SOCIETY
RAFFLES INSTITUTION,MIXED LEVEL (S1-JC2),VISUAL AND PERFORMING ARTS,TAP DANCE,RAFFLES STREET DANCE
RAFFLES INSTITUTION,MIXED LEVEL (S1-JC2),PHYSICAL SPORTS,TENNIS,na
RAFFLES INSTITUTION,MIXED LEVEL (S1-JC2),PHYSICAL SPORTS,TOUCH RUGBY,na
RAFFLES INSTITUTION,MIXED LEVEL (S1-JC2),PHYSICAL SPORTS,TRACK AND FIELD,na
RAFFLES INSTITUTION,MIXED LEVEL (S1-JC2),PHYSICAL SPORTS,TRAMPOLINE,na
RAFFLES INSTITUTION,MIXED LEVEL (S1-JC2),PHYSICAL SPORTS,VOLLEYBALL,na
RAFFLES INSTITUTION,MIXED LEVEL (S1-JC2),PHYSICAL SPORTS,WATER POLO,na
RAFFLES INSTITUTION,MIXED LEVEL (S1-JC2),VISUAL AND PERFORMING ARTS,WESTERN ORCHESTRA,RAFFLES ROCK
RED SWASTIKA SCHOOL,PRIMARY,CLUBS AND SOCIETIES,ART AND CRAFTS,na
RED SWASTIKA SCHOOL,PRIMARY,PHYSICAL SPORTS,BADMINTON,na
RED SWASTIKA SCHOOL,PRIMARY,PHYSICAL SPORTS,BASKETBALL,na
RED SWASTIKA SCHOOL,PRIMARY,PHYSICAL SPORTS,BOWLING,na
RED SWASTIKA SCHOOL,PRIMARY,CLUBS AND SOCIETIES,CHINESE CULTURE AND LANGUAGE,BILINGUAL MEDIA CLUB
RED SWASTIKA SCHOOL,PRIMARY,VISUAL AND PERFORMING ARTS,CHINESE DANCE,na
RED SWASTIKA SCHOOL,PRIMARY,VISUAL AND PERFORMING ARTS,CHINESE ORCHESTRA,na
RED SWASTIKA SCHOOL,PRIMARY,UNIFORMED GROUPS,GIRL GUIDES (BROWNIES),na
RED SWASTIKA SCHOOL,PRIMARY,VISUAL AND PERFORMING ARTS,GUZHENG ENSEMBLE,na
RED SWASTIKA SCHOOL,PRIMARY,VISUAL AND PERFORMING ARTS,MODERN DANCE,na
RED SWASTIKA SCHOOL,PRIMARY,CLUBS AND SOCIETIES,ROBOTICS,na
RED SWASTIKA SCHOOL,PRIMARY,UNIFORMED GROUPS,SCOUTS,na
RED SWASTIKA SCHOOL,PRIMARY,PHYSICAL SPORTS,TABLE TENNIS,na
RED SWASTIKA SCHOOL,PRIMARY,PHYSICAL SPORTS,TRACK AND FIELD,na
RED SWASTIKA SCHOOL,PRIMARY,PHYSICAL SPORTS,WUSHU,na
REGENT SECONDARY SCHOOL,SECONDARY (S1-S5),PHYSICAL SPORTS,BADMINTON,na
REGENT SECONDARY SCHOOL,SECONDARY (S1-S5),PHYSICAL SPORTS,BASKETBALL,na
REGENT SECONDARY SCHOOL,SECONDARY (S1-S5),UNIFORMED GROUPS,BOYS' BRIGADE,na
REGENT SECONDARY SCHOOL,SECONDARY (S1-S5),VISUAL AND PERFORMING ARTS,CHOIR,na
REGENT SECONDARY SCHOOL,SECONDARY (S1-S5),VISUAL AND PERFORMING ARTS,CONCERT BAND,na
REGENT SECONDARY SCHOOL,SECONDARY (S1-S5),CLUBS AND SOCIETIES,DESIGN AND INNOVATION,na
REGENT SECONDARY SCHOOL,SECONDARY (S1-S5),VISUAL AND PERFORMING ARTS,ENGLISH DRAMA,na
REGENT SECONDARY SCHOOL,SECONDARY (S1-S5),CLUBS AND SOCIETIES,ENVIRONMENTAL SCIENCE,na
REGENT SECONDARY SCHOOL,SECONDARY (S1-S5),PHYSICAL SPORTS,FOOTBALL,na
REGENT SECONDARY SCHOOL,SECONDARY (S1-S5),UNIFORMED GROUPS,GIRLS' BRIGADE,na
REGENT SECONDARY SCHOOL,SECONDARY (S1-S5),CLUBS AND SOCIETIES,INFOCOMM TECHNOLOGY (MEDIA PRODUCTION),na
REGENT SECONDARY SCHOOL,SECONDARY (S1-S5),VISUAL AND PERFORMING ARTS,MODERN DANCE,na
REGENT SECONDARY SCHOOL,SECONDARY (S1-S5),UNIFORMED GROUPS,NATIONAL POLICE CADET CORPS,na
REGENT SECONDARY SCHOOL,SECONDARY (S1-S5),PHYSICAL SPORTS,NETBALL,na
REGENT SECONDARY SCHOOL,SECONDARY (S1-S5),UNIFORMED GROUPS,RED CROSS YOUTH,na
REGENT SECONDARY SCHOOL,SECONDARY (S1-S5),CLUBS AND SOCIETIES,ROBOTICS,na
REGENT SECONDARY SCHOOL,SECONDARY (S1-S5),PHYSICAL SPORTS,TAEKWONDO,na
RIVER VALLEY HIGH SCHOOL,MIXED LEVEL (S1-JC2),CLUBS AND SOCIETIES,ART AND CRAFTS,na
RIVER VALLEY HIGH SCHOOL,MIXED LEVEL (S1-JC2),CLUBS AND SOCIETIES,AUDIO VISUAL AID,MULTIMEDIA CLUB
RIVER VALLEY HIGH SCHOOL,MIXED LEVEL (S1-JC2),PHYSICAL SPORTS,BADMINTON,na
RIVER VALLEY HIGH SCHOOL,MIXED LEVEL (S1-JC2),PHYSICAL SPORTS,BASKETBALL,na
RIVER VALLEY HIGH SCHOOL,MIXED LEVEL (S1-JC2),UNIFORMED GROUPS,BOYS' BRIGADE,na
RIVER VALLEY HIGH SCHOOL,MIXED LEVEL (S1-JC2),CLUBS AND SOCIETIES,BROADCASTING,na
RIVER VALLEY HIGH SCHOOL,MIXED LEVEL (S1-JC2),PHYSICAL SPORTS,CANOEING,na
RIVER VALLEY HIGH SCHOOL,MIXED LEVEL (S1-JC2),CLUBS AND SOCIETIES,CHINESE CALLIGRAPHY AND BRUSH PAINTING,na
RIVER VALLEY HIGH SCHOOL,MIXED LEVEL (S1-JC2),CLUBS AND SOCIETIES,CHINESE CHESS,na
RIVER VALLEY HIGH SCHOOL,MIXED LEVEL (S1-JC2),CLUBS AND SOCIETIES,CHINESE CULTURE AND LANGUAGE,BICULTURAL LEADERS ACADEMY
RIVER VALLEY HIGH SCHOOL,MIXED LEVEL (S1-JC2),VISUAL AND PERFORMING ARTS,CHINESE DANCE,na
RIVER VALLEY HIGH SCHOOL,MIXED LEVEL (S1-JC2),VISUAL AND PERFORMING ARTS,CHINESE DRAMA,na
RIVER VALLEY HIGH SCHOOL,MIXED LEVEL (S1-JC2),CLUBS AND SOCIETIES,"CHINESE LANGUAGE, DRAMA AND DEBATING",CHINESE DEBATE
RIVER VALLEY HIGH SCHOOL,MIXED LEVEL (S1-JC2),VISUAL AND PERFORMING ARTS,CHINESE ORCHESTRA,na
RIVER VALLEY HIGH SCHOOL,MIXED LEVEL (S1-JC2),CLUBS AND SOCIETIES,CHINESE WEIQI,na
RIVER VALLEY HIGH SCHOOL,MIXED LEVEL (S1-JC2),VISUAL AND PERFORMING ARTS,CHOIR,na
RIVER VALLEY HIGH SCHOOL,MIXED LEVEL (S1-JC2),CLUBS AND SOCIETIES,COMMUNITY SERVICE,SERVICE & CITIZENSHIP SOCIETY
RIVER VALLEY HIGH SCHOOL,MIXED LEVEL (S1-JC2),VISUAL AND PERFORMING ARTS,CONCERT BAND,na
RIVER VALLEY HIGH SCHOOL,MIXED LEVEL (S1-JC2),PHYSICAL SPORTS,CROSS COUNTRY,na
RIVER VALLEY HIGH SCHOOL,MIXED LEVEL (S1-JC2),VISUAL AND PERFORMING ARTS,ENGLISH DRAMA,na
RIVER VALLEY HIGH SCHOOL,MIXED LEVEL (S1-JC2),CLUBS AND SOCIETIES,"ENGLISH LANGUAGE, DRAMA AND DEBATING",ENGLISH DEBATE
RIVER VALLEY HIGH SCHOOL,MIXED LEVEL (S1-JC2),CLUBS AND SOCIETIES,ENVIRONMENTAL SCIENCE,THE ECO-SUSTAINABILITY LEADERS ACADEMY
RIVER VALLEY HIGH SCHOOL,MIXED LEVEL (S1-JC2),PHYSICAL SPORTS,FLOORBALL,na
RIVER VALLEY HIGH SCHOOL,MIXED LEVEL (S1-JC2),PHYSICAL SPORTS,FOOTBALL,na
RIVER VALLEY HIGH SCHOOL,MIXED LEVEL (S1-JC2),PHYSICAL SPORTS,FRISBEE,na
RIVER VALLEY HIGH SCHOOL,MIXED LEVEL (S1-JC2),UNIFORMED GROUPS,GIRL GUIDES,na
RIVER VALLEY HIGH SCHOOL,MIXED LEVEL (S1-JC2),PHYSICAL SPORTS,GOLF,na
RIVER VALLEY HIGH SCHOOL,MIXED LEVEL (S1-JC2),VISUAL AND PERFORMING ARTS,GUITAR ENSEMBLE,na
RIVER VALLEY HIGH SCHOOL,MIXED LEVEL (S1-JC2),CLUBS AND SOCIETIES,HISTORY,HISTORY & CURRENT AFFAIRS SOCIETY
RIVER VALLEY HIGH SCHOOL,MIXED LEVEL (S1-JC2),CLUBS AND SOCIETIES,INFOCOMM TECHNOLOGY (COMPUTING),na
RIVER VALLEY HIGH SCHOOL,MIXED LEVEL (S1-JC2),CLUBS AND SOCIETIES,INTERNATIONAL AND GLOBAL STUDIES,na
RIVER VALLEY HIGH SCHOOL,MIXED LEVEL (S1-JC2),CLUBS AND SOCIETIES,INTERNATIONAL CHESS,na
RIVER VALLEY HIGH SCHOOL,MIXED LEVEL (S1-JC2),CLUBS AND SOCIETIES,MATHEMATICS,MATHEMATICS LEADERS ACADEMY
RIVER VALLEY HIGH SCHOOL,MIXED LEVEL (S1-JC2),VISUAL AND PERFORMING ARTS,MODERN DANCE,na
RIVER VALLEY HIGH SCHOOL,MIXED LEVEL (S1-JC2),UNIFORMED GROUPS,NATIONAL CADET CORPS (LAND),na
RIVER VALLEY HIGH SCHOOL,MIXED LEVEL (S1-JC2),UNIFORMED GROUPS,NATIONAL CADET CORPS (SEA),na
RIVER VALLEY HIGH SCHOOL,MIXED LEVEL (S1-JC2),UNIFORMED GROUPS,NATIONAL POLICE CADET CORPS,na
RIVER VALLEY HIGH SCHOOL,MIXED LEVEL (S1-JC2),PHYSICAL SPORTS,NETBALL,na
RIVER VALLEY HIGH SCHOOL,MIXED LEVEL (S1-JC2),CLUBS AND SOCIETIES,PHOTOGRAPHY,na
RIVER VALLEY HIGH SCHOOL,MIXED LEVEL (S1-JC2),CLUBS AND SOCIETIES,PHYSICAL SCIENCE,SCIENCE LEADERS ACADEMY
RIVER VALLEY HIGH SCHOOL,MIXED LEVEL (S1-JC2),CLUBS AND SOCIETIES,PUBLICATION,EDITORIAL CLUB
RIVER VALLEY HIGH SCHOOL,MIXED LEVEL (S1-JC2),UNIFORMED GROUPS,SCOUTS,na
RIVER VALLEY HIGH SCHOOL,MIXED LEVEL (S1-JC2),VISUAL AND PERFORMING ARTS,SINGAPORE NATIONAL YOUTH CHINESE ORCHESTRA,na
RIVER VALLEY HIGH SCHOOL,MIXED LEVEL (S1-JC2),VISUAL AND PERFORMING ARTS,SINGAPORE NATIONAL YOUTH ORCHESTRA,na
RIVER VALLEY HIGH SCHOOL,MIXED LEVEL (S1-JC2),CLUBS AND SOCIETIES,SINGAPORE YOUTH FLYING CLUB,na
RIVER VALLEY HIGH SCHOOL,MIXED LEVEL (S1-JC2),CLUBS AND SOCIETIES,SOCIAL STUDIES,HUMANITIES & SOCIAL SCIENCES LEADERS ACADEMY
RIVER VALLEY HIGH SCHOOL,MIXED LEVEL (S1-JC2),PHYSICAL SPORTS,SOFTBALL,na
RIVER VALLEY HIGH SCHOOL,MIXED LEVEL (S1-JC2),PHYSICAL SPORTS,SP-CCA (ATHLETICS),na
RIVER VALLEY HIGH SCHOOL,MIXED LEVEL (S1-JC2),PHYSICAL SPORTS,SP-CCA (WATER POLO),na
RIVER VALLEY HIGH SCHOOL,MIXED LEVEL (S1-JC2),UNIFORMED GROUPS,ST JOHN BRIGADE,na
RIVER VALLEY HIGH SCHOOL,MIXED LEVEL (S1-JC2),OTHERS,STUDENT LEADERSHIP (COUNCIL),STUDENT LEADERSHIP DEVELOPMENT ACADEMY
RIVER VALLEY HIGH SCHOOL,MIXED LEVEL (S1-JC2),PHYSICAL SPORTS,SWIMMING,na
RIVER VALLEY HIGH SCHOOL,MIXED LEVEL (S1-JC2),PHYSICAL SPORTS,TABLE TENNIS,na
RIVER VALLEY HIGH SCHOOL,MIXED LEVEL (S1-JC2),PHYSICAL SPORTS,TAEKWONDO,na
RIVER VALLEY HIGH SCHOOL,MIXED LEVEL (S1-JC2),PHYSICAL SPORTS,TCHOUKBALL,na
RIVER VALLEY HIGH SCHOOL,MIXED LEVEL (S1-JC2),PHYSICAL SPORTS,TRACK AND FIELD,na
RIVER VALLEY HIGH SCHOOL,MIXED LEVEL (S1-JC2),PHYSICAL SPORTS,VOLLEYBALL,na
RIVER VALLEY HIGH SCHOOL,MIXED LEVEL (S1-JC2),PHYSICAL SPORTS,WUSHU,na
RIVER VALLEY PRIMARY SCHOOL,PRIMARY,CLUBS AND SOCIETIES,ART AND CRAFTS,VISUAL ARTS CLUB
RIVER VALLEY PRIMARY SCHOOL,PRIMARY,PHYSICAL SPORTS,BADMINTON,na
RIVER VALLEY PRIMARY SCHOOL,PRIMARY,PHYSICAL SPORTS,BASKETBALL,na
RIVER VALLEY PRIMARY SCHOOL,PRIMARY,CLUBS AND SOCIETIES,CHINESE WEIQI,na
RIVER VALLEY PRIMARY SCHOOL,PRIMARY,VISUAL AND PERFORMING ARTS,CHOIR,na
RIVER VALLEY PRIMARY SCHOOL,PRIMARY,VISUAL AND PERFORMING ARTS,CONCERT BAND,na
RIVER VALLEY PRIMARY SCHOOL,PRIMARY,VISUAL AND PERFORMING ARTS,ENGLISH DRAMA,na
RIVER VALLEY PRIMARY SCHOOL,PRIMARY,PHYSICAL SPORTS,FLOORBALL,na
RIVER VALLEY PRIMARY SCHOOL,PRIMARY,PHYSICAL SPORTS,FOOTBALL,na
RIVER VALLEY PRIMARY SCHOOL,PRIMARY,UNIFORMED GROUPS,GIRL GUIDES (BROWNIES),BROWNIES
RIVER VALLEY PRIMARY SCHOOL,PRIMARY,CLUBS AND SOCIETIES,INFOCOMM TECHNOLOGY (COMPUTING),INFOCOMM TECHNOLOGY
RIVER VALLEY PRIMARY SCHOOL,PRIMARY,VISUAL AND PERFORMING ARTS,MODERN DANCE,DANCE ENSEMBLE
RIVER VALLEY PRIMARY SCHOOL,PRIMARY,PHYSICAL SPORTS,NETBALL,na
RIVER VALLEY PRIMARY SCHOOL,PRIMARY,UNIFORMED GROUPS,RED CROSS YOUTH,na
RIVER VALLEY PRIMARY SCHOOL,PRIMARY,UNIFORMED GROUPS,SCOUTS,na
RIVER VALLEY PRIMARY SCHOOL,PRIMARY,OTHERS,STUDENT LEADERSHIP (HOUSE),CCA LEADERS
RIVER VALLEY PRIMARY SCHOOL,PRIMARY,OTHERS,STUDENT LEADERSHIP (PREFECT),STUDENT COUNCIL
RIVER VALLEY PRIMARY SCHOOL,PRIMARY,CLUBS AND SOCIETIES,STUDENTS' COUNCIL,na
RIVER VALLEY PRIMARY SCHOOL,PRIMARY,PHYSICAL SPORTS,VOLLEYBALL,na
RIVER VALLEY PRIMARY SCHOOL,PRIMARY,PHYSICAL SPORTS,WUSHU,na
RIVERSIDE PRIMARY SCHOOL,PRIMARY,CLUBS AND SOCIETIES,ART AND CRAFTS,na
RIVERSIDE PRIMARY SCHOOL,PRIMARY,PHYSICAL SPORTS,BADMINTON,na
RIVERSIDE PRIMARY SCHOOL,PRIMARY,PHYSICAL SPORTS,BASKETBALL,na
RIVERSIDE PRIMARY SCHOOL,PRIMARY,VISUAL AND PERFORMING ARTS,CHOIR,na
RIVERSIDE PRIMARY SCHOOL,PRIMARY,VISUAL AND PERFORMING ARTS,ENGLISH DRAMA,na
RIVERSIDE PRIMARY SCHOOL,PRIMARY,CLUBS AND SOCIETIES,ENVIRONMENTAL SCIENCE,na
RIVERSIDE PRIMARY SCHOOL,PRIMARY,PHYSICAL SPORTS,FLOORBALL,na
RIVERSIDE PRIMARY SCHOOL,PRIMARY,PHYSICAL SPORTS,FOOTBALL,na
RIVERSIDE PRIMARY SCHOOL,PRIMARY,CLUBS AND SOCIETIES,HOME ECONOMICS,na
RIVERSIDE PRIMARY SCHOOL,PRIMARY,VISUAL AND PERFORMING ARTS,MODERN DANCE,na
RIVERSIDE PRIMARY SCHOOL,PRIMARY,PHYSICAL SPORTS,NETBALL,na
RIVERSIDE PRIMARY SCHOOL,PRIMARY,CLUBS AND SOCIETIES,ROBOTICS,PLAY CLUB
RIVERSIDE PRIMARY SCHOOL,PRIMARY,UNIFORMED GROUPS,SCOUTS,na
RIVERSIDE PRIMARY SCHOOL,PRIMARY,VISUAL AND PERFORMING ARTS,STRING ENSEMBLE,na
RIVERSIDE PRIMARY SCHOOL,PRIMARY,PHYSICAL SPORTS,TRACK AND FIELD,na
RIVERSIDE SECONDARY SCHOOL,SECONDARY (S1-S5),CLUBS AND SOCIETIES,ART AND CRAFTS,VISUAL ARTS
RIVERSIDE SECONDARY SCHOOL,SECONDARY (S1-S5),CLUBS AND SOCIETIES,AUDIO VISUAL AID,na
RIVERSIDE SECONDARY SCHOOL,SECONDARY (S1-S5),PHYSICAL SPORTS,BADMINTON,na
RIVERSIDE SECONDARY SCHOOL,SECONDARY (S1-S5),PHYSICAL SPORTS,BASKETBALL,na
RIVERSIDE SECONDARY SCHOOL,SECONDARY (S1-S5),UNIFORMED GROUPS,BOYS' BRIGADE,na
RIVERSIDE SECONDARY SCHOOL,SECONDARY (S1-S5),VISUAL AND PERFORMING ARTS,CHINESE DANCE,na
RIVERSIDE SECONDARY SCHOOL,SECONDARY (S1-S5),VISUAL AND PERFORMING ARTS,CHOIR,na
RIVERSIDE SECONDARY SCHOOL,SECONDARY (S1-S5),VISUAL AND PERFORMING ARTS,CONCERT BAND,na
RIVERSIDE SECONDARY SCHOOL,SECONDARY (S1-S5),VISUAL AND PERFORMING ARTS,CULTURAL DANCE,MULTI-CULTURAL DANCE SOCIETY
RIVERSIDE SECONDARY SCHOOL,SECONDARY (S1-S5),VISUAL AND PERFORMING ARTS,ENGLISH DRAMA,na
RIVERSIDE SECONDARY SCHOOL,SECONDARY (S1-S5),CLUBS AND SOCIETIES,ENVIRONMENTAL SCIENCE,na
RIVERSIDE SECONDARY SCHOOL,SECONDARY (S1-S5),PHYSICAL SPORTS,FOOTBALL,na
RIVERSIDE SECONDARY SCHOOL,SECONDARY (S1-S5),UNIFORMED GROUPS,GIRLS' BRIGADE,na
RIVERSIDE SECONDARY SCHOOL,SECONDARY (S1-S5),VISUAL AND PERFORMING ARTS,INDIAN DANCE,na
RIVERSIDE SECONDARY SCHOOL,SECONDARY (S1-S5),CLUBS AND SOCIETIES,INFOCOMM TECHNOLOGY (MEDIA PRODUCTION),DIGITAL MEDIA CLUB
RIVERSIDE SECONDARY SCHOOL,SECONDARY (S1-S5),VISUAL AND PERFORMING ARTS,MALAY DANCE,na
RIVERSIDE SECONDARY SCHOOL,SECONDARY (S1-S5),VISUAL AND PERFORMING ARTS,MODERN DANCE,na
RIVERSIDE SECONDARY SCHOOL,SECONDARY (S1-S5),UNIFORMED GROUPS,NATIONAL CADET CORPS (SEA),na
RIVERSIDE SECONDARY SCHOOL,SECONDARY (S1-S5),UNIFORMED GROUPS,NATIONAL CIVIL DEFENCE CADET CORPS,na
RIVERSIDE SECONDARY SCHOOL,SECONDARY (S1-S5),UNIFORMED GROUPS,NATIONAL POLICE CADET CORPS,na
RIVERSIDE SECONDARY SCHOOL,SECONDARY (S1-S5),PHYSICAL SPORTS,NETBALL,na
RIVERSIDE SECONDARY SCHOOL,SECONDARY (S1-S5),CLUBS AND SOCIETIES,ROBOTICS,na
RIVERSIDE SECONDARY SCHOOL,SECONDARY (S1-S5),PHYSICAL SPORTS,SOFTBALL,na
RIVERSIDE SECONDARY SCHOOL,SECONDARY (S1-S5),PHYSICAL SPORTS,SP-CCA (ATHLETICS),na
RIVERVALE PRIMARY SCHOOL,PRIMARY,CLUBS AND SOCIETIES,ART AND CRAFTS,na
RIVERVALE PRIMARY SCHOOL,PRIMARY,PHYSICAL SPORTS,BADMINTON,na
RIVERVALE PRIMARY SCHOOL,PRIMARY,PHYSICAL SPORTS,BASKETBALL,na
RIVERVALE PRIMARY SCHOOL,PRIMARY,VISUAL AND PERFORMING ARTS,BRASS BAND,na
RIVERVALE PRIMARY SCHOOL,PRIMARY,VISUAL AND PERFORMING ARTS,CHOIR,na
RIVERVALE PRIMARY SCHOOL,PRIMARY,CLUBS AND SOCIETIES,DEBATING AND PUBLIC SPEAKING,DRAMA
RIVERVALE PRIMARY SCHOOL,PRIMARY,PHYSICAL SPORTS,FOOTBALL,na
RIVERVALE PRIMARY SCHOOL,PRIMARY,VISUAL AND PERFORMING ARTS,GUZHENG ENSEMBLE,na
RIVERVALE PRIMARY SCHOOL,PRIMARY,PHYSICAL SPORTS,HOCKEY,na
RIVERVALE PRIMARY SCHOOL,PRIMARY,CLUBS AND SOCIETIES,HOME ECONOMICS,LIFESKILLS
RIVERVALE PRIMARY SCHOOL,PRIMARY,CLUBS AND SOCIETIES,INFOCOMM TECHNOLOGY (MEDIA PRODUCTION),MEDIA CLUB
RIVERVALE PRIMARY SCHOOL,PRIMARY,VISUAL AND PERFORMING ARTS,MODERN DANCE,INTERNATIONAL DANCE
RIVERVALE PRIMARY SCHOOL,PRIMARY,PHYSICAL SPORTS,MODULAR CCA (SPORTS),na
RIVERVALE PRIMARY SCHOOL,PRIMARY,PHYSICAL SPORTS,NETBALL,na
RIVERVALE PRIMARY SCHOOL,PRIMARY,UNIFORMED GROUPS,RED CROSS YOUTH,na
RIVERVALE PRIMARY SCHOOL,PRIMARY,CLUBS AND SOCIETIES,ROBOTICS,na
RIVERVALE PRIMARY SCHOOL,PRIMARY,PHYSICAL SPORTS,TAEKWONDO,na
ROSYTH SCHOOL,PRIMARY,CLUBS AND SOCIETIES,ART AND CRAFTS,na
ROSYTH SCHOOL,PRIMARY,PHYSICAL SPORTS,BADMINTON,BADMINTON
ROSYTH SCHOOL,PRIMARY,PHYSICAL SPORTS,BASKETBALL,na
ROSYTH SCHOOL,PRIMARY,VISUAL AND PERFORMING ARTS,CHINESE DANCE,na
ROSYTH SCHOOL,PRIMARY,VISUAL AND PERFORMING ARTS,CHINESE ORCHESTRA,na
ROSYTH SCHOOL,PRIMARY,VISUAL AND PERFORMING ARTS,CHOIR,na
ROSYTH SCHOOL,PRIMARY,VISUAL AND PERFORMING ARTS,COMICS AND ILLUSTRATION,MANGA ART
ROSYTH SCHOOL,PRIMARY,VISUAL AND PERFORMING ARTS,CONCERT BAND,na
ROSYTH SCHOOL,PRIMARY,CLUBS AND SOCIETIES,DEBATING AND PUBLIC SPEAKING,na
ROSYTH SCHOOL,PRIMARY,CLUBS AND SOCIETIES,"ENGLISH LANGUAGE, DRAMA AND DEBATING",ORATORICAL CLUB
ROSYTH SCHOOL,PRIMARY,CLUBS AND SOCIETIES,ENVIRONMENTAL SCIENCE,na
ROSYTH SCHOOL,PRIMARY,PHYSICAL SPORTS,FOOTBALL,na
ROSYTH SCHOOL,PRIMARY,UNIFORMED GROUPS,GIRL GUIDES (BROWNIES),na
ROSYTH SCHOOL,PRIMARY,PHYSICAL SPORTS,HEALTH AND FITNESS,na
ROSYTH SCHOOL,PRIMARY,CLUBS AND SOCIETIES,INFOCOMM TECHNOLOGY (COMPUTING),na
ROSYTH SCHOOL,PRIMARY,CLUBS AND SOCIETIES,INFOCOMM TECHNOLOGY (MEDIA PRODUCTION),na
ROSYTH SCHOOL,PRIMARY,CLUBS AND SOCIETIES,INTERNATIONAL CHESS,na
ROSYTH SCHOOL,PRIMARY,CLUBS AND SOCIETIES,MATHEMATICS,E2K MATHS
ROSYTH SCHOOL,PRIMARY,VISUAL AND PERFORMING ARTS,MODERN DANCE,na
ROSYTH SCHOOL,PRIMARY,PHYSICAL SPORTS,MODULAR CCA (SPORTS),na
ROSYTH SCHOOL,PRIMARY,CLUBS AND SOCIETIES,PHYSICAL SCIENCE,E2K SCIENCE
ROSYTH SCHOOL,PRIMARY,CLUBS AND SOCIETIES,ROBOTICS,na
ROSYTH SCHOOL,PRIMARY,UNIFORMED GROUPS,SCOUTS,na
ROSYTH SCHOOL,PRIMARY,PHYSICAL SPORTS,TENNIS,na
ROSYTH SCHOOL,PRIMARY,PHYSICAL SPORTS,TRACK AND FIELD,na
ROSYTH SCHOOL,PRIMARY,PHYSICAL SPORTS,WUSHU,na
RULANG PRIMARY SCHOOL,PRIMARY,CLUBS AND SOCIETIES,ART AND CRAFTS,Art Club
RULANG PRIMARY SCHOOL,PRIMARY,PHYSICAL SPORTS,BADMINTON,na
RULANG PRIMARY SCHOOL,PRIMARY,PHYSICAL SPORTS,BASKETBALL,na
RULANG PRIMARY SCHOOL,PRIMARY,VISUAL AND PERFORMING ARTS,CHINESE DANCE,na
RULANG PRIMARY SCHOOL,PRIMARY,VISUAL AND PERFORMING ARTS,CHINESE ORCHESTRA,na
RULANG PRIMARY SCHOOL,PRIMARY,VISUAL AND PERFORMING ARTS,CHOIR,na
RULANG PRIMARY SCHOOL,PRIMARY,CLUBS AND SOCIETIES,ENVIRONMENTAL SCIENCE,na
RULANG PRIMARY SCHOOL,PRIMARY,UNIFORMED GROUPS,GIRL GUIDES (BROWNIES),BROWNIES
RULANG PRIMARY SCHOOL,PRIMARY,PHYSICAL SPORTS,HANDBALL,MULTI-SPORT (FRIDAY)
RULANG PRIMARY SCHOOL,PRIMARY,CLUBS AND SOCIETIES,INFOCOMM TECHNOLOGY (MEDIA PRODUCTION),na
RULANG PRIMARY SCHOOL,PRIMARY,CLUBS AND SOCIETIES,INTERNATIONAL CHESS,na
RULANG PRIMARY SCHOOL,PRIMARY,VISUAL AND PERFORMING ARTS,MALAY DANCE,INT DANCE
RULANG PRIMARY SCHOOL,PRIMARY,CLUBS AND SOCIETIES,ROBOTICS,na
RULANG PRIMARY SCHOOL,PRIMARY,PHYSICAL SPORTS,ROPE SKIPPING,na
RULANG PRIMARY SCHOOL,PRIMARY,UNIFORMED GROUPS,SCOUTS,na
RULANG PRIMARY SCHOOL,PRIMARY,PHYSICAL SPORTS,SOFTBALL,na
RULANG PRIMARY SCHOOL,PRIMARY,OTHERS,STUDENT LEADERSHIP (PREFECT),na
RULANG PRIMARY SCHOOL,PRIMARY,PHYSICAL SPORTS,VOLLEYBALL,MULTI-SPORT (MONDAY)
RULANG PRIMARY SCHOOL,PRIMARY,PHYSICAL SPORTS,WUSHU,na
"SCHOOL OF SCIENCE AND TECHNOLOGY, SINGAPORE",SECONDARY (S1-S4),PHYSICAL SPORTS,ARCHERY,na
"SCHOOL OF SCIENCE AND TECHNOLOGY, SINGAPORE",SECONDARY (S1-S4),PHYSICAL SPORTS,ARTISTIC GYMNASTICS,na
"SCHOOL OF SCIENCE AND TECHNOLOGY, SINGAPORE",SECONDARY (S1-S4),PHYSICAL SPORTS,BADMINTON,na
"SCHOOL OF SCIENCE AND TECHNOLOGY, SINGAPORE",SECONDARY (S1-S4),PHYSICAL SPORTS,BASKETBALL,na
"SCHOOL OF SCIENCE AND TECHNOLOGY, SINGAPORE",SECONDARY (S1-S4),CLUBS AND SOCIETIES,BIOLOGICAL SCIENCE,APPLIED RESEARCH CLUB@SST
"SCHOOL OF SCIENCE AND TECHNOLOGY, SINGAPORE",SECONDARY (S1-S4),PHYSICAL SPORTS,CANOEING,na
"SCHOOL OF SCIENCE AND TECHNOLOGY, SINGAPORE",SECONDARY (S1-S4),CLUBS AND SOCIETIES,CHINESE CULTURE AND LANGUAGE,na
"SCHOOL OF SCIENCE AND TECHNOLOGY, SINGAPORE",SECONDARY (S1-S4),CLUBS AND SOCIETIES,DESIGN AND INNOVATION,na
"SCHOOL OF SCIENCE AND TECHNOLOGY, SINGAPORE",SECONDARY (S1-S4),PHYSICAL SPORTS,DIVING,na
"SCHOOL OF SCIENCE AND TECHNOLOGY, SINGAPORE",SECONDARY (S1-S4),CLUBS AND SOCIETIES,ENGLISH CULTURE AND LANGUAGE,na
"SCHOOL OF SCIENCE AND TECHNOLOGY, SINGAPORE",SECONDARY (S1-S4),VISUAL AND PERFORMING ARTS,ENGLISH DRAMA,ENGLISH DRAMA CLUB
"SCHOOL OF SCIENCE AND TECHNOLOGY, SINGAPORE",SECONDARY (S1-S4),CLUBS AND SOCIETIES,ENTREPRENEURSHIP,INNOVATION AND ENTREPRENEURSHIP TDP
"SCHOOL OF SCIENCE AND TECHNOLOGY, SINGAPORE",SECONDARY (S1-S4),CLUBS AND SOCIETIES,ENVIRONMENTAL SCIENCE,na
"SCHOOL OF SCIENCE AND TECHNOLOGY, SINGAPORE",SECONDARY (S1-S4),PHYSICAL SPORTS,FENCING,na
"SCHOOL OF SCIENCE AND TECHNOLOGY, SINGAPORE",SECONDARY (S1-S4),PHYSICAL SPORTS,FLOORBALL,na
"SCHOOL OF SCIENCE AND TECHNOLOGY, SINGAPORE",SECONDARY (S1-S4),PHYSICAL SPORTS,FOOTBALL,na
"SCHOOL OF SCIENCE AND TECHNOLOGY, SINGAPORE",SECONDARY (S1-S4),PHYSICAL SPORTS,FRISBEE,na
"SCHOOL OF SCIENCE AND TECHNOLOGY, SINGAPORE",SECONDARY (S1-S4),VISUAL AND PERFORMING ARTS,GUITAR ENSEMBLE,na
"SCHOOL OF SCIENCE AND TECHNOLOGY, SINGAPORE",SECONDARY (S1-S4),PHYSICAL SPORTS,HANDBALL,na
"SCHOOL OF SCIENCE AND TECHNOLOGY, SINGAPORE",SECONDARY (S1-S4),CLUBS AND SOCIETIES,HISTORY,HUMANITIES CLUB
"SCHOOL OF SCIENCE AND TECHNOLOGY, SINGAPORE",SECONDARY (S1-S4),CLUBS AND SOCIETIES,INDIAN CULTURE AND LANGUAGE,na
"SCHOOL OF SCIENCE AND TECHNOLOGY, SINGAPORE",SECONDARY (S1-S4),CLUBS AND SOCIETIES,INFOCOMM TECHNOLOGY (COMPUTING),na
"SCHOOL OF SCIENCE AND TECHNOLOGY, SINGAPORE",SECONDARY (S1-S4),CLUBS AND SOCIETIES,INFOCOMM TECHNOLOGY (MEDIA PRODUCTION),MEDIA CLUB
"SCHOOL OF SCIENCE AND TECHNOLOGY, SINGAPORE",SECONDARY (S1-S4),CLUBS AND SOCIETIES,MALAY CULTURE AND LANGUAGE,na
"SCHOOL OF SCIENCE AND TECHNOLOGY, SINGAPORE",SECONDARY (S1-S4),CLUBS AND SOCIETIES,MATHEMATICS,MATHEMATICS CLUB
"SCHOOL OF SCIENCE AND TECHNOLOGY, SINGAPORE",SECONDARY (S1-S4),CLUBS AND SOCIETIES,MODULAR CCA (C&S),CYBER WELLNESS
"SCHOOL OF SCIENCE AND TECHNOLOGY, SINGAPORE",SECONDARY (S1-S4),CLUBS AND SOCIETIES,NATIONAL EDUCATION,na
"SCHOOL OF SCIENCE AND TECHNOLOGY, SINGAPORE",SECONDARY (S1-S4),CLUBS AND SOCIETIES,PHYSICAL SCIENCE,SCIENCE CLUB
"SCHOOL OF SCIENCE AND TECHNOLOGY, SINGAPORE",SECONDARY (S1-S4),VISUAL AND PERFORMING ARTS,POP AND JAZZ,SHOW CHOIR AND DANCE
"SCHOOL OF SCIENCE AND TECHNOLOGY, SINGAPORE",SECONDARY (S1-S4),CLUBS AND SOCIETIES,ROBOTICS,na
"SCHOOL OF SCIENCE AND TECHNOLOGY, SINGAPORE",SECONDARY (S1-S4),PHYSICAL SPORTS,SAILING,na
"SCHOOL OF SCIENCE AND TECHNOLOGY, SINGAPORE",SECONDARY (S1-S4),UNIFORMED GROUPS,SCOUTS,na
"SCHOOL OF SCIENCE AND TECHNOLOGY, SINGAPORE",SECONDARY (S1-S4),CLUBS AND SOCIETIES,SINGAPORE YOUTH FLYING CLUB,na
"SCHOOL OF SCIENCE AND TECHNOLOGY, SINGAPORE",SECONDARY (S1-S4),PHYSICAL SPORTS,SP-CCA (WATER POLO),na
"SCHOOL OF SCIENCE AND TECHNOLOGY, SINGAPORE",SECONDARY (S1-S4),CLUBS AND SOCIETIES,SPACE SCIENCE,ASTRONOMY CLUB
"SCHOOL OF SCIENCE AND TECHNOLOGY, SINGAPORE",SECONDARY (S1-S4),PHYSICAL SPORTS,SWIMMING,na
"SCHOOL OF SCIENCE AND TECHNOLOGY, SINGAPORE",SECONDARY (S1-S4),PHYSICAL SPORTS,TAEKWONDO,na
"SCHOOL OF SCIENCE AND TECHNOLOGY, SINGAPORE",SECONDARY (S1-S4),PHYSICAL SPORTS,TCHOUKBALL,na
"SCHOOL OF SCIENCE AND TECHNOLOGY, SINGAPORE",SECONDARY (S1-S4),PHYSICAL SPORTS,TRACK AND FIELD,ATHLETICS
SEMBAWANG PRIMARY SCHOOL,PRIMARY,CLUBS AND SOCIETIES,ART AND CRAFTS,na
SEMBAWANG PRIMARY SCHOOL,PRIMARY,PHYSICAL SPORTS,BADMINTON,na
SEMBAWANG PRIMARY SCHOOL,PRIMARY,VISUAL AND PERFORMING ARTS,CHINESE DANCE,na
SEMBAWANG PRIMARY SCHOOL,PRIMARY,VISUAL AND PERFORMING ARTS,CHINESE ORCHESTRA,na
SEMBAWANG PRIMARY SCHOOL,PRIMARY,VISUAL AND PERFORMING ARTS,CHOIR,na
SEMBAWANG PRIMARY SCHOOL,PRIMARY,VISUAL AND PERFORMING ARTS,ENGLISH DRAMA,na
SEMBAWANG PRIMARY SCHOOL,PRIMARY,CLUBS AND SOCIETIES,INFOCOMM TECHNOLOGY (COMPUTING),na
SEMBAWANG PRIMARY SCHOOL,PRIMARY,CLUBS AND SOCIETIES,INTERNATIONAL CHESS,na
SEMBAWANG PRIMARY SCHOOL,PRIMARY,VISUAL AND PERFORMING ARTS,MODERN DANCE,na
SEMBAWANG PRIMARY SCHOOL,PRIMARY,CLUBS AND SOCIETIES,PHYSICAL SCIENCE,na
SEMBAWANG PRIMARY SCHOOL,PRIMARY,UNIFORMED GROUPS,RED CROSS YOUTH,na
SEMBAWANG PRIMARY SCHOOL,PRIMARY,PHYSICAL SPORTS,RUGBY,na
SEMBAWANG PRIMARY SCHOOL,PRIMARY,PHYSICAL SPORTS,SOFTBALL,na
SEMBAWANG PRIMARY SCHOOL,PRIMARY,OTHERS,STUDENT LEADERSHIP (PREFECT),na
SEMBAWANG PRIMARY SCHOOL,PRIMARY,PHYSICAL SPORTS,TABLE TENNIS,na
SEMBAWANG PRIMARY SCHOOL,PRIMARY,PHYSICAL SPORTS,TRACK AND FIELD,na
SEMBAWANG SECONDARY SCHOOL,SECONDARY (S1-S5),CLUBS AND SOCIETIES,AUDIO VISUAL AID,na
SEMBAWANG SECONDARY SCHOOL,SECONDARY (S1-S5),PHYSICAL SPORTS,BADMINTON,na
SEMBAWANG SECONDARY SCHOOL,SECONDARY (S1-S5),UNIFORMED GROUPS,BOYS' BRIGADE,na
SEMBAWANG SECONDARY SCHOOL,SECONDARY (S1-S5),VISUAL AND PERFORMING ARTS,CHINESE DANCE,na
SEMBAWANG SECONDARY SCHOOL,SECONDARY (S1-S5),VISUAL AND PERFORMING ARTS,CONCERT BAND,na
SEMBAWANG SECONDARY SCHOOL,SECONDARY (S1-S5),PHYSICAL SPORTS,FLOORBALL,na
SEMBAWANG SECONDARY SCHOOL,SECONDARY (S1-S5),PHYSICAL SPORTS,FOOTBALL,na
SEMBAWANG SECONDARY SCHOOL,SECONDARY (S1-S5),UNIFORMED GROUPS,GIRLS' BRIGADE,na
SEMBAWANG SECONDARY SCHOOL,SECONDARY (S1-S5),CLUBS AND SOCIETIES,INFOCOMM TECHNOLOGY (MEDIA PRODUCTION),na
SEMBAWANG SECONDARY SCHOOL,SECONDARY (S1-S5),VISUAL AND PERFORMING ARTS,MALAY DANCE,na
SEMBAWANG SECONDARY SCHOOL,SECONDARY (S1-S5),UNIFORMED GROUPS,NATIONAL CADET CORPS (SEA),na
SEMBAWANG SECONDARY SCHOOL,SECONDARY (S1-S5),UNIFORMED GROUPS,NATIONAL POLICE CADET CORPS,na
SEMBAWANG SECONDARY SCHOOL,SECONDARY (S1-S5),PHYSICAL SPORTS,NETBALL,na
SEMBAWANG SECONDARY SCHOOL,SECONDARY (S1-S5),OTHERS,STUDENT LEADERSHIP (COUNCIL),na
SEMBAWANG SECONDARY SCHOOL,SECONDARY (S1-S5),OTHERS,STUDENT LEADERSHIP (HOUSE),na
SEMBAWANG SECONDARY SCHOOL,SECONDARY (S1-S5),CLUBS AND SOCIETIES,STUDENTS' COUNCIL,na
SEMBAWANG SECONDARY SCHOOL,SECONDARY (S1-S5),PHYSICAL SPORTS,VOLLEYBALL,na
SENG KANG PRIMARY SCHOOL,PRIMARY,CLUBS AND SOCIETIES,ART AND CRAFTS,na
SENG KANG PRIMARY SCHOOL,PRIMARY,PHYSICAL SPORTS,BASKETBALL,na
SENG KANG PRIMARY SCHOOL,PRIMARY,CLUBS AND SOCIETIES,"ENGLISH LANGUAGE, DRAMA AND DEBATING",na
SENG KANG PRIMARY SCHOOL,PRIMARY,UNIFORMED GROUPS,GIRL GUIDES (BROWNIES),na
SENG KANG PRIMARY SCHOOL,PRIMARY,VISUAL AND PERFORMING ARTS,HANDBELL ENSEMBLE,na
SENG KANG PRIMARY SCHOOL,PRIMARY,PHYSICAL SPORTS,HOCKEY,na
SENG KANG PRIMARY SCHOOL,PRIMARY,CLUBS AND SOCIETIES,INFOCOMM TECHNOLOGY (COMPUTING),ICT Club
SENG KANG PRIMARY SCHOOL,PRIMARY,CLUBS AND SOCIETIES,INTERNATIONAL CHESS,na
SENG KANG PRIMARY SCHOOL,PRIMARY,VISUAL AND PERFORMING ARTS,MALAY DANCE,na
SENG KANG PRIMARY SCHOOL,PRIMARY,VISUAL AND PERFORMING ARTS,MODERN DANCE,na
SENG KANG PRIMARY SCHOOL,PRIMARY,PHYSICAL SPORTS,MODULAR CCA (SPORTS),na
SENG KANG PRIMARY SCHOOL,PRIMARY,UNIFORMED GROUPS,SCOUTS,na
SENG KANG PRIMARY SCHOOL,PRIMARY,PHYSICAL SPORTS,SOFTBALL,na
SENG KANG PRIMARY SCHOOL,PRIMARY,PHYSICAL SPORTS,TRACK AND FIELD,na
SENG KANG SECONDARY SCHOOL,SECONDARY (S1-S5),CLUBS AND SOCIETIES,ART AND CRAFTS,na
SENG KANG SECONDARY SCHOOL,SECONDARY (S1-S5),CLUBS AND SOCIETIES,AUDIO VISUAL AID,MEDIA SERVICES CLUB
SENG KANG SECONDARY SCHOOL,SECONDARY (S1-S5),PHYSICAL SPORTS,BADMINTON,na
SENG KANG SECONDARY SCHOOL,SECONDARY (S1-S5),PHYSICAL SPORTS,BASKETBALL,na
SENG KANG SECONDARY SCHOOL,SECONDARY (S1-S5),VISUAL AND PERFORMING ARTS,CHOIR,na
SENG KANG SECONDARY SCHOOL,SECONDARY (S1-S5),VISUAL AND PERFORMING ARTS,CONCERT BAND,na
SENG KANG SECONDARY SCHOOL,SECONDARY (S1-S5),VISUAL AND PERFORMING ARTS,ENGLISH DRAMA,na
SENG KANG SECONDARY SCHOOL,SECONDARY (S1-S5),PHYSICAL SPORTS,FOOTBALL,na
SENG KANG SECONDARY SCHOOL,SECONDARY (S1-S5),UNIFORMED GROUPS,GIRL GUIDES,na
SENG KANG SECONDARY SCHOOL,SECONDARY (S1-S5),VISUAL AND PERFORMING ARTS,GUZHENG ENSEMBLE,na
SENG KANG SECONDARY SCHOOL,SECONDARY (S1-S5),PHYSICAL SPORTS,HOCKEY,na
SENG KANG SECONDARY SCHOOL,SECONDARY (S1-S5),VISUAL AND PERFORMING ARTS,MODERN DANCE,na
SENG KANG SECONDARY SCHOOL,SECONDARY (S1-S5),UNIFORMED GROUPS,NATIONAL CADET CORPS (LAND),na
SENG KANG SECONDARY SCHOOL,SECONDARY (S1-S5),UNIFORMED GROUPS,NATIONAL POLICE CADET CORPS,na
SENG KANG SECONDARY SCHOOL,SECONDARY (S1-S5),PHYSICAL SPORTS,NETBALL,na
SENG KANG SECONDARY SCHOOL,SECONDARY (S1-S5),UNIFORMED GROUPS,RED CROSS YOUTH,na
SENG KANG SECONDARY SCHOOL,SECONDARY (S1-S5),PHYSICAL SPORTS,SP-CCA (ATHLETICS),na
SENG KANG SECONDARY SCHOOL,SECONDARY (S1-S5),PHYSICAL SPORTS,SP-CCA (WATER POLO),na
SENG KANG SECONDARY SCHOOL,SECONDARY (S1-S5),OTHERS,STUDENT LEADERSHIP (COUNCIL),na
SENG KANG SECONDARY SCHOOL,SECONDARY (S1-S5),OTHERS,STUDENT LEADERSHIP (HOUSE),na
SENGKANG GREEN PRIMARY SCHOOL,PRIMARY,CLUBS AND SOCIETIES,ART AND CRAFTS,na
SENGKANG GREEN PRIMARY SCHOOL,PRIMARY,PHYSICAL SPORTS,BASKETBALL,na
SENGKANG GREEN PRIMARY SCHOOL,PRIMARY,VISUAL AND PERFORMING ARTS,CHINESE DANCE,na
SENGKANG GREEN PRIMARY SCHOOL,PRIMARY,VISUAL AND PERFORMING ARTS,CHOIR,na
SENGKANG GREEN PRIMARY SCHOOL,PRIMARY,CLUBS AND SOCIETIES,DIGITAL MEDIA,na
SENGKANG GREEN PRIMARY SCHOOL,PRIMARY,VISUAL AND PERFORMING ARTS,ENGLISH DRAMA,na
SENGKANG GREEN PRIMARY SCHOOL,PRIMARY,CLUBS AND SOCIETIES,ENVIRONMENTAL SCIENCE,na
SENGKANG GREEN PRIMARY SCHOOL,PRIMARY,PHYSICAL SPORTS,FLOORBALL,na
SENGKANG GREEN PRIMARY SCHOOL,PRIMARY,PHYSICAL SPORTS,FOOTBALL,na
SENGKANG GREEN PRIMARY SCHOOL,PRIMARY,VISUAL AND PERFORMING ARTS,GUZHENG ENSEMBLE,na
SENGKANG GREEN PRIMARY SCHOOL,PRIMARY,VISUAL AND PERFORMING ARTS,INDIAN DANCE,na
SENGKANG GREEN PRIMARY SCHOOL,PRIMARY,VISUAL AND PERFORMING ARTS,MODERN DANCE,na
SENGKANG GREEN PRIMARY SCHOOL,PRIMARY,CLUBS AND SOCIETIES,ROBOTICS,na
SENGKANG GREEN PRIMARY SCHOOL,PRIMARY,UNIFORMED GROUPS,SCOUTS,na
SENGKANG GREEN PRIMARY SCHOOL,PRIMARY,VISUAL AND PERFORMING ARTS,STRING ENSEMBLE,na
SENGKANG GREEN PRIMARY SCHOOL,PRIMARY,PHYSICAL SPORTS,WUSHU,na
SERANGOON GARDEN SECONDARY SCHOOL,SECONDARY (S1-S5),PHYSICAL SPORTS,BADMINTON,na
SERANGOON GARDEN SECONDARY SCHOOL,SECONDARY (S1-S5),PHYSICAL SPORTS,BASKETBALL,na
SERANGOON GARDEN SECONDARY SCHOOL,SECONDARY (S1-S5),UNIFORMED GROUPS,BOYS' BRIGADE,na
SERANGOON GARDEN SECONDARY SCHOOL,SECONDARY (S1-S5),VISUAL AND PERFORMING ARTS,CHOIR,na
SERANGOON GARDEN SECONDARY SCHOOL,SECONDARY (S1-S5),VISUAL AND PERFORMING ARTS,CONCERT BAND,na
SERANGOON GARDEN SECONDARY SCHOOL,SECONDARY (S1-S5),VISUAL AND PERFORMING ARTS,ENGLISH DRAMA,LANGUAGE ARTS CLUB
SERANGOON GARDEN SECONDARY SCHOOL,SECONDARY (S1-S5),CLUBS AND SOCIETIES,ENVIRONMENTAL SCIENCE,EARTH CLUB
SERANGOON GARDEN SECONDARY SCHOOL,SECONDARY (S1-S5),PHYSICAL SPORTS,FLOORBALL,na
SERANGOON GARDEN SECONDARY SCHOOL,SECONDARY (S1-S5),PHYSICAL SPORTS,FOOTBALL,na
SERANGOON GARDEN SECONDARY SCHOOL,SECONDARY (S1-S5),UNIFORMED GROUPS,GIRLS' BRIGADE,na
SERANGOON GARDEN SECONDARY SCHOOL,SECONDARY (S1-S5),VISUAL AND PERFORMING ARTS,GUZHENG ENSEMBLE,na
SERANGOON GARDEN SECONDARY SCHOOL,SECONDARY (S1-S5),CLUBS AND SOCIETIES,INFOCOMM TECHNOLOGY (MEDIA PRODUCTION),MEDIA CLUB
SERANGOON GARDEN SECONDARY SCHOOL,SECONDARY (S1-S5),VISUAL AND PERFORMING ARTS,MODERN DANCE,DANCE
SERANGOON GARDEN SECONDARY SCHOOL,SECONDARY (S1-S5),PHYSICAL SPORTS,MODULAR CCA (SPORTS),na
SERANGOON GARDEN SECONDARY SCHOOL,SECONDARY (S1-S5),UNIFORMED GROUPS,NATIONAL CADET CORPS (LAND),na
SERANGOON GARDEN SECONDARY SCHOOL,SECONDARY (S1-S5),UNIFORMED GROUPS,NATIONAL POLICE CADET CORPS,na
SERANGOON GARDEN SECONDARY SCHOOL,SECONDARY (S1-S5),PHYSICAL SPORTS,NETBALL,na
SERANGOON GARDEN SECONDARY SCHOOL,SECONDARY (S1-S5),UNIFORMED GROUPS,RED CROSS YOUTH,na
SERANGOON GARDEN SECONDARY SCHOOL,SECONDARY (S1-S5),CLUBS AND SOCIETIES,ROBOTICS,na
SERANGOON GARDEN SECONDARY SCHOOL,SECONDARY (S1-S5),CLUBS AND SOCIETIES,SINGAPORE YOUTH FLYING CLUB,na
SERANGOON GARDEN SECONDARY SCHOOL,SECONDARY (S1-S5),PHYSICAL SPORTS,TABLE TENNIS,na
SERANGOON SECONDARY SCHOOL,SECONDARY (S1-S5),CLUBS AND SOCIETIES,AUDIO VISUAL AID,na
SERANGOON SECONDARY SCHOOL,SECONDARY (S1-S5),PHYSICAL SPORTS,BASKETBALL,na
SERANGOON SECONDARY SCHOOL,SECONDARY (S1-S5),VISUAL AND PERFORMING ARTS,CHINESE INSTRUMENTAL ENSEMBLE,na
SERANGOON SECONDARY SCHOOL,SECONDARY (S1-S5),VISUAL AND PERFORMING ARTS,CHOIR,na
SERANGOON SECONDARY SCHOOL,SECONDARY (S1-S5),VISUAL AND PERFORMING ARTS,CONCERT BAND,na
SERANGOON SECONDARY SCHOOL,SECONDARY (S1-S5),VISUAL AND PERFORMING ARTS,ENGLISH DRAMA,na
SERANGOON SECONDARY SCHOOL,SECONDARY (S1-S5),PHYSICAL SPORTS,FLOORBALL,na
SERANGOON SECONDARY SCHOOL,SECONDARY (S1-S5),PHYSICAL SPORTS,FOOTBALL,na
SERANGOON SECONDARY SCHOOL,SECONDARY (S1-S5),UNIFORMED GROUPS,GIRL GUIDES,na
SERANGOON SECONDARY SCHOOL,SECONDARY (S1-S5),CLUBS AND SOCIETIES,INFOCOMM TECHNOLOGY (COMPUTING),na
SERANGOON SECONDARY SCHOOL,SECONDARY (S1-S5),VISUAL AND PERFORMING ARTS,MALAY DANCE,na
SERANGOON SECONDARY SCHOOL,SECONDARY (S1-S5),VISUAL AND PERFORMING ARTS,MODERN DANCE,na
SERANGOON SECONDARY SCHOOL,SECONDARY (S1-S5),UNIFORMED GROUPS,NATIONAL CADET CORPS (LAND),na
SERANGOON SECONDARY SCHOOL,SECONDARY (S1-S5),UNIFORMED GROUPS,NATIONAL POLICE CADET CORPS,na
SERANGOON SECONDARY SCHOOL,SECONDARY (S1-S5),PHYSICAL SPORTS,NETBALL,na
SERANGOON SECONDARY SCHOOL,SECONDARY (S1-S5),UNIFORMED GROUPS,RED CROSS YOUTH,na
SERANGOON SECONDARY SCHOOL,SECONDARY (S1-S5),UNIFORMED GROUPS,SCOUTS,na
SERANGOON SECONDARY SCHOOL,SECONDARY (S1-S5),CLUBS AND SOCIETIES,SINGAPORE YOUTH FLYING CLUB,na
SERANGOON SECONDARY SCHOOL,SECONDARY (S1-S5),PHYSICAL SPORTS,SP-CCA (ATHLETICS),na
SERANGOON SECONDARY SCHOOL,SECONDARY (S1-S5),OTHERS,STUDENT LEADERSHIP (PREFECT),na
SHUQUN PRIMARY SCHOOL,PRIMARY,CLUBS AND SOCIETIES,ART AND CRAFTS,na
SHUQUN PRIMARY SCHOOL,PRIMARY,PHYSICAL SPORTS,BASKETBALL,na
SHUQUN PRIMARY SCHOOL,PRIMARY,UNIFORMED GROUPS,BOYS' BRIGADE,na
SHUQUN PRIMARY SCHOOL,PRIMARY,VISUAL AND PERFORMING ARTS,BRASS BAND,na
SHUQUN PRIMARY SCHOOL,PRIMARY,VISUAL AND PERFORMING ARTS,CHOIR,na
SHUQUN PRIMARY SCHOOL,PRIMARY,CLUBS AND SOCIETIES,ENGLISH CULTURE AND LANGUAGE,na
SHUQUN PRIMARY SCHOOL,PRIMARY,CLUBS AND SOCIETIES,ENVIRONMENTAL SCIENCE,GREEN CLUB
SHUQUN PRIMARY SCHOOL,PRIMARY,PHYSICAL SPORTS,FOOTBALL,na
SHUQUN PRIMARY SCHOOL,PRIMARY,UNIFORMED GROUPS,GIRL GUIDES (BROWNIES),na
SHUQUN PRIMARY SCHOOL,PRIMARY,UNIFORMED GROUPS,GIRLS' BRIGADE,na
SHUQUN PRIMARY SCHOOL,PRIMARY,CLUBS AND SOCIETIES,MEDIA RESOURCE LIBRARY,na
SHUQUN PRIMARY SCHOOL,PRIMARY,VISUAL AND PERFORMING ARTS,MODERN DANCE,CONTEMPORARY DANCE
SHUQUN PRIMARY SCHOOL,PRIMARY,PHYSICAL SPORTS,NETBALL,na
SHUQUN PRIMARY SCHOOL,PRIMARY,CLUBS AND SOCIETIES,PUBLICATION,MEDIA PRODUCTION HOUSE
SHUQUN PRIMARY SCHOOL,PRIMARY,UNIFORMED GROUPS,SCOUTS,na
SHUQUN PRIMARY SCHOOL,PRIMARY,PHYSICAL SPORTS,SILAT,na
SHUQUN PRIMARY SCHOOL,PRIMARY,OTHERS,STUDENT LEADERSHIP (PREFECT),na
SHUQUN PRIMARY SCHOOL,PRIMARY,PHYSICAL SPORTS,WUSHU,na
SI LING PRIMARY SCHOOL,PRIMARY,CLUBS AND SOCIETIES,ART AND CRAFTS,ART CLUB
SI LING PRIMARY SCHOOL,PRIMARY,PHYSICAL SPORTS,BASKETBALL,na
SI LING PRIMARY SCHOOL,PRIMARY,VISUAL AND PERFORMING ARTS,CHOIR,na
SI LING PRIMARY SCHOOL,PRIMARY,CLUBS AND SOCIETIES,ENVIRONMENTAL SCIENCE,SCIEINSTEINS
SI LING PRIMARY SCHOOL,PRIMARY,PHYSICAL SPORTS,FLOORBALL,na
SI LING PRIMARY SCHOOL,PRIMARY,PHYSICAL SPORTS,FOOTBALL,na
SI LING PRIMARY SCHOOL,PRIMARY,UNIFORMED GROUPS,GIRL GUIDES (BROWNIES),BROWNIES
SI LING PRIMARY SCHOOL,PRIMARY,VISUAL AND PERFORMING ARTS,GUITAR ENSEMBLE,na
SI LING PRIMARY SCHOOL,PRIMARY,PHYSICAL SPORTS,HEALTH AND FITNESS,ACTIVEKIDS
SI LING PRIMARY SCHOOL,PRIMARY,CLUBS AND SOCIETIES,INFOCOMM TECHNOLOGY (COMPUTING),na
SI LING PRIMARY SCHOOL,PRIMARY,VISUAL AND PERFORMING ARTS,MODERN DANCE,na
SI LING PRIMARY SCHOOL,PRIMARY,CLUBS AND SOCIETIES,PHYSICAL SCIENCE,ENVIRONMENTAL AMBASSADORS
SI LING PRIMARY SCHOOL,PRIMARY,OTHERS,STUDENT LEADERSHIP (PREFECT),na
SINGAPORE CHINESE GIRLS' PRIMARY SCHOOL,PRIMARY,CLUBS AND SOCIETIES,ART AND CRAFTS,ART CLUB
SINGAPORE CHINESE GIRLS' PRIMARY SCHOOL,PRIMARY,PHYSICAL SPORTS,ARTISTIC GYMNASTICS,na
SINGAPORE CHINESE GIRLS' PRIMARY SCHOOL,PRIMARY,PHYSICAL SPORTS,BADMINTON,na
SINGAPORE CHINESE GIRLS' PRIMARY SCHOOL,PRIMARY,CLUBS AND SOCIETIES,CHINESE CULTURE AND LANGUAGE,CHINESE DRAMA CLUB
SINGAPORE CHINESE GIRLS' PRIMARY SCHOOL,PRIMARY,VISUAL AND PERFORMING ARTS,CHINESE DANCE,na
SINGAPORE CHINESE GIRLS' PRIMARY SCHOOL,PRIMARY,VISUAL AND PERFORMING ARTS,CHOIR,na
SINGAPORE CHINESE GIRLS' PRIMARY SCHOOL,PRIMARY,VISUAL AND PERFORMING ARTS,ENGLISH DRAMA,na
SINGAPORE CHINESE GIRLS' PRIMARY SCHOOL,PRIMARY,UNIFORMED GROUPS,GIRL GUIDES (BROWNIES),na
SINGAPORE CHINESE GIRLS' PRIMARY SCHOOL,PRIMARY,VISUAL AND PERFORMING ARTS,HANDBELL ENSEMBLE,na
SINGAPORE CHINESE GIRLS' PRIMARY SCHOOL,PRIMARY,CLUBS AND SOCIETIES,INFOCOMM TECHNOLOGY (MEDIA PRODUCTION),MEDIA PRODUCTION
SINGAPORE CHINESE GIRLS' PRIMARY SCHOOL,PRIMARY,VISUAL AND PERFORMING ARTS,MODERN DANCE,INTERNATIONAL DANCE
SINGAPORE CHINESE GIRLS' PRIMARY SCHOOL,PRIMARY,PHYSICAL SPORTS,MODULAR CCA (SPORTS),na
SINGAPORE CHINESE GIRLS' PRIMARY SCHOOL,PRIMARY,VISUAL AND PERFORMING ARTS,MODULAR CCA (VPA),MODULAR DANCE
SINGAPORE CHINESE GIRLS' PRIMARY SCHOOL,PRIMARY,PHYSICAL SPORTS,NETBALL,na
SINGAPORE CHINESE GIRLS' PRIMARY SCHOOL,PRIMARY,CLUBS AND SOCIETIES,ROBOTICS,na
SINGAPORE CHINESE GIRLS' PRIMARY SCHOOL,PRIMARY,OTHERS,STUDENT LEADERSHIP (PREFECT),PREFECT
SINGAPORE CHINESE GIRLS' PRIMARY SCHOOL,PRIMARY,PHYSICAL SPORTS,TENNIS,na
SINGAPORE CHINESE GIRLS' SCHOOL,SECONDARY (S1-S4),CLUBS AND SOCIETIES,ART AND CRAFTS,ART CLUB
SINGAPORE CHINESE GIRLS' SCHOOL,SECONDARY (S1-S4),PHYSICAL SPORTS,ARTISTIC GYMNASTICS,na
SINGAPORE CHINESE GIRLS' SCHOOL,SECONDARY (S1-S4),PHYSICAL SPORTS,ARTISTIC SWIMMING,na
SINGAPORE CHINESE GIRLS' SCHOOL,SECONDARY (S1-S4),PHYSICAL SPORTS,BADMINTON,na
SINGAPORE CHINESE GIRLS' SCHOOL,SECONDARY (S1-S4),PHYSICAL SPORTS,BASKETBALL,na
SINGAPORE CHINESE GIRLS' SCHOOL,SECONDARY (S1-S4),VISUAL AND PERFORMING ARTS,CHINESE DRAMA,na
SINGAPORE CHINESE GIRLS' SCHOOL,SECONDARY (S1-S4),VISUAL AND PERFORMING ARTS,CHOIR,na
SINGAPORE CHINESE GIRLS' SCHOOL,SECONDARY (S1-S4),VISUAL AND PERFORMING ARTS,CONCERT BAND,na
SINGAPORE CHINESE GIRLS' SCHOOL,SECONDARY (S1-S4),CLUBS AND SOCIETIES,DEBATING AND PUBLIC SPEAKING,DEBATE CLUB
SINGAPORE CHINESE GIRLS' SCHOOL,SECONDARY (S1-S4),VISUAL AND PERFORMING ARTS,ENGLISH DRAMA,na
SINGAPORE CHINESE GIRLS' SCHOOL,SECONDARY (S1-S4),CLUBS AND SOCIETIES,ENVIRONMENTAL SCIENCE,SCIENCE & ENVIRONMENT CLUB
SINGAPORE CHINESE GIRLS' SCHOOL,SECONDARY (S1-S4),UNIFORMED GROUPS,GIRL GUIDES,na
SINGAPORE CHINESE GIRLS' SCHOOL,SECONDARY (S1-S4),UNIFORMED GROUPS,GIRLS' BRIGADE,na
SINGAPORE CHINESE GIRLS' SCHOOL,SECONDARY (S1-S4),VISUAL AND PERFORMING ARTS,HANDBELL ENSEMBLE,na
SINGAPORE CHINESE GIRLS' SCHOOL,SECONDARY (S1-S4),CLUBS AND SOCIETIES,HERITAGE,SC AMBASSADORS
SINGAPORE CHINESE GIRLS' SCHOOL,SECONDARY (S1-S4),PHYSICAL SPORTS,HOCKEY,na
SINGAPORE CHINESE GIRLS' SCHOOL,SECONDARY (S1-S4),CLUBS AND SOCIETIES,INFOCOMM TECHNOLOGY (MEDIA PRODUCTION),na
SINGAPORE CHINESE GIRLS' SCHOOL,SECONDARY (S1-S4),CLUBS AND SOCIETIES,INTERNATIONAL AND GLOBAL STUDIES,SCMUN
SINGAPORE CHINESE GIRLS' SCHOOL,SECONDARY (S1-S4),CLUBS AND SOCIETIES,MEDIA RESOURCE LIBRARY,LIBRARY CLUB
SINGAPORE CHINESE GIRLS' SCHOOL,SECONDARY (S1-S4),VISUAL AND PERFORMING ARTS,MODERN DANCE,na
SINGAPORE CHINESE GIRLS' SCHOOL,SECONDARY (S1-S4),UNIFORMED GROUPS,NATIONAL CADET CORPS (LAND),na
SINGAPORE CHINESE GIRLS' SCHOOL,SECONDARY (S1-S4),CLUBS AND SOCIETIES,NATIONAL EDUCATION,YOUNG DOCENTS
SINGAPORE CHINESE GIRLS' SCHOOL,SECONDARY (S1-S4),PHYSICAL SPORTS,NETBALL,na
SINGAPORE CHINESE GIRLS' SCHOOL,SECONDARY (S1-S4),UNIFORMED GROUPS,RED CROSS YOUTH,na
SINGAPORE CHINESE GIRLS' SCHOOL,SECONDARY (S1-S4),VISUAL AND PERFORMING ARTS,SINGAPORE NATIONAL YOUTH ORCHESTRA,na
SINGAPORE CHINESE GIRLS' SCHOOL,SECONDARY (S1-S4),PHYSICAL SPORTS,SP-CCA (WATER POLO),na
SINGAPORE CHINESE GIRLS' SCHOOL,SECONDARY (S1-S4),PHYSICAL SPORTS,SQUASH,na
SINGAPORE CHINESE GIRLS' SCHOOL,SECONDARY (S1-S4),VISUAL AND PERFORMING ARTS,STRING ENSEMBLE,na
SINGAPORE CHINESE GIRLS' SCHOOL,SECONDARY (S1-S4),OTHERS,STUDENT LEADERSHIP (HOUSE),na
SINGAPORE CHINESE GIRLS' SCHOOL,SECONDARY (S1-S4),OTHERS,STUDENT LEADERSHIP (PEER SUPPORT),na
SINGAPORE CHINESE GIRLS' SCHOOL,SECONDARY (S1-S4),OTHERS,STUDENT LEADERSHIP (PREFECT),na
SINGAPORE CHINESE GIRLS' SCHOOL,SECONDARY (S1-S4),PHYSICAL SPORTS,SWIMMING,na
SINGAPORE CHINESE GIRLS' SCHOOL,SECONDARY (S1-S4),PHYSICAL SPORTS,TENNIS,na
SINGAPORE SPORTS SCHOOL,"MIXED LEVEL (S1-S5, JC1-JC2)",PHYSICAL SPORTS,ARTISTIC GYMNASTICS,na
SINGAPORE SPORTS SCHOOL,"MIXED LEVEL (S1-S5, JC1-JC2)",PHYSICAL SPORTS,ARTISTIC SWIMMING,na
SINGAPORE SPORTS SCHOOL,"MIXED LEVEL (S1-S5, JC1-JC2)",PHYSICAL SPORTS,BADMINTON,na
SINGAPORE SPORTS SCHOOL,"MIXED LEVEL (S1-S5, JC1-JC2)",PHYSICAL SPORTS,BOWLING,na
SINGAPORE SPORTS SCHOOL,"MIXED LEVEL (S1-S5, JC1-JC2)",PHYSICAL SPORTS,CANOEING,na
SINGAPORE SPORTS SCHOOL,"MIXED LEVEL (S1-S5, JC1-JC2)",PHYSICAL SPORTS,DIVING,na
SINGAPORE SPORTS SCHOOL,"MIXED LEVEL (S1-S5, JC1-JC2)",PHYSICAL SPORTS,FENCING,na
SINGAPORE SPORTS SCHOOL,"MIXED LEVEL (S1-S5, JC1-JC2)",PHYSICAL SPORTS,FLOORBALL,na
SINGAPORE SPORTS SCHOOL,"MIXED LEVEL (S1-S5, JC1-JC2)",PHYSICAL SPORTS,FOOTBALL,na
SINGAPORE SPORTS SCHOOL,"MIXED LEVEL (S1-S5, JC1-JC2)",PHYSICAL SPORTS,GOLF,na
SINGAPORE SPORTS SCHOOL,"MIXED LEVEL (S1-S5, JC1-JC2)",PHYSICAL SPORTS,HEALTH AND FITNESS,CYCLING
SINGAPORE SPORTS SCHOOL,"MIXED LEVEL (S1-S5, JC1-JC2)",PHYSICAL SPORTS,ICE SKATING,na
SINGAPORE SPORTS SCHOOL,"MIXED LEVEL (S1-S5, JC1-JC2)",PHYSICAL SPORTS,IN-LINE SKATING,ROLLERSPORTS
SINGAPORE SPORTS SCHOOL,"MIXED LEVEL (S1-S5, JC1-JC2)",PHYSICAL SPORTS,JUDO,JIU JITSU
SINGAPORE SPORTS SCHOOL,"MIXED LEVEL (S1-S5, JC1-JC2)",PHYSICAL SPORTS,MODULAR CCA (SPORTS),MULTI-SPORT
SINGAPORE SPORTS SCHOOL,"MIXED LEVEL (S1-S5, JC1-JC2)",PHYSICAL SPORTS,NETBALL,na
SINGAPORE SPORTS SCHOOL,"MIXED LEVEL (S1-S5, JC1-JC2)",PHYSICAL SPORTS,OUTDOOR ADVENTURE,na
SINGAPORE SPORTS SCHOOL,"MIXED LEVEL (S1-S5, JC1-JC2)",PHYSICAL SPORTS,RHYTHMIC GYMNASTICS,na
SINGAPORE SPORTS SCHOOL,"MIXED LEVEL (S1-S5, JC1-JC2)",PHYSICAL SPORTS,ROCKWALL CLIMBING,SPORT CLIMBING
SINGAPORE SPORTS SCHOOL,"MIXED LEVEL (S1-S5, JC1-JC2)",PHYSICAL SPORTS,SAILING,na
SINGAPORE SPORTS SCHOOL,"MIXED LEVEL (S1-S5, JC1-JC2)",PHYSICAL SPORTS,SHOOTING,na
SINGAPORE SPORTS SCHOOL,"MIXED LEVEL (S1-S5, JC1-JC2)",PHYSICAL SPORTS,SILAT,na
SINGAPORE SPORTS SCHOOL,"MIXED LEVEL (S1-S5, JC1-JC2)",PHYSICAL SPORTS,SP-CCA (CANOEING),ROWING
SINGAPORE SPORTS SCHOOL,"MIXED LEVEL (S1-S5, JC1-JC2)",PHYSICAL SPORTS,SQUASH,SQUASH
SINGAPORE SPORTS SCHOOL,"MIXED LEVEL (S1-S5, JC1-JC2)",OTHERS,STUDENT LEADERSHIP (COUNCIL),na
SINGAPORE SPORTS SCHOOL,"MIXED LEVEL (S1-S5, JC1-JC2)",OTHERS,STUDENT LEADERSHIP (HOUSE),na
SINGAPORE SPORTS SCHOOL,"MIXED LEVEL (S1-S5, JC1-JC2)",PHYSICAL SPORTS,SWIMMING,na
SINGAPORE SPORTS SCHOOL,"MIXED LEVEL (S1-S5, JC1-JC2)",PHYSICAL SPORTS,TABLE TENNIS,na
SINGAPORE SPORTS SCHOOL,"MIXED LEVEL (S1-S5, JC1-JC2)",PHYSICAL SPORTS,TAEKWONDO,na
SINGAPORE SPORTS SCHOOL,"MIXED LEVEL (S1-S5, JC1-JC2)",PHYSICAL SPORTS,TENNIS,na
SINGAPORE SPORTS SCHOOL,"MIXED LEVEL (S1-S5, JC1-JC2)",PHYSICAL SPORTS,TRACK AND FIELD,na
SINGAPORE SPORTS SCHOOL,"MIXED LEVEL (S1-S5, JC1-JC2)",PHYSICAL SPORTS,TRAMPOLINE,na
SINGAPORE SPORTS SCHOOL,"MIXED LEVEL (S1-S5, JC1-JC2)",PHYSICAL SPORTS,TRIATHLON,na
SINGAPORE SPORTS SCHOOL,"MIXED LEVEL (S1-S5, JC1-JC2)",PHYSICAL SPORTS,VOLLEYBALL,BEACH VOLLEYBALL
SINGAPORE SPORTS SCHOOL,"MIXED LEVEL (S1-S5, JC1-JC2)",PHYSICAL SPORTS,WATER POLO,na
SINGAPORE SPORTS SCHOOL,"MIXED LEVEL (S1-S5, JC1-JC2)",PHYSICAL SPORTS,WRESTLING,na
SINGAPORE SPORTS SCHOOL,"MIXED LEVEL (S1-S5, JC1-JC2)",PHYSICAL SPORTS,WUSHU,na
SOUTH VIEW PRIMARY SCHOOL,PRIMARY,CLUBS AND SOCIETIES,ART AND CRAFTS,ART CLUB
SOUTH VIEW PRIMARY SCHOOL,PRIMARY,PHYSICAL SPORTS,BADMINTON,na
SOUTH VIEW PRIMARY SCHOOL,PRIMARY,UNIFORMED GROUPS,BOYS' BRIGADE,na
SOUTH VIEW PRIMARY SCHOOL,PRIMARY,VISUAL AND PERFORMING ARTS,CHINESE DANCE,na
SOUTH VIEW PRIMARY SCHOOL,PRIMARY,VISUAL AND PERFORMING ARTS,CHINESE ORCHESTRA,na
SOUTH VIEW PRIMARY SCHOOL,PRIMARY,VISUAL AND PERFORMING ARTS,CHOIR,na
SOUTH VIEW PRIMARY SCHOOL,PRIMARY,PHYSICAL SPORTS,FLOORBALL,na
SOUTH VIEW PRIMARY SCHOOL,PRIMARY,PHYSICAL SPORTS,FOOTBALL,na
SOUTH VIEW PRIMARY SCHOOL,PRIMARY,UNIFORMED GROUPS,GIRLS' BRIGADE,na
SOUTH VIEW PRIMARY SCHOOL,PRIMARY,VISUAL AND PERFORMING ARTS,INDIAN DANCE,na
SOUTH VIEW PRIMARY SCHOOL,PRIMARY,VISUAL AND PERFORMING ARTS,MALAY DANCE,na
SOUTH VIEW PRIMARY SCHOOL,PRIMARY,CLUBS AND SOCIETIES,MEDIA RESOURCE LIBRARY,na
SOUTH VIEW PRIMARY SCHOOL,PRIMARY,PHYSICAL SPORTS,NETBALL,na
SOUTH VIEW PRIMARY SCHOOL,PRIMARY,CLUBS AND SOCIETIES,PHYSICAL SCIENCE,ENVIRONMENTAL SCIENCE CLUB
SOUTH VIEW PRIMARY SCHOOL,PRIMARY,CLUBS AND SOCIETIES,ROBOTICS,na
SOUTH VIEW PRIMARY SCHOOL,PRIMARY,UNIFORMED GROUPS,SCOUTS,na
SOUTH VIEW PRIMARY SCHOOL,PRIMARY,OTHERS,STUDENT LEADERSHIP (PREFECT),STUDENT LEADERSHIP
SPECTRA SECONDARY SCHOOL,SECONDARY (S1-S4),CLUBS AND SOCIETIES,ART AND CRAFTS,YOUNG ARTISTS
SPECTRA SECONDARY SCHOOL,SECONDARY (S1-S4),PHYSICAL SPORTS,BASKETBALL,na
SPECTRA SECONDARY SCHOOL,SECONDARY (S1-S4),PHYSICAL SPORTS,CROSS COUNTRY,YOUNG TREKKERS
SPECTRA SECONDARY SCHOOL,SECONDARY (S1-S4),CLUBS AND SOCIETIES,DESIGN AND INNOVATION,YOUNG ENGINEERS
SPECTRA SECONDARY SCHOOL,SECONDARY (S1-S4),CLUBS AND SOCIETIES,ENTREPRENEURSHIP,YOUNG CREATORS
SPECTRA SECONDARY SCHOOL,SECONDARY (S1-S4),CLUBS AND SOCIETIES,ENVIRONMENTAL SCIENCE,URBAN FARMERS
SPECTRA SECONDARY SCHOOL,SECONDARY (S1-S4),PHYSICAL SPORTS,FLOORBALL,na
SPECTRA SECONDARY SCHOOL,SECONDARY (S1-S4),CLUBS AND SOCIETIES,FOOD AND CONSUMER EDUCATION,YOUNG CHEFS
SPECTRA SECONDARY SCHOOL,SECONDARY (S1-S4),PHYSICAL SPORTS,FOOTBALL,na
SPECTRA SECONDARY SCHOOL,SECONDARY (S1-S4),UNIFORMED GROUPS,GIRL GUIDES,na
SPECTRA SECONDARY SCHOOL,SECONDARY (S1-S4),CLUBS AND SOCIETIES,INFOCOMM TECHNOLOGY (MEDIA PRODUCTION),MEDIA & PHOTOGRAPHY CLUB
SPECTRA SECONDARY SCHOOL,SECONDARY (S1-S4),VISUAL AND PERFORMING ARTS,MODERN DANCE,DANCE CLUB
SPECTRA SECONDARY SCHOOL,SECONDARY (S1-S4),UNIFORMED GROUPS,NATIONAL CIVIL DEFENCE CADET CORPS,NCDCC
SPECTRA SECONDARY SCHOOL,SECONDARY (S1-S4),VISUAL AND PERFORMING ARTS,PERCUSSION ENSEMBLE,MUSIC CLUB
SPECTRA SECONDARY SCHOOL,SECONDARY (S1-S4),OTHERS,STUDENT LEADERSHIP (COUNCIL),na
SPRINGDALE PRIMARY SCHOOL,PRIMARY,CLUBS AND SOCIETIES,ART AND CRAFTS,na
SPRINGDALE PRIMARY SCHOOL,PRIMARY,PHYSICAL SPORTS,ARTISTIC GYMNASTICS,na
SPRINGDALE PRIMARY SCHOOL,PRIMARY,PHYSICAL SPORTS,BADMINTON,na
SPRINGDALE PRIMARY SCHOOL,PRIMARY,PHYSICAL SPORTS,BASKETBALL,na
SPRINGDALE PRIMARY SCHOOL,PRIMARY,VISUAL AND PERFORMING ARTS,CHOIR,na
SPRINGDALE PRIMARY SCHOOL,PRIMARY,CLUBS AND SOCIETIES,COMMUNITY SERVICE,na
SPRINGDALE PRIMARY SCHOOL,PRIMARY,CLUBS AND SOCIETIES,DESIGN AND INNOVATION,na
SPRINGDALE PRIMARY SCHOOL,PRIMARY,CLUBS AND SOCIETIES,ENVIRONMENTAL SCIENCE,na
SPRINGDALE PRIMARY SCHOOL,PRIMARY,PHYSICAL SPORTS,FLOORBALL,na
SPRINGDALE PRIMARY SCHOOL,PRIMARY,CLUBS AND SOCIETIES,INFOCOMM TECHNOLOGY (MEDIA PRODUCTION),na
SPRINGDALE PRIMARY SCHOOL,PRIMARY,CLUBS AND SOCIETIES,MATHEMATICS,na
SPRINGDALE PRIMARY SCHOOL,PRIMARY,VISUAL AND PERFORMING ARTS,MODERN DANCE,na
SPRINGDALE PRIMARY SCHOOL,PRIMARY,PHYSICAL SPORTS,MODULAR CCA (SPORTS),na
SPRINGDALE PRIMARY SCHOOL,PRIMARY,PHYSICAL SPORTS,OUTDOOR ADVENTURE,na
SPRINGDALE PRIMARY SCHOOL,PRIMARY,CLUBS AND SOCIETIES,PHYSICAL SCIENCE,na
SPRINGDALE PRIMARY SCHOOL,PRIMARY,UNIFORMED GROUPS,SCOUTS,na
SPRINGDALE PRIMARY SCHOOL,PRIMARY,OTHERS,STUDENT INITIATED ACTIVITIES (CLUBS & SOCIETIES),na
SPRINGDALE PRIMARY SCHOOL,PRIMARY,OTHERS,STUDENT INITIATED ACTIVITIES (PHYSICAL SPORTS AND OUTDOORS),na
SPRINGDALE PRIMARY SCHOOL,PRIMARY,OTHERS,STUDENT INITIATED ACTIVITIES (VISUAL & PERFORMING ARTS),na
SPRINGDALE PRIMARY SCHOOL,PRIMARY,OTHERS,STUDENT LEADERSHIP (PREFECT),na
SPRINGDALE PRIMARY SCHOOL,PRIMARY,VISUAL AND PERFORMING ARTS,UKULELE ENSEMBLE,na
SPRINGFIELD SECONDARY SCHOOL,SECONDARY (S1-S5),PHYSICAL SPORTS,BADMINTON,na
SPRINGFIELD SECONDARY SCHOOL,SECONDARY (S1-S5),UNIFORMED GROUPS,BOYS' BRIGADE,na
SPRINGFIELD SECONDARY SCHOOL,SECONDARY (S1-S5),VISUAL AND PERFORMING ARTS,CONCERT BAND,na
SPRINGFIELD SECONDARY SCHOOL,SECONDARY (S1-S5),VISUAL AND PERFORMING ARTS,ENGLISH DRAMA,na
SPRINGFIELD SECONDARY SCHOOL,SECONDARY (S1-S5),CLUBS AND SOCIETIES,ENVIRONMENTAL SCIENCE,ECOSTEM CLUB
SPRINGFIELD SECONDARY SCHOOL,SECONDARY (S1-S5),PHYSICAL SPORTS,FLOORBALL,na
SPRINGFIELD SECONDARY SCHOOL,SECONDARY (S1-S5),PHYSICAL SPORTS,FOOTBALL,na
SPRINGFIELD SECONDARY SCHOOL,SECONDARY (S1-S5),UNIFORMED GROUPS,GIRLS' BRIGADE,na
SPRINGFIELD SECONDARY SCHOOL,SECONDARY (S1-S5),VISUAL AND PERFORMING ARTS,GUZHENG ENSEMBLE,na
SPRINGFIELD SECONDARY SCHOOL,SECONDARY (S1-S5),VISUAL AND PERFORMING ARTS,MODERN DANCE,na
SPRINGFIELD SECONDARY SCHOOL,SECONDARY (S1-S5),UNIFORMED GROUPS,NATIONAL CADET CORPS (LAND),na
SPRINGFIELD SECONDARY SCHOOL,SECONDARY (S1-S5),UNIFORMED GROUPS,NATIONAL POLICE CADET CORPS (SEA),na
SPRINGFIELD SECONDARY SCHOOL,SECONDARY (S1-S5),PHYSICAL SPORTS,NETBALL,na
SPRINGFIELD SECONDARY SCHOOL,SECONDARY (S1-S5),PHYSICAL SPORTS,OUTDOOR ADVENTURE,OUTDOOR PURSUITS CLUB
SPRINGFIELD SECONDARY SCHOOL,SECONDARY (S1-S5),PHYSICAL SPORTS,SP-CCA (ATHLETICS),na
SPRINGFIELD SECONDARY SCHOOL,SECONDARY (S1-S5),PHYSICAL SPORTS,SP-CCA (CANOEING),na
SPRINGFIELD SECONDARY SCHOOL,SECONDARY (S1-S5),PHYSICAL SPORTS,SP-CCA (WATER POLO),na
SPRINGFIELD SECONDARY SCHOOL,SECONDARY (S1-S5),PHYSICAL SPORTS,TAEKWONDO,na
ST ANDREW'S JUNIOR COLLEGE,JUNIOR COLLEGE,CLUBS AND SOCIETIES,AUDIO VISUAL AID,AVA/PA CLUB
ST ANDREW'S JUNIOR COLLEGE,JUNIOR COLLEGE,PHYSICAL SPORTS,BADMINTON,na
ST ANDREW'S JUNIOR COLLEGE,JUNIOR COLLEGE,PHYSICAL SPORTS,BASKETBALL,na
ST ANDREW'S JUNIOR COLLEGE,JUNIOR COLLEGE,PHYSICAL SPORTS,BOWLING,na
ST ANDREW'S JUNIOR COLLEGE,JUNIOR COLLEGE,UNIFORMED GROUPS,BOYS' BRIGADE,na
ST ANDREW'S JUNIOR COLLEGE,JUNIOR COLLEGE,VISUAL AND PERFORMING ARTS,CHINESE ORCHESTRA,na
ST ANDREW'S JUNIOR COLLEGE,JUNIOR COLLEGE,VISUAL AND PERFORMING ARTS,CHOIR,na
ST ANDREW'S JUNIOR COLLEGE,JUNIOR COLLEGE,CLUBS AND SOCIETIES,COMMUNITY SERVICE,SAINTS ADVOCATE
ST ANDREW'S JUNIOR COLLEGE,JUNIOR COLLEGE,VISUAL AND PERFORMING ARTS,CONCERT BAND,na
ST ANDREW'S JUNIOR COLLEGE,JUNIOR COLLEGE,PHYSICAL SPORTS,CROSS COUNTRY,na
ST ANDREW'S JUNIOR COLLEGE,JUNIOR COLLEGE,CLUBS AND SOCIETIES,ENGLISH CULTURE AND LANGUAGE,LDS
ST ANDREW'S JUNIOR COLLEGE,JUNIOR COLLEGE,VISUAL AND PERFORMING ARTS,ENGLISH DRAMA,na
ST ANDREW'S JUNIOR COLLEGE,JUNIOR COLLEGE,CLUBS AND SOCIETIES,ENVIRONMENTAL SCIENCE,ENVIRONMENT CLUB
ST ANDREW'S JUNIOR COLLEGE,JUNIOR COLLEGE,CLUBS AND SOCIETIES,FAITH-BASED CCA,SAINTS FOR CHRIST
ST ANDREW'S JUNIOR COLLEGE,JUNIOR COLLEGE,PHYSICAL SPORTS,FOOTBALL,na
ST ANDREW'S JUNIOR COLLEGE,JUNIOR COLLEGE,PHYSICAL SPORTS,FRISBEE,na
ST ANDREW'S JUNIOR COLLEGE,JUNIOR COLLEGE,UNIFORMED GROUPS,GIRL GUIDES,na
ST ANDREW'S JUNIOR COLLEGE,JUNIOR COLLEGE,UNIFORMED GROUPS,GIRLS' BRIGADE,na
ST ANDREW'S JUNIOR COLLEGE,JUNIOR COLLEGE,VISUAL AND PERFORMING ARTS,GUITAR ENSEMBLE,na
ST ANDREW'S JUNIOR COLLEGE,JUNIOR COLLEGE,PHYSICAL SPORTS,HANDBALL,na
ST ANDREW'S JUNIOR COLLEGE,JUNIOR COLLEGE,PHYSICAL SPORTS,HOCKEY,na
ST ANDREW'S JUNIOR COLLEGE,JUNIOR COLLEGE,CLUBS AND SOCIETIES,INDIAN CULTURE AND LANGUAGE,na
ST ANDREW'S JUNIOR COLLEGE,JUNIOR COLLEGE,CLUBS AND SOCIETIES,INFOCOMM TECHNOLOGY (COMPUTING),INFOCOMM CLUB
ST ANDREW'S JUNIOR COLLEGE,JUNIOR COLLEGE,CLUBS AND SOCIETIES,INTERNATIONAL AND GLOBAL STUDIES,SAJC MUN
ST ANDREW'S JUNIOR COLLEGE,JUNIOR COLLEGE,CLUBS AND SOCIETIES,MALAY CULTURE AND LANGUAGE,na
ST ANDREW'S JUNIOR COLLEGE,JUNIOR COLLEGE,VISUAL AND PERFORMING ARTS,MODERN DANCE,DANCE SOCIETY
ST ANDREW'S JUNIOR COLLEGE,JUNIOR COLLEGE,UNIFORMED GROUPS,NATIONAL CADET CORPS (AIR),na
ST ANDREW'S JUNIOR COLLEGE,JUNIOR COLLEGE,UNIFORMED GROUPS,NATIONAL CADET CORPS (LAND),na
ST ANDREW'S JUNIOR COLLEGE,JUNIOR COLLEGE,UNIFORMED GROUPS,NATIONAL CADET CORPS (SEA),na
ST ANDREW'S JUNIOR COLLEGE,JUNIOR COLLEGE,UNIFORMED GROUPS,NATIONAL CIVIL DEFENCE CADET CORPS,na
ST ANDREW'S JUNIOR COLLEGE,JUNIOR COLLEGE,UNIFORMED GROUPS,NATIONAL POLICE CADET CORPS,na
ST ANDREW'S JUNIOR COLLEGE,JUNIOR COLLEGE,PHYSICAL SPORTS,NETBALL,na
ST ANDREW'S JUNIOR COLLEGE,JUNIOR COLLEGE,PHYSICAL SPORTS,OUTDOOR ADVENTURE,na
ST ANDREW'S JUNIOR COLLEGE,JUNIOR COLLEGE,CLUBS AND SOCIETIES,PHOTOGRAPHY,na
ST ANDREW'S JUNIOR COLLEGE,JUNIOR COLLEGE,UNIFORMED GROUPS,RED CROSS YOUTH,na
ST ANDREW'S JUNIOR COLLEGE,JUNIOR COLLEGE,PHYSICAL SPORTS,RUGBY,na
ST ANDREW'S JUNIOR COLLEGE,JUNIOR COLLEGE,UNIFORMED GROUPS,SCOUTS,na
ST ANDREW'S JUNIOR COLLEGE,JUNIOR COLLEGE,VISUAL AND PERFORMING ARTS,SINGAPORE NATIONAL YOUTH CHINESE ORCHESTRA,na
ST ANDREW'S JUNIOR COLLEGE,JUNIOR COLLEGE,CLUBS AND SOCIETIES,SINGAPORE YOUTH FLYING CLUB,na
ST ANDREW'S JUNIOR COLLEGE,JUNIOR COLLEGE,CLUBS AND SOCIETIES,SOCIAL STUDIES,MENTORING CLUB
ST ANDREW'S JUNIOR COLLEGE,JUNIOR COLLEGE,UNIFORMED GROUPS,ST JOHN BRIGADE,na
ST ANDREW'S JUNIOR COLLEGE,JUNIOR COLLEGE,OTHERS,STUDENT LEADERSHIP (COUNCIL),STUDENTS' COUNCIL
ST ANDREW'S JUNIOR COLLEGE,JUNIOR COLLEGE,CLUBS AND SOCIETIES,STUDENTS' COUNCIL,na
ST ANDREW'S JUNIOR COLLEGE,JUNIOR COLLEGE,PHYSICAL SPORTS,TENNIS,na
ST ANDREW'S JUNIOR COLLEGE,JUNIOR COLLEGE,PHYSICAL SPORTS,TOUCH RUGBY,na
ST ANDREW'S JUNIOR COLLEGE,JUNIOR COLLEGE,PHYSICAL SPORTS,TRACK AND FIELD,na
ST ANDREW'S JUNIOR COLLEGE,JUNIOR COLLEGE,PHYSICAL SPORTS,WATER POLO,na
ST ANDREW'S SCHOOL (JUNIOR),PRIMARY,CLUBS AND SOCIETIES,ART AND CRAFTS,VISUAL ARTS CLUB
ST ANDREW'S SCHOOL (JUNIOR),PRIMARY,PHYSICAL SPORTS,BADMINTON,na
ST ANDREW'S SCHOOL (JUNIOR),PRIMARY,PHYSICAL SPORTS,BASKETBALL,na
ST ANDREW'S SCHOOL (JUNIOR),PRIMARY,UNIFORMED GROUPS,BOYS' BRIGADE,na
ST ANDREW'S SCHOOL (JUNIOR),PRIMARY,VISUAL AND PERFORMING ARTS,CHOIR,na
ST ANDREW'S SCHOOL (JUNIOR),PRIMARY,VISUAL AND PERFORMING ARTS,CONCERT BAND,na
ST ANDREW'S SCHOOL (JUNIOR),PRIMARY,CLUBS AND SOCIETIES,DIGITAL MEDIA,MEDIA CLUB
ST ANDREW'S SCHOOL (JUNIOR),PRIMARY,CLUBS AND SOCIETIES,ENVIRONMENTAL SCIENCE,ECO CLUB
ST ANDREW'S SCHOOL (JUNIOR),PRIMARY,PHYSICAL SPORTS,HOCKEY,na
ST ANDREW'S SCHOOL (JUNIOR),PRIMARY,CLUBS AND SOCIETIES,INTERNATIONAL CHESS,CHESS CLUB
ST ANDREW'S SCHOOL (JUNIOR),PRIMARY,PHYSICAL SPORTS,MODULAR CCA (SPORTS),SPORTS CLUB
ST ANDREW'S SCHOOL (JUNIOR),PRIMARY,PHYSICAL SPORTS,RUGBY,na
ST ANDREW'S SCHOOL (JUNIOR),PRIMARY,UNIFORMED GROUPS,SCOUTS,na
ST ANDREW'S SCHOOL (JUNIOR),PRIMARY,PHYSICAL SPORTS,SWIMMING,na
ST ANDREW'S SCHOOL (SECONDARY),SECONDARY (S1-S5),CLUBS AND SOCIETIES,ANIMATION,SAINTS MEDIA
ST ANDREW'S SCHOOL (SECONDARY),SECONDARY (S1-S5),PHYSICAL SPORTS,BADMINTON,na
ST ANDREW'S SCHOOL (SECONDARY),SECONDARY (S1-S5),PHYSICAL SPORTS,BASKETBALL,na
ST ANDREW'S SCHOOL (SECONDARY),SECONDARY (S1-S5),UNIFORMED GROUPS,BOYS' BRIGADE,na
ST ANDREW'S SCHOOL (SECONDARY),SECONDARY (S1-S5),VISUAL AND PERFORMING ARTS,CHOIR,na
ST ANDREW'S SCHOOL (SECONDARY),SECONDARY (S1-S5),VISUAL AND PERFORMING ARTS,CONCERT BAND,na
ST ANDREW'S SCHOOL (SECONDARY),SECONDARY (S1-S5),VISUAL AND PERFORMING ARTS,ENGLISH DRAMA,na
ST ANDREW'S SCHOOL (SECONDARY),SECONDARY (S1-S5),PHYSICAL SPORTS,FOOTBALL,na
ST ANDREW'S SCHOOL (SECONDARY),SECONDARY (S1-S5),PHYSICAL SPORTS,HOCKEY,na
ST ANDREW'S SCHOOL (SECONDARY),SECONDARY (S1-S5),CLUBS AND SOCIETIES,INFOCOMM TECHNOLOGY (MEDIA PRODUCTION),na
ST ANDREW'S SCHOOL (SECONDARY),SECONDARY (S1-S5),UNIFORMED GROUPS,NATIONAL CADET CORPS (LAND),na
ST ANDREW'S SCHOOL (SECONDARY),SECONDARY (S1-S5),UNIFORMED GROUPS,NATIONAL POLICE CADET CORPS,na
ST ANDREW'S SCHOOL (SECONDARY),SECONDARY (S1-S5),CLUBS AND SOCIETIES,PROJECT CABIN,STAY
ST ANDREW'S SCHOOL (SECONDARY),SECONDARY (S1-S5),CLUBS AND SOCIETIES,ROBOTICS,na
ST ANDREW'S SCHOOL (SECONDARY),SECONDARY (S1-S5),PHYSICAL SPORTS,RUGBY,na
ST ANDREW'S SCHOOL (SECONDARY),SECONDARY (S1-S5),UNIFORMED GROUPS,SCOUTS,na
ST ANDREW'S SCHOOL (SECONDARY),SECONDARY (S1-S5),CLUBS AND SOCIETIES,SINGAPORE YOUTH FLYING CLUB,na
ST ANDREW'S SCHOOL (SECONDARY),SECONDARY (S1-S5),PHYSICAL SPORTS,SP-CCA (CANOEING),na
ST ANDREW'S SCHOOL (SECONDARY),SECONDARY (S1-S5),PHYSICAL SPORTS,SQUASH,na
ST ANDREW'S SCHOOL (SECONDARY),SECONDARY (S1-S5),PHYSICAL SPORTS,SWIMMING,na
ST ANDREW'S SCHOOL (SECONDARY),SECONDARY (S1-S5),PHYSICAL SPORTS,TENNIS,na
ST ANDREW'S SCHOOL (SECONDARY),SECONDARY (S1-S5),PHYSICAL SPORTS,TRACK AND FIELD,ATHLETICS
ST ANDREW'S SCHOOL (SECONDARY),SECONDARY (S1-S5),PHYSICAL SPORTS,WATER POLO,na
ST. ANTHONY'S CANOSSIAN PRIMARY SCHOOL,PRIMARY,CLUBS AND SOCIETIES,ART AND CRAFTS,na
ST. ANTHONY'S CANOSSIAN PRIMARY SCHOOL,PRIMARY,PHYSICAL SPORTS,ARTISTIC GYMNASTICS,na
ST. ANTHONY'S CANOSSIAN PRIMARY SCHOOL,PRIMARY,PHYSICAL SPORTS,BOWLING,na
ST. ANTHONY'S CANOSSIAN PRIMARY SCHOOL,PRIMARY,VISUAL AND PERFORMING ARTS,CHINESE DANCE,na
ST. ANTHONY'S CANOSSIAN PRIMARY SCHOOL,PRIMARY,VISUAL AND PERFORMING ARTS,CHOIR,na
ST. ANTHONY'S CANOSSIAN PRIMARY SCHOOL,PRIMARY,VISUAL AND PERFORMING ARTS,CONCERT BAND,na
ST. ANTHONY'S CANOSSIAN PRIMARY SCHOOL,PRIMARY,VISUAL AND PERFORMING ARTS,ENGLISH DRAMA,Drama Club
ST. ANTHONY'S CANOSSIAN PRIMARY SCHOOL,PRIMARY,PHYSICAL SPORTS,FLOORBALL,na
ST. ANTHONY'S CANOSSIAN PRIMARY SCHOOL,PRIMARY,UNIFORMED GROUPS,GIRL GUIDES (BROWNIES),na
ST. ANTHONY'S CANOSSIAN PRIMARY SCHOOL,PRIMARY,CLUBS AND SOCIETIES,INFOCOMM TECHNOLOGY (MEDIA PRODUCTION),na
ST. ANTHONY'S CANOSSIAN PRIMARY SCHOOL,PRIMARY,VISUAL AND PERFORMING ARTS,MODERN DANCE,na
ST. ANTHONY'S CANOSSIAN PRIMARY SCHOOL,PRIMARY,PHYSICAL SPORTS,MODULAR CCA (SPORTS),na
ST. ANTHONY'S CANOSSIAN PRIMARY SCHOOL,PRIMARY,PHYSICAL SPORTS,NETBALL,na
ST. ANTHONY'S CANOSSIAN PRIMARY SCHOOL,PRIMARY,PHYSICAL SPORTS,RHYTHMIC GYMNASTICS,na
ST. ANTHONY'S CANOSSIAN PRIMARY SCHOOL,PRIMARY,PHYSICAL SPORTS,SAILING,na
ST. ANTHONY'S CANOSSIAN PRIMARY SCHOOL,PRIMARY,PHYSICAL SPORTS,SWIMMING,na
ST. ANTHONY'S CANOSSIAN PRIMARY SCHOOL,PRIMARY,PHYSICAL SPORTS,TAEKWONDO,na
ST. ANTHONY'S CANOSSIAN PRIMARY SCHOOL,PRIMARY,PHYSICAL SPORTS,TENNIS,na
ST. ANTHONY'S CANOSSIAN PRIMARY SCHOOL,PRIMARY,PHYSICAL SPORTS,TRACK AND FIELD,na
ST. ANTHONY'S CANOSSIAN SECONDARY SCHOOL,SECONDARY (S1-S5),VISUAL AND PERFORMING ARTS,ANGKLUNG/KULINTANG ENSEMBLE,na
ST. ANTHONY'S CANOSSIAN SECONDARY SCHOOL,SECONDARY (S1-S5),PHYSICAL SPORTS,ARTISTIC GYMNASTICS,na
ST. ANTHONY'S CANOSSIAN SECONDARY SCHOOL,SECONDARY (S1-S5),CLUBS AND SOCIETIES,AUDIO VISUAL AID,na
ST. ANTHONY'S CANOSSIAN SECONDARY SCHOOL,SECONDARY (S1-S5),PHYSICAL SPORTS,BADMINTON,na
ST. ANTHONY'S CANOSSIAN SECONDARY SCHOOL,SECONDARY (S1-S5),VISUAL AND PERFORMING ARTS,CHOIR,na
ST. ANTHONY'S CANOSSIAN SECONDARY SCHOOL,SECONDARY (S1-S5),VISUAL AND PERFORMING ARTS,CONCERT BAND,na
ST. ANTHONY'S CANOSSIAN SECONDARY SCHOOL,SECONDARY (S1-S5),CLUBS AND SOCIETIES,DEBATING AND PUBLIC SPEAKING,na
ST. ANTHONY'S CANOSSIAN SECONDARY SCHOOL,SECONDARY (S1-S5),CLUBS AND SOCIETIES,DIGITAL MEDIA,MEDIA  AND PRODUCTION SOCIETY
ST. ANTHONY'S CANOSSIAN SECONDARY SCHOOL,SECONDARY (S1-S5),VISUAL AND PERFORMING ARTS,ENGLISH DRAMA,na
ST. ANTHONY'S CANOSSIAN SECONDARY SCHOOL,SECONDARY (S1-S5),PHYSICAL SPORTS,FENCING,na
ST. ANTHONY'S CANOSSIAN SECONDARY SCHOOL,SECONDARY (S1-S5),CLUBS AND SOCIETIES,FILM,na
ST. ANTHONY'S CANOSSIAN SECONDARY SCHOOL,SECONDARY (S1-S5),PHYSICAL SPORTS,FLOORBALL,na
ST. ANTHONY'S CANOSSIAN SECONDARY SCHOOL,SECONDARY (S1-S5),UNIFORMED GROUPS,GIRL GUIDES,na
ST. ANTHONY'S CANOSSIAN SECONDARY SCHOOL,SECONDARY (S1-S5),VISUAL AND PERFORMING ARTS,GUITAR ENSEMBLE,na
ST. ANTHONY'S CANOSSIAN SECONDARY SCHOOL,SECONDARY (S1-S5),PHYSICAL SPORTS,HANDBALL,na
ST. ANTHONY'S CANOSSIAN SECONDARY SCHOOL,SECONDARY (S1-S5),CLUBS AND SOCIETIES,HOME ECONOMICS,ST MAGDALENE'S CLUB
ST. ANTHONY'S CANOSSIAN SECONDARY SCHOOL,SECONDARY (S1-S5),VISUAL AND PERFORMING ARTS,INDIAN DANCE,na
ST. ANTHONY'S CANOSSIAN SECONDARY SCHOOL,SECONDARY (S1-S5),CLUBS AND SOCIETIES,MEDIA RESOURCE LIBRARY,na
ST. ANTHONY'S CANOSSIAN SECONDARY SCHOOL,SECONDARY (S1-S5),VISUAL AND PERFORMING ARTS,MODERN DANCE,na
ST. ANTHONY'S CANOSSIAN SECONDARY SCHOOL,SECONDARY (S1-S5),UNIFORMED GROUPS,NATIONAL CIVIL DEFENCE CADET CORPS,na
ST. ANTHONY'S CANOSSIAN SECONDARY SCHOOL,SECONDARY (S1-S5),PHYSICAL SPORTS,NETBALL,na
ST. ANTHONY'S CANOSSIAN SECONDARY SCHOOL,SECONDARY (S1-S5),VISUAL AND PERFORMING ARTS,PERCUSSION ENSEMBLE,na
ST. ANTHONY'S CANOSSIAN SECONDARY SCHOOL,SECONDARY (S1-S5),PHYSICAL SPORTS,SP-CCA (CANOEING),na
ST. ANTHONY'S CANOSSIAN SECONDARY SCHOOL,SECONDARY (S1-S5),PHYSICAL SPORTS,SP-CCA (WATER POLO),na
ST. ANTHONY'S CANOSSIAN SECONDARY SCHOOL,SECONDARY (S1-S5),PHYSICAL SPORTS,SWIMMING,na
ST. ANTHONY'S CANOSSIAN SECONDARY SCHOOL,SECONDARY (S1-S5),PHYSICAL SPORTS,TAEKWONDO,na
ST. ANTHONY'S CANOSSIAN SECONDARY SCHOOL,SECONDARY (S1-S5),PHYSICAL SPORTS,TENNIS,na
ST. ANTHONY'S CANOSSIAN SECONDARY SCHOOL,SECONDARY (S1-S5),PHYSICAL SPORTS,TRACK AND FIELD,na
ST. ANTHONY'S PRIMARY SCHOOL,PRIMARY,CLUBS AND SOCIETIES,ART AND CRAFTS,na
ST. ANTHONY'S PRIMARY SCHOOL,PRIMARY,PHYSICAL SPORTS,BADMINTON,na
ST. ANTHONY'S PRIMARY SCHOOL,PRIMARY,VISUAL AND PERFORMING ARTS,BRASS BAND,na
ST. ANTHONY'S PRIMARY SCHOOL,PRIMARY,VISUAL AND PERFORMING ARTS,CHINESE DANCE,na
ST. ANTHONY'S PRIMARY SCHOOL,PRIMARY,VISUAL AND PERFORMING ARTS,CHOIR,na
ST. ANTHONY'S PRIMARY SCHOOL,PRIMARY,CLUBS AND SOCIETIES,"ENGLISH LANGUAGE, DRAMA AND DEBATING",na
ST. ANTHONY'S PRIMARY SCHOOL,PRIMARY,CLUBS AND SOCIETIES,ENVIRONMENTAL SCIENCE,na
ST. ANTHONY'S PRIMARY SCHOOL,PRIMARY,PHYSICAL SPORTS,FLOORBALL,na
ST. ANTHONY'S PRIMARY SCHOOL,PRIMARY,PHYSICAL SPORTS,FOOTBALL,na
ST. ANTHONY'S PRIMARY SCHOOL,PRIMARY,UNIFORMED GROUPS,GIRL GUIDES (BROWNIES),na
ST. ANTHONY'S PRIMARY SCHOOL,PRIMARY,CLUBS AND SOCIETIES,INFOCOMM TECHNOLOGY (COMPUTING),na
ST. ANTHONY'S PRIMARY SCHOOL,PRIMARY,VISUAL AND PERFORMING ARTS,MODERN DANCE,na
ST. ANTHONY'S PRIMARY SCHOOL,PRIMARY,PHYSICAL SPORTS,MODULAR CCA (SPORTS),na
ST. ANTHONY'S PRIMARY SCHOOL,PRIMARY,CLUBS AND SOCIETIES,ROBOTICS,na
ST. ANTHONY'S PRIMARY SCHOOL,PRIMARY,UNIFORMED GROUPS,SCOUTS,na
ST. ANTHONY'S PRIMARY SCHOOL,PRIMARY,OTHERS,STUDENT LEADERSHIP (HOUSE),na
ST. ANTHONY'S PRIMARY SCHOOL,PRIMARY,OTHERS,STUDENT LEADERSHIP (PEER SUPPORT),na
ST. ANTHONY'S PRIMARY SCHOOL,PRIMARY,OTHERS,STUDENT LEADERSHIP (PREFECT),na
ST. ANTHONY'S PRIMARY SCHOOL,PRIMARY,PHYSICAL SPORTS,TCHOUKBALL,na
ST. GABRIEL'S PRIMARY SCHOOL,PRIMARY,CLUBS AND SOCIETIES,ART AND CRAFTS,na
ST. GABRIEL'S PRIMARY SCHOOL,PRIMARY,PHYSICAL SPORTS,BADMINTON,na
ST. GABRIEL'S PRIMARY SCHOOL,PRIMARY,PHYSICAL SPORTS,BASKETBALL,na
ST. GABRIEL'S PRIMARY SCHOOL,PRIMARY,VISUAL AND PERFORMING ARTS,BRASS BAND,na
ST. GABRIEL'S PRIMARY SCHOOL,PRIMARY,VISUAL AND PERFORMING ARTS,CHOIR,na
ST. GABRIEL'S PRIMARY SCHOOL,PRIMARY,CLUBS AND SOCIETIES,FAITH-BASED CCA,na
ST. GABRIEL'S PRIMARY SCHOOL,PRIMARY,PHYSICAL SPORTS,FLOORBALL,na
ST. GABRIEL'S PRIMARY SCHOOL,PRIMARY,PHYSICAL SPORTS,FOOTBALL,na
ST. GABRIEL'S PRIMARY SCHOOL,PRIMARY,PHYSICAL SPORTS,GOLF,na
ST. GABRIEL'S PRIMARY SCHOOL,PRIMARY,CLUBS AND SOCIETIES,INFOCOMM TECHNOLOGY (MEDIA PRODUCTION),na
ST. GABRIEL'S PRIMARY SCHOOL,PRIMARY,CLUBS AND SOCIETIES,INTERNATIONAL CHESS,na
ST. GABRIEL'S PRIMARY SCHOOL,PRIMARY,PHYSICAL SPORTS,KARATE,na
ST. GABRIEL'S PRIMARY SCHOOL,PRIMARY,PHYSICAL SPORTS,MODULAR CCA (SPORTS),Gabrielite Sports Excellence Programme (GSEP)
ST. GABRIEL'S PRIMARY SCHOOL,PRIMARY,VISUAL AND PERFORMING ARTS,MODULAR CCA (VPA),na
ST. GABRIEL'S PRIMARY SCHOOL,PRIMARY,CLUBS AND SOCIETIES,PHYSICAL SCIENCE,na
ST. GABRIEL'S PRIMARY SCHOOL,PRIMARY,CLUBS AND SOCIETIES,ROBOTICS,na
ST. GABRIEL'S PRIMARY SCHOOL,PRIMARY,UNIFORMED GROUPS,SCOUTS,na
ST. GABRIEL'S PRIMARY SCHOOL,PRIMARY,PHYSICAL SPORTS,SWIMMING,na
ST. GABRIEL'S PRIMARY SCHOOL,PRIMARY,PHYSICAL SPORTS,TAEKWONDO,na
ST. GABRIEL'S PRIMARY SCHOOL,PRIMARY,PHYSICAL SPORTS,TENNIS,na
ST. GABRIEL'S PRIMARY SCHOOL,PRIMARY,PHYSICAL SPORTS,TRACK AND FIELD,na
ST. GABRIEL'S PRIMARY SCHOOL,PRIMARY,PHYSICAL SPORTS,VOLLEYBALL,na
ST. GABRIEL'S PRIMARY SCHOOL,PRIMARY,PHYSICAL SPORTS,WUSHU,na
ST. GABRIEL'S SECONDARY SCHOOL,SECONDARY (S1-S5),CLUBS AND SOCIETIES,AUDIO VISUAL AID,na
ST. GABRIEL'S SECONDARY SCHOOL,SECONDARY (S1-S5),PHYSICAL SPORTS,BADMINTON,na
ST. GABRIEL'S SECONDARY SCHOOL,SECONDARY (S1-S5),VISUAL AND PERFORMING ARTS,CONCERT BAND,na
ST. GABRIEL'S SECONDARY SCHOOL,SECONDARY (S1-S5),CLUBS AND SOCIETIES,DEBATING AND PUBLIC SPEAKING,na
ST. GABRIEL'S SECONDARY SCHOOL,SECONDARY (S1-S5),PHYSICAL SPORTS,FLOORBALL,na
ST. GABRIEL'S SECONDARY SCHOOL,SECONDARY (S1-S5),PHYSICAL SPORTS,FOOTBALL,na
ST. GABRIEL'S SECONDARY SCHOOL,SECONDARY (S1-S5),PHYSICAL SPORTS,GOLF,na
ST. GABRIEL'S SECONDARY SCHOOL,SECONDARY (S1-S5),VISUAL AND PERFORMING ARTS,GUITAR ENSEMBLE,na
ST. GABRIEL'S SECONDARY SCHOOL,SECONDARY (S1-S5),PHYSICAL SPORTS,JUDO,na
ST. GABRIEL'S SECONDARY SCHOOL,SECONDARY (S1-S5),PHYSICAL SPORTS,KARATE,na
ST. GABRIEL'S SECONDARY SCHOOL,SECONDARY (S1-S5),UNIFORMED GROUPS,NATIONAL CADET CORPS (AIR),na
ST. GABRIEL'S SECONDARY SCHOOL,SECONDARY (S1-S5),UNIFORMED GROUPS,NATIONAL CADET CORPS (LAND),na
ST. GABRIEL'S SECONDARY SCHOOL,SECONDARY (S1-S5),UNIFORMED GROUPS,NATIONAL POLICE CADET CORPS,na
ST. GABRIEL'S SECONDARY SCHOOL,SECONDARY (S1-S5),UNIFORMED GROUPS,RED CROSS YOUTH,na
ST. GABRIEL'S SECONDARY SCHOOL,SECONDARY (S1-S5),UNIFORMED GROUPS,SCOUTS,na
ST. GABRIEL'S SECONDARY SCHOOL,SECONDARY (S1-S5),CLUBS AND SOCIETIES,SINGAPORE YOUTH FLYING CLUB,na
ST. GABRIEL'S SECONDARY SCHOOL,SECONDARY (S1-S5),PHYSICAL SPORTS,SOFTBALL,na
ST. GABRIEL'S SECONDARY SCHOOL,SECONDARY (S1-S5),PHYSICAL SPORTS,SP-CCA (ATHLETICS),na
ST. GABRIEL'S SECONDARY SCHOOL,SECONDARY (S1-S5),PHYSICAL SPORTS,SP-CCA (HOCKEY),na
ST. GABRIEL'S SECONDARY SCHOOL,SECONDARY (S1-S5),PHYSICAL SPORTS,SP-CCA (WATER POLO),na
ST. GABRIEL'S SECONDARY SCHOOL,SECONDARY (S1-S5),CLUBS AND SOCIETIES,SPEECH AND DRAMA,na
ST. GABRIEL'S SECONDARY SCHOOL,SECONDARY (S1-S5),PHYSICAL SPORTS,TABLE TENNIS,na
ST. HILDA'S PRIMARY SCHOOL,PRIMARY,CLUBS AND SOCIETIES,ART AND CRAFTS,ART CLUB
ST. HILDA'S PRIMARY SCHOOL,PRIMARY,UNIFORMED GROUPS,BOYS' BRIGADE,na
ST. HILDA'S PRIMARY SCHOOL,PRIMARY,VISUAL AND PERFORMING ARTS,CHOIR,na
ST. HILDA'S PRIMARY SCHOOL,PRIMARY,VISUAL AND PERFORMING ARTS,ENGLISH DRAMA,DRAMA & MEDIA CLUB
ST. HILDA'S PRIMARY SCHOOL,PRIMARY,CLUBS AND SOCIETIES,FAITH-BASED CCA,SONSHINE CLUB
ST. HILDA'S PRIMARY SCHOOL,PRIMARY,PHYSICAL SPORTS,FLOORBALL,na
ST. HILDA'S PRIMARY SCHOOL,PRIMARY,UNIFORMED GROUPS,GIRLS' BRIGADE,na
ST. HILDA'S PRIMARY SCHOOL,PRIMARY,VISUAL AND PERFORMING ARTS,GUZHENG ENSEMBLE,GUZHENG
ST. HILDA'S PRIMARY SCHOOL,PRIMARY,PHYSICAL SPORTS,HOCKEY,na
ST. HILDA'S PRIMARY SCHOOL,PRIMARY,CLUBS AND SOCIETIES,INFOCOMM TECHNOLOGY (MEDIA PRODUCTION),INFOCOMM CLUB
ST. HILDA'S PRIMARY SCHOOL,PRIMARY,CLUBS AND SOCIETIES,INTERNATIONAL CHESS,CHESS CLUB
ST. HILDA'S PRIMARY SCHOOL,PRIMARY,VISUAL AND PERFORMING ARTS,MODERN DANCE,DANCE
ST. HILDA'S PRIMARY SCHOOL,PRIMARY,PHYSICAL SPORTS,NETBALL,na
ST. HILDA'S PRIMARY SCHOOL,PRIMARY,PHYSICAL SPORTS,SAILING,na
ST. HILDA'S PRIMARY SCHOOL,PRIMARY,CLUBS AND SOCIETIES,STRATEGY GAMES,SCRABBLE CLUB
ST. HILDA'S PRIMARY SCHOOL,PRIMARY,VISUAL AND PERFORMING ARTS,STRING ENSEMBLE,na
ST. HILDA'S PRIMARY SCHOOL,PRIMARY,OTHERS,STUDENT LEADERSHIP (COUNCIL),na
ST. HILDA'S PRIMARY SCHOOL,PRIMARY,PHYSICAL SPORTS,TABLE TENNIS,na
ST. HILDA'S PRIMARY SCHOOL,PRIMARY,PHYSICAL SPORTS,VOLLEYBALL,na
ST. HILDA'S SECONDARY SCHOOL,SECONDARY (S1-S5),CLUBS AND SOCIETIES,ART AND CRAFTS,na
ST. HILDA'S SECONDARY SCHOOL,SECONDARY (S1-S5),CLUBS AND SOCIETIES,AUDIO VISUAL AID,PA / AVA CLUB
ST. HILDA'S SECONDARY SCHOOL,SECONDARY (S1-S5),PHYSICAL SPORTS,BADMINTON,na
ST. HILDA'S SECONDARY SCHOOL,SECONDARY (S1-S5),UNIFORMED GROUPS,BOYS' BRIGADE,na
ST. HILDA'S SECONDARY SCHOOL,SECONDARY (S1-S5),VISUAL AND PERFORMING ARTS,CHOIR,HILDAN CHORALE
ST. HILDA'S SECONDARY SCHOOL,SECONDARY (S1-S5),VISUAL AND PERFORMING ARTS,CONCERT BAND,SYMPHONIC BAND
ST. HILDA'S SECONDARY SCHOOL,SECONDARY (S1-S5),VISUAL AND PERFORMING ARTS,ENGLISH DRAMA,ENGLISH DRAMA
ST. HILDA'S SECONDARY SCHOOL,SECONDARY (S1-S5),CLUBS AND SOCIETIES,FAITH-BASED CCA,CROSS TRAIN
ST. HILDA'S SECONDARY SCHOOL,SECONDARY (S1-S5),PHYSICAL SPORTS,FLOORBALL,na
ST. HILDA'S SECONDARY SCHOOL,SECONDARY (S1-S5),UNIFORMED GROUPS,GIRLS' BRIGADE,na
ST. HILDA'S SECONDARY SCHOOL,SECONDARY (S1-S5),VISUAL AND PERFORMING ARTS,GUITAR ENSEMBLE,na
ST. HILDA'S SECONDARY SCHOOL,SECONDARY (S1-S5),VISUAL AND PERFORMING ARTS,HANDBELL ENSEMBLE,na
ST. HILDA'S SECONDARY SCHOOL,SECONDARY (S1-S5),PHYSICAL SPORTS,HOCKEY,na
ST. HILDA'S SECONDARY SCHOOL,SECONDARY (S1-S5),CLUBS AND SOCIETIES,INFOCOMM TECHNOLOGY (COMPUTING),INFOCOMM (ROBOTICS) CLUB
ST. HILDA'S SECONDARY SCHOOL,SECONDARY (S1-S5),CLUBS AND SOCIETIES,MEDIA RESOURCE LIBRARY,na
ST. HILDA'S SECONDARY SCHOOL,SECONDARY (S1-S5),UNIFORMED GROUPS,NATIONAL CIVIL DEFENCE CADET CORPS,na
ST. HILDA'S SECONDARY SCHOOL,SECONDARY (S1-S5),UNIFORMED GROUPS,NATIONAL POLICE CADET CORPS,na
ST. HILDA'S SECONDARY SCHOOL,SECONDARY (S1-S5),PHYSICAL SPORTS,NETBALL,na
ST. HILDA'S SECONDARY SCHOOL,SECONDARY (S1-S5),CLUBS AND SOCIETIES,PHOTOGRAPHY,MASS COMMUNICATION CLUB
ST. HILDA'S SECONDARY SCHOOL,SECONDARY (S1-S5),PHYSICAL SPORTS,SP-CCA (WATER POLO),na
ST. HILDA'S SECONDARY SCHOOL,SECONDARY (S1-S5),PHYSICAL SPORTS,VOLLEYBALL,na
ST. JOSEPH'S INSTITUTION,MIXED LEVEL (S1-JC2),CLUBS AND SOCIETIES,ART AND CRAFTS,VISUAL ARTS CAS
ST. JOSEPH'S INSTITUTION,MIXED LEVEL (S1-JC2),PHYSICAL SPORTS,BADMINTON,na
ST. JOSEPH'S INSTITUTION,MIXED LEVEL (S1-JC2),PHYSICAL SPORTS,BASKETBALL,na
ST. JOSEPH'S INSTITUTION,MIXED LEVEL (S1-JC2),PHYSICAL SPORTS,CANOEING,na
ST. JOSEPH'S INSTITUTION,MIXED LEVEL (S1-JC2),CLUBS AND SOCIETIES,CHINESE CULTURE AND LANGUAGE,CHINESE CULTURAL SOCIETY
ST. JOSEPH'S INSTITUTION,MIXED LEVEL (S1-JC2),VISUAL AND PERFORMING ARTS,CHOIR,SJI VOCAL ENSEMBLE
ST. JOSEPH'S INSTITUTION,MIXED LEVEL (S1-JC2),CLUBS AND SOCIETIES,COMMUNITY SERVICE,LASALLIAN YOUTH
ST. JOSEPH'S INSTITUTION,MIXED LEVEL (S1-JC2),VISUAL AND PERFORMING ARTS,CONCERT BAND,SJI SYMPHONIC BAND
ST. JOSEPH'S INSTITUTION,MIXED LEVEL (S1-JC2),PHYSICAL SPORTS,CROSS COUNTRY,na
ST. JOSEPH'S INSTITUTION,MIXED LEVEL (S1-JC2),CLUBS AND SOCIETIES,DEBATING AND PUBLIC SPEAKING,DEBATE CAS
ST. JOSEPH'S INSTITUTION,MIXED LEVEL (S1-JC2),CLUBS AND SOCIETIES,DESIGN AND INNOVATION,DESIGN & INNOVATION CLUB
ST. JOSEPH'S INSTITUTION,MIXED LEVEL (S1-JC2),CLUBS AND SOCIETIES,DESIGN AND INNOVATION,NA
ST. JOSEPH'S INSTITUTION,MIXED LEVEL (S1-JC2),CLUBS AND SOCIETIES,DIGITAL MEDIA,PRISM CAS
ST. JOSEPH'S INSTITUTION,MIXED LEVEL (S1-JC2),PHYSICAL SPORTS,DRAGON BOAT,DRAGON BOAT CAS
ST. JOSEPH'S INSTITUTION,MIXED LEVEL (S1-JC2),CLUBS AND SOCIETIES,ENGLISH CULTURE AND LANGUAGE,C3 ACE PROGRAMME FOR  YOUTHS
ST. JOSEPH'S INSTITUTION,MIXED LEVEL (S1-JC2),VISUAL AND PERFORMING ARTS,ENGLISH DRAMA,SJI DRAMA
ST. JOSEPH'S INSTITUTION,MIXED LEVEL (S1-JC2),CLUBS AND SOCIETIES,"ENGLISH LANGUAGE, DRAMA AND DEBATING",kidsREAD
ST. JOSEPH'S INSTITUTION,MIXED LEVEL (S1-JC2),CLUBS AND SOCIETIES,ENTREPRENEURSHIP,PRE-UNIVERSITY SEMINAR CAS
ST. JOSEPH'S INSTITUTION,MIXED LEVEL (S1-JC2),CLUBS AND SOCIETIES,ENVIRONMENTAL SCIENCE,GREEN CONNECT
ST. JOSEPH'S INSTITUTION,MIXED LEVEL (S1-JC2),CLUBS AND SOCIETIES,FAITH-BASED CCA,na
ST. JOSEPH'S INSTITUTION,MIXED LEVEL (S1-JC2),PHYSICAL SPORTS,FENCING,na
ST. JOSEPH'S INSTITUTION,MIXED LEVEL (S1-JC2),CLUBS AND SOCIETIES,FILM,FILM CAS
ST. JOSEPH'S INSTITUTION,MIXED LEVEL (S1-JC2),PHYSICAL SPORTS,FLOORBALL,na
ST. JOSEPH'S INSTITUTION,MIXED LEVEL (S1-JC2),PHYSICAL SPORTS,FOOTBALL,na
ST. JOSEPH'S INSTITUTION,MIXED LEVEL (S1-JC2),PHYSICAL SPORTS,FRISBEE,ULTIMATE FRISBEE
ST. JOSEPH'S INSTITUTION,MIXED LEVEL (S1-JC2),VISUAL AND PERFORMING ARTS,GUITAR ENSEMBLE,SJI GUITAR ENSEMBLE
ST. JOSEPH'S INSTITUTION,MIXED LEVEL (S1-JC2),PHYSICAL SPORTS,HOCKEY,na
ST. JOSEPH'S INSTITUTION,MIXED LEVEL (S1-JC2),CLUBS AND SOCIETIES,INDIAN CULTURE AND LANGUAGE,INDIAN CULTURAL SOCIETY
ST. JOSEPH'S INSTITUTION,MIXED LEVEL (S1-JC2),CLUBS AND SOCIETIES,INFOCOMM TECHNOLOGY (COMPUTING),CODING & TECHNOLOGY  CAS
ST. JOSEPH'S INSTITUTION,MIXED LEVEL (S1-JC2),CLUBS AND SOCIETIES,INFOCOMM TECHNOLOGY (MEDIA PRODUCTION),BEACON CAS
ST. JOSEPH'S INSTITUTION,MIXED LEVEL (S1-JC2),CLUBS AND SOCIETIES,INTERNATIONAL AND GLOBAL STUDIES,SICA CAS
ST. JOSEPH'S INSTITUTION,MIXED LEVEL (S1-JC2),CLUBS AND SOCIETIES,INTERNATIONAL CHESS,CHESS CLUB
ST. JOSEPH'S INSTITUTION,MIXED LEVEL (S1-JC2),PHYSICAL SPORTS,JUDO,na
ST. JOSEPH'S INSTITUTION,MIXED LEVEL (S1-JC2),CLUBS AND SOCIETIES,MALAY CULTURE AND LANGUAGE,MALAY CULTURAL SOCIETY
ST. JOSEPH'S INSTITUTION,MIXED LEVEL (S1-JC2),CLUBS AND SOCIETIES,MATHEMATICS,na
ST. JOSEPH'S INSTITUTION,MIXED LEVEL (S1-JC2),VISUAL AND PERFORMING ARTS,MODERN DANCE,DANCE CAS
ST. JOSEPH'S INSTITUTION,MIXED LEVEL (S1-JC2),PHYSICAL SPORTS,MODULAR CCA (SPORTS),na
ST. JOSEPH'S INSTITUTION,MIXED LEVEL (S1-JC2),UNIFORMED GROUPS,NATIONAL CADET CORPS (AIR),na
ST. JOSEPH'S INSTITUTION,MIXED LEVEL (S1-JC2),UNIFORMED GROUPS,NATIONAL CADET CORPS (LAND),na
ST. JOSEPH'S INSTITUTION,MIXED LEVEL (S1-JC2),UNIFORMED GROUPS,NATIONAL POLICE CADET CORPS,na
ST. JOSEPH'S INSTITUTION,MIXED LEVEL (S1-JC2),CLUBS AND SOCIETIES,PHOTOGRAPHY,PHOTOGRAPHY
ST. JOSEPH'S INSTITUTION,MIXED LEVEL (S1-JC2),CLUBS AND SOCIETIES,PHYSICAL SCIENCE,SCIENCE CAS
ST. JOSEPH'S INSTITUTION,MIXED LEVEL (S1-JC2),VISUAL AND PERFORMING ARTS,PIPE BAND,SJI BAGPIPES & DRUMS
ST. JOSEPH'S INSTITUTION,MIXED LEVEL (S1-JC2),VISUAL AND PERFORMING ARTS,POP AND JAZZ,ROCK-A-CAUSE CAS
ST. JOSEPH'S INSTITUTION,MIXED LEVEL (S1-JC2),CLUBS AND SOCIETIES,PUBLICATION,PAPER BRIDGES
ST. JOSEPH'S INSTITUTION,MIXED LEVEL (S1-JC2),CLUBS AND SOCIETIES,READING AND WRITING,LITERARY SOCIETY
ST. JOSEPH'S INSTITUTION,MIXED LEVEL (S1-JC2),PHYSICAL SPORTS,RUGBY,na
ST. JOSEPH'S INSTITUTION,MIXED LEVEL (S1-JC2),PHYSICAL SPORTS,SAILING,na
ST. JOSEPH'S INSTITUTION,MIXED LEVEL (S1-JC2),UNIFORMED GROUPS,SCOUTS,ST JOSEPH'S PELANDOK SCOUTS
ST. JOSEPH'S INSTITUTION,MIXED LEVEL (S1-JC2),UNIFORMED GROUPS,SCOUTS,VENTURES
ST. JOSEPH'S INSTITUTION,MIXED LEVEL (S1-JC2),VISUAL AND PERFORMING ARTS,SINGAPORE NATIONAL YOUTH CHINESE ORCHESTRA,na
ST. JOSEPH'S INSTITUTION,MIXED LEVEL (S1-JC2),VISUAL AND PERFORMING ARTS,SINGAPORE NATIONAL YOUTH ORCHESTRA,na
ST. JOSEPH'S INSTITUTION,MIXED LEVEL (S1-JC2),CLUBS AND SOCIETIES,SINGAPORE YOUTH FLYING CLUB,na
ST. JOSEPH'S INSTITUTION,MIXED LEVEL (S1-JC2),PHYSICAL SPORTS,SP-CCA (WATER POLO),na
ST. JOSEPH'S INSTITUTION,MIXED LEVEL (S1-JC2),CLUBS AND SOCIETIES,SPACE SCIENCE,ASTRONOMY CAS
ST. JOSEPH'S INSTITUTION,MIXED LEVEL (S1-JC2),CLUBS AND SOCIETIES,SPEECH AND DRAMA,YOUNGXHUSH
ST. JOSEPH'S INSTITUTION,MIXED LEVEL (S1-JC2),PHYSICAL SPORTS,SQUASH,na
ST. JOSEPH'S INSTITUTION,MIXED LEVEL (S1-JC2),UNIFORMED GROUPS,ST JOHN BRIGADE,na
ST. JOSEPH'S INSTITUTION,MIXED LEVEL (S1-JC2),OTHERS,STUDENT INITIATED ACTIVITIES (CLUBS & SOCIETIES),BLOODAY
ST. JOSEPH'S INSTITUTION,MIXED LEVEL (S1-JC2),OTHERS,STUDENT LEADERSHIP (HOUSE),na
ST. JOSEPH'S INSTITUTION,MIXED LEVEL (S1-JC2),OTHERS,STUDENT LEADERSHIP (PREFECT),na
ST. JOSEPH'S INSTITUTION,MIXED LEVEL (S1-JC2),CLUBS AND SOCIETIES,STUDENTS' COUNCIL,na
ST. JOSEPH'S INSTITUTION,MIXED LEVEL (S1-JC2),PHYSICAL SPORTS,TABLE TENNIS,na
ST. JOSEPH'S INSTITUTION,MIXED LEVEL (S1-JC2),PHYSICAL SPORTS,TAEKWONDO,na
ST. JOSEPH'S INSTITUTION,MIXED LEVEL (S1-JC2),PHYSICAL SPORTS,TENNIS,na
ST. JOSEPH'S INSTITUTION,MIXED LEVEL (S1-JC2),PHYSICAL SPORTS,TRACK AND FIELD,na
ST. JOSEPH'S INSTITUTION,MIXED LEVEL (S1-JC2),PHYSICAL SPORTS,VOLLEYBALL,VOLLEYBALL CAS
ST. JOSEPH'S INSTITUTION JUNIOR,PRIMARY,CLUBS AND SOCIETIES,ART AND CRAFTS,na
ST. JOSEPH'S INSTITUTION JUNIOR,PRIMARY,CLUBS AND SOCIETIES,AUDIO VISUAL AID,na
ST. JOSEPH'S INSTITUTION JUNIOR,PRIMARY,PHYSICAL SPORTS,BADMINTON,na
ST. JOSEPH'S INSTITUTION JUNIOR,PRIMARY,PHYSICAL SPORTS,BOWLING,na
ST. JOSEPH'S INSTITUTION JUNIOR,PRIMARY,VISUAL AND PERFORMING ARTS,BRASS BAND,na
ST. JOSEPH'S INSTITUTION JUNIOR,PRIMARY,VISUAL AND PERFORMING ARTS,CHOIR,na
ST. JOSEPH'S INSTITUTION JUNIOR,PRIMARY,PHYSICAL SPORTS,FLOORBALL,na
ST. JOSEPH'S INSTITUTION JUNIOR,PRIMARY,PHYSICAL SPORTS,FOOTBALL,na
ST. JOSEPH'S INSTITUTION JUNIOR,PRIMARY,CLUBS AND SOCIETIES,INTERNATIONAL CHESS,na
ST. JOSEPH'S INSTITUTION JUNIOR,PRIMARY,VISUAL AND PERFORMING ARTS,MODERN DANCE,na
ST. JOSEPH'S INSTITUTION JUNIOR,PRIMARY,CLUBS AND SOCIETIES,ROBOTICS,na
ST. JOSEPH'S INSTITUTION JUNIOR,PRIMARY,PHYSICAL SPORTS,RUGBY,na
ST. JOSEPH'S INSTITUTION JUNIOR,PRIMARY,UNIFORMED GROUPS,SCOUTS,na
ST. JOSEPH'S INSTITUTION JUNIOR,PRIMARY,PHYSICAL SPORTS,TENNIS,na
ST. MARGARET'S SCHOOL (PRIMARY),PRIMARY,CLUBS AND SOCIETIES,ART AND CRAFTS,ART CLUB
ST. MARGARET'S SCHOOL (PRIMARY),PRIMARY,PHYSICAL SPORTS,BOWLING,BOWLING
ST. MARGARET'S SCHOOL (PRIMARY),PRIMARY,VISUAL AND PERFORMING ARTS,BRASS BAND,BRASS BAND
ST. MARGARET'S SCHOOL (PRIMARY),PRIMARY,VISUAL AND PERFORMING ARTS,CHOIR,CHOIR
ST. MARGARET'S SCHOOL (PRIMARY),PRIMARY,CLUBS AND SOCIETIES,ENVIRONMENTAL SCIENCE,ENVIRONMENTAL SCIENCE
ST. MARGARET'S SCHOOL (PRIMARY),PRIMARY,UNIFORMED GROUPS,GIRL GUIDES (BROWNIES),BROWNIES
ST. MARGARET'S SCHOOL (PRIMARY),PRIMARY,UNIFORMED GROUPS,GIRLS' BRIGADE,GB
ST. MARGARET'S SCHOOL (PRIMARY),PRIMARY,VISUAL AND PERFORMING ARTS,GUITAR ENSEMBLE,GUITAR ENSEMBLE
ST. MARGARET'S SCHOOL (PRIMARY),PRIMARY,CLUBS AND SOCIETIES,INFOCOMM TECHNOLOGY (MEDIA PRODUCTION),INFOCOMM
ST. MARGARET'S SCHOOL (PRIMARY),PRIMARY,CLUBS AND SOCIETIES,MEDIA RESOURCE LIBRARY,STAR
ST. MARGARET'S SCHOOL (PRIMARY),PRIMARY,VISUAL AND PERFORMING ARTS,MODERN DANCE,INTERNATIONAL DANCE
ST. MARGARET'S SCHOOL (PRIMARY),PRIMARY,PHYSICAL SPORTS,MODULAR CCA (SPORTS),NETBALL DEVELOPMENT SQUAD
ST. MARGARET'S SCHOOL (PRIMARY),PRIMARY,PHYSICAL SPORTS,NETBALL,NETBALL
ST. MARGARET'S SCHOOL (PRIMARY),PRIMARY,PHYSICAL SPORTS,TENNIS,TENNIS
ST. MARGARET'S SCHOOL (PRIMARY),PRIMARY,PHYSICAL SPORTS,VOLLEYBALL,MODULAR SPORTS
ST. MARGARET'S SCHOOL (SECONDARY),SECONDARY (S1-S5),CLUBS AND SOCIETIES,ART AND CRAFTS,CREATIVE ART CLUB
ST. MARGARET'S SCHOOL (SECONDARY),SECONDARY (S1-S5),PHYSICAL SPORTS,BADMINTON,na
ST. MARGARET'S SCHOOL (SECONDARY),SECONDARY (S1-S5),PHYSICAL SPORTS,BASKETBALL,na
ST. MARGARET'S SCHOOL (SECONDARY),SECONDARY (S1-S5),PHYSICAL SPORTS,BOWLING,na
ST. MARGARET'S SCHOOL (SECONDARY),SECONDARY (S1-S5),VISUAL AND PERFORMING ARTS,CHINESE DANCE,na
ST. MARGARET'S SCHOOL (SECONDARY),SECONDARY (S1-S5),VISUAL AND PERFORMING ARTS,CHOIR,na
ST. MARGARET'S SCHOOL (SECONDARY),SECONDARY (S1-S5),VISUAL AND PERFORMING ARTS,CONCERT BAND,na
ST. MARGARET'S SCHOOL (SECONDARY),SECONDARY (S1-S5),CLUBS AND SOCIETIES,DEBATING AND PUBLIC SPEAKING,DEBATE CLUB
ST. MARGARET'S SCHOOL (SECONDARY),SECONDARY (S1-S5),VISUAL AND PERFORMING ARTS,ENGLISH DRAMA,na
ST. MARGARET'S SCHOOL (SECONDARY),SECONDARY (S1-S5),CLUBS AND SOCIETIES,FAITH-BASED CCA,AGAPE CLUB
ST. MARGARET'S SCHOOL (SECONDARY),SECONDARY (S1-S5),PHYSICAL SPORTS,FENCING,na
ST. MARGARET'S SCHOOL (SECONDARY),SECONDARY (S1-S5),PHYSICAL SPORTS,FLOORBALL,na
ST. MARGARET'S SCHOOL (SECONDARY),SECONDARY (S1-S5),UNIFORMED GROUPS,GIRL GUIDES,na
ST. MARGARET'S SCHOOL (SECONDARY),SECONDARY (S1-S5),UNIFORMED GROUPS,GIRLS' BRIGADE,na
ST. MARGARET'S SCHOOL (SECONDARY),SECONDARY (S1-S5),VISUAL AND PERFORMING ARTS,INDIAN DANCE,na
ST. MARGARET'S SCHOOL (SECONDARY),SECONDARY (S1-S5),CLUBS AND SOCIETIES,INFOCOMM TECHNOLOGY (MEDIA PRODUCTION),SMARTS MEDIA
ST. MARGARET'S SCHOOL (SECONDARY),SECONDARY (S1-S5),VISUAL AND PERFORMING ARTS,MALAY DANCE,na
ST. MARGARET'S SCHOOL (SECONDARY),SECONDARY (S1-S5),VISUAL AND PERFORMING ARTS,MODERN DANCE,na
ST. MARGARET'S SCHOOL (SECONDARY),SECONDARY (S1-S5),UNIFORMED GROUPS,NATIONAL POLICE CADET CORPS,na
ST. MARGARET'S SCHOOL (SECONDARY),SECONDARY (S1-S5),PHYSICAL SPORTS,NETBALL,na
ST. MARGARET'S SCHOOL (SECONDARY),SECONDARY (S1-S5),UNIFORMED GROUPS,RED CROSS YOUTH,na
ST. MARGARET'S SCHOOL (SECONDARY),SECONDARY (S1-S5),PHYSICAL SPORTS,SP-CCA (ATHLETICS),na
ST. MARGARET'S SCHOOL (SECONDARY),SECONDARY (S1-S5),PHYSICAL SPORTS,SP-CCA (CANOEING),na
ST. MARGARET'S SCHOOL (SECONDARY),SECONDARY (S1-S5),PHYSICAL SPORTS,SP-CCA (WATER POLO),na
ST. MARGARET'S SCHOOL (SECONDARY),SECONDARY (S1-S5),VISUAL AND PERFORMING ARTS,STRING ENSEMBLE,na
ST. MARGARET'S SCHOOL (SECONDARY),SECONDARY (S1-S5),OTHERS,STUDENT LEADERSHIP (COUNCIL),na
ST. MARGARET'S SCHOOL (SECONDARY),SECONDARY (S1-S5),PHYSICAL SPORTS,TENNIS,na
ST. PATRICK'S SCHOOL,SECONDARY (S1-S5),PHYSICAL SPORTS,BADMINTON,na
ST. PATRICK'S SCHOOL,SECONDARY (S1-S5),PHYSICAL SPORTS,BASKETBALL,na
ST. PATRICK'S SCHOOL,SECONDARY (S1-S5),PHYSICAL SPORTS,BOWLING,BOWLING
ST. PATRICK'S SCHOOL,SECONDARY (S1-S5),VISUAL AND PERFORMING ARTS,CONCERT BAND,na
ST. PATRICK'S SCHOOL,SECONDARY (S1-S5),PHYSICAL SPORTS,CRICKET,na
ST. PATRICK'S SCHOOL,SECONDARY (S1-S5),VISUAL AND PERFORMING ARTS,ENGLISH DRAMA,na
ST. PATRICK'S SCHOOL,SECONDARY (S1-S5),CLUBS AND SOCIETIES,FAITH-BASED CCA,na
ST. PATRICK'S SCHOOL,SECONDARY (S1-S5),PHYSICAL SPORTS,FLOORBALL,na
ST. PATRICK'S SCHOOL,SECONDARY (S1-S5),PHYSICAL SPORTS,FOOTBALL,na
ST. PATRICK'S SCHOOL,SECONDARY (S1-S5),PHYSICAL SPORTS,GOLF,na
ST. PATRICK'S SCHOOL,SECONDARY (S1-S5),VISUAL AND PERFORMING ARTS,GUITAR ENSEMBLE,na
ST. PATRICK'S SCHOOL,SECONDARY (S1-S5),CLUBS AND SOCIETIES,INFOCOMM TECHNOLOGY (COMPUTING),na
ST. PATRICK'S SCHOOL,SECONDARY (S1-S5),CLUBS AND SOCIETIES,INFOCOMM TECHNOLOGY (MEDIA PRODUCTION),MEDIA CLUB
ST. PATRICK'S SCHOOL,SECONDARY (S1-S5),CLUBS AND SOCIETIES,MEDIA RESOURCE LIBRARY,na
ST. PATRICK'S SCHOOL,SECONDARY (S1-S5),VISUAL AND PERFORMING ARTS,MODERN DANCE,na
ST. PATRICK'S SCHOOL,SECONDARY (S1-S5),UNIFORMED GROUPS,NATIONAL CADET CORPS (AIR),na
ST. PATRICK'S SCHOOL,SECONDARY (S1-S5),UNIFORMED GROUPS,NATIONAL CADET CORPS (LAND),na
ST. PATRICK'S SCHOOL,SECONDARY (S1-S5),UNIFORMED GROUPS,NATIONAL POLICE CADET CORPS,na
ST. PATRICK'S SCHOOL,SECONDARY (S1-S5),UNIFORMED GROUPS,SCOUTS,na
ST. PATRICK'S SCHOOL,SECONDARY (S1-S5),VISUAL AND PERFORMING ARTS,SINGAPORE NATIONAL YOUTH ORCHESTRA,na
ST. PATRICK'S SCHOOL,SECONDARY (S1-S5),CLUBS AND SOCIETIES,SINGAPORE YOUTH FLYING CLUB,na
ST. PATRICK'S SCHOOL,SECONDARY (S1-S5),PHYSICAL SPORTS,SP-CCA (WATER POLO),na
ST. PATRICK'S SCHOOL,SECONDARY (S1-S5),OTHERS,STUDENT INITIATED ACTIVITIES (CLUBS & SOCIETIES),na
ST. PATRICK'S SCHOOL,SECONDARY (S1-S5),OTHERS,STUDENT LEADERSHIP (COUNCIL),na
ST. PATRICK'S SCHOOL,SECONDARY (S1-S5),PHYSICAL SPORTS,TENNIS,na
ST. PATRICK'S SCHOOL,SECONDARY (S1-S5),PHYSICAL SPORTS,TRACK AND FIELD,na
ST. STEPHEN'S SCHOOL,PRIMARY,CLUBS AND SOCIETIES,ART AND CRAFTS,ART & MEDIA CLUB
ST. STEPHEN'S SCHOOL,PRIMARY,PHYSICAL SPORTS,BADMINTON,na
ST. STEPHEN'S SCHOOL,PRIMARY,PHYSICAL SPORTS,BASKETBALL,na
ST. STEPHEN'S SCHOOL,PRIMARY,VISUAL AND PERFORMING ARTS,BRASS BAND,na
ST. STEPHEN'S SCHOOL,PRIMARY,PHYSICAL SPORTS,FLOORBALL,na
ST. STEPHEN'S SCHOOL,PRIMARY,PHYSICAL SPORTS,FOOTBALL,na
ST. STEPHEN'S SCHOOL,PRIMARY,VISUAL AND PERFORMING ARTS,MODERN DANCE,na
ST. STEPHEN'S SCHOOL,PRIMARY,CLUBS AND SOCIETIES,ROBOTICS,"ROBOTICS, SCIENCE & GREEN"
ST. STEPHEN'S SCHOOL,PRIMARY,UNIFORMED GROUPS,SCOUTS,CUB SCOUTS
ST. STEPHEN'S SCHOOL,PRIMARY,PHYSICAL SPORTS,TRACK AND FIELD,na
SWISS COTTAGE SECONDARY SCHOOL,SECONDARY (S1-S5),PHYSICAL SPORTS,BADMINTON,na
SWISS COTTAGE SECONDARY SCHOOL,SECONDARY (S1-S5),PHYSICAL SPORTS,BASKETBALL,na
SWISS COTTAGE SECONDARY SCHOOL,SECONDARY (S1-S5),PHYSICAL SPORTS,BOWLING,na
SWISS COTTAGE SECONDARY SCHOOL,SECONDARY (S1-S5),UNIFORMED GROUPS,BOYS' BRIGADE,na
SWISS COTTAGE SECONDARY SCHOOL,SECONDARY (S1-S5),VISUAL AND PERFORMING ARTS,CHINESE DANCE,SWISS DANCE
SWISS COTTAGE SECONDARY SCHOOL,SECONDARY (S1-S5),VISUAL AND PERFORMING ARTS,CHINESE ORCHESTRA,na
SWISS COTTAGE SECONDARY SCHOOL,SECONDARY (S1-S5),VISUAL AND PERFORMING ARTS,CHOIR,SHOW CHOIR
SWISS COTTAGE SECONDARY SCHOOL,SECONDARY (S1-S5),CLUBS AND SOCIETIES,COMMUNITY SERVICE,MAKER EDUCATION LEADERS
SWISS COTTAGE SECONDARY SCHOOL,SECONDARY (S1-S5),CLUBS AND SOCIETIES,DESIGN AND INNOVATION,SCIENCE & TECHNOLOGY CLUB
SWISS COTTAGE SECONDARY SCHOOL,SECONDARY (S1-S5),VISUAL AND PERFORMING ARTS,ENGLISH DRAMA,na
SWISS COTTAGE SECONDARY SCHOOL,SECONDARY (S1-S5),CLUBS AND SOCIETIES,ENVIRONMENTAL SCIENCE,SCIENCE AMBASSADORS
SWISS COTTAGE SECONDARY SCHOOL,SECONDARY (S1-S5),PHYSICAL SPORTS,FLOORBALL,na
SWISS COTTAGE SECONDARY SCHOOL,SECONDARY (S1-S5),PHYSICAL SPORTS,FOOTBALL,na
SWISS COTTAGE SECONDARY SCHOOL,SECONDARY (S1-S5),UNIFORMED GROUPS,GIRL GUIDES,na
SWISS COTTAGE SECONDARY SCHOOL,SECONDARY (S1-S5),PHYSICAL SPORTS,ICE SKATING,na
SWISS COTTAGE SECONDARY SCHOOL,SECONDARY (S1-S5),CLUBS AND SOCIETIES,INFOCOMM TECHNOLOGY (MEDIA PRODUCTION),PUBLICATIONS & MEDIA CLUB
SWISS COTTAGE SECONDARY SCHOOL,SECONDARY (S1-S5),VISUAL AND PERFORMING ARTS,MARCHING BAND,THE SINGAPORE NATIONAL CADET CORPS COMMAND BAND
SWISS COTTAGE SECONDARY SCHOOL,SECONDARY (S1-S5),UNIFORMED GROUPS,NATIONAL CADET CORPS (AIR),na
SWISS COTTAGE SECONDARY SCHOOL,SECONDARY (S1-S5),UNIFORMED GROUPS,NATIONAL CIVIL DEFENCE CADET CORPS,na
SWISS COTTAGE SECONDARY SCHOOL,SECONDARY (S1-S5),UNIFORMED GROUPS,NATIONAL POLICE CADET CORPS,na
SWISS COTTAGE SECONDARY SCHOOL,SECONDARY (S1-S5),UNIFORMED GROUPS,SCOUTS,na
SWISS COTTAGE SECONDARY SCHOOL,SECONDARY (S1-S5),VISUAL AND PERFORMING ARTS,SINGAPORE NATIONAL YOUTH CHINESE ORCHESTRA,na
SWISS COTTAGE SECONDARY SCHOOL,SECONDARY (S1-S5),PHYSICAL SPORTS,SP-CCA (WATER POLO),na
SWISS COTTAGE SECONDARY SCHOOL,SECONDARY (S1-S5),OTHERS,STUDENT LEADERSHIP (PREFECT),na
SWISS COTTAGE SECONDARY SCHOOL,SECONDARY (S1-S5),PHYSICAL SPORTS,TCHOUKBALL,na
TAMPINES MERIDIAN JUNIOR COLLEGE,JUNIOR COLLEGE,PHYSICAL SPORTS,ARCHERY,na
TAMPINES MERIDIAN JUNIOR COLLEGE,JUNIOR COLLEGE,CLUBS AND SOCIETIES,AUDIO VISUAL AID,MEDIA RESOURCE
TAMPINES MERIDIAN JUNIOR COLLEGE,JUNIOR COLLEGE,PHYSICAL SPORTS,BADMINTON,na
TAMPINES MERIDIAN JUNIOR COLLEGE,JUNIOR COLLEGE,PHYSICAL SPORTS,BASKETBALL,na
TAMPINES MERIDIAN JUNIOR COLLEGE,JUNIOR COLLEGE,VISUAL AND PERFORMING ARTS,CHINESE ORCHESTRA,na
TAMPINES MERIDIAN JUNIOR COLLEGE,JUNIOR COLLEGE,VISUAL AND PERFORMING ARTS,CHOIR,na
TAMPINES MERIDIAN JUNIOR COLLEGE,JUNIOR COLLEGE,CLUBS AND SOCIETIES,COMMUNITY SERVICE,INTERACT
TAMPINES MERIDIAN JUNIOR COLLEGE,JUNIOR COLLEGE,VISUAL AND PERFORMING ARTS,CONCERT BAND,SYMPHONIC BAND
TAMPINES MERIDIAN JUNIOR COLLEGE,JUNIOR COLLEGE,CLUBS AND SOCIETIES,DEBATING AND PUBLIC SPEAKING,na
TAMPINES MERIDIAN JUNIOR COLLEGE,JUNIOR COLLEGE,CLUBS AND SOCIETIES,DESIGN AND INNOVATION,MAKERS
TAMPINES MERIDIAN JUNIOR COLLEGE,JUNIOR COLLEGE,PHYSICAL SPORTS,DRAGON BOAT,PADDLERS
TAMPINES MERIDIAN JUNIOR COLLEGE,JUNIOR COLLEGE,VISUAL AND PERFORMING ARTS,ENGLISH DRAMA,na
TAMPINES MERIDIAN JUNIOR COLLEGE,JUNIOR COLLEGE,PHYSICAL SPORTS,FLOORBALL,na
TAMPINES MERIDIAN JUNIOR COLLEGE,JUNIOR COLLEGE,PHYSICAL SPORTS,FOOTBALL,na
TAMPINES MERIDIAN JUNIOR COLLEGE,JUNIOR COLLEGE,VISUAL AND PERFORMING ARTS,GUITAR ENSEMBLE,na
TAMPINES MERIDIAN JUNIOR COLLEGE,JUNIOR COLLEGE,PHYSICAL SPORTS,HEALTH AND FITNESS,na
TAMPINES MERIDIAN JUNIOR COLLEGE,JUNIOR COLLEGE,CLUBS AND SOCIETIES,HERITAGE,na
TAMPINES MERIDIAN JUNIOR COLLEGE,JUNIOR COLLEGE,VISUAL AND PERFORMING ARTS,MODERN DANCE,na
TAMPINES MERIDIAN JUNIOR COLLEGE,JUNIOR COLLEGE,PHYSICAL SPORTS,NETBALL,na
TAMPINES MERIDIAN JUNIOR COLLEGE,JUNIOR COLLEGE,PHYSICAL SPORTS,OUTDOOR ADVENTURE,OUTDOOR ACTIVITIES
TAMPINES MERIDIAN JUNIOR COLLEGE,JUNIOR COLLEGE,CLUBS AND SOCIETIES,PHOTOGRAPHY,na
TAMPINES MERIDIAN JUNIOR COLLEGE,JUNIOR COLLEGE,PHYSICAL SPORTS,ROCKWALL CLIMBING,na
TAMPINES MERIDIAN JUNIOR COLLEGE,JUNIOR COLLEGE,PHYSICAL SPORTS,SHOOTING,na
TAMPINES MERIDIAN JUNIOR COLLEGE,JUNIOR COLLEGE,PHYSICAL SPORTS,SQUASH,na
TAMPINES MERIDIAN JUNIOR COLLEGE,JUNIOR COLLEGE,CLUBS AND SOCIETIES,STRATEGY GAMES,INTERACTIVE GAMES
TAMPINES MERIDIAN JUNIOR COLLEGE,JUNIOR COLLEGE,OTHERS,STUDENT LEADERSHIP (COUNCIL),na
TAMPINES MERIDIAN JUNIOR COLLEGE,JUNIOR COLLEGE,PHYSICAL SPORTS,TABLE TENNIS,na
TAMPINES MERIDIAN JUNIOR COLLEGE,JUNIOR COLLEGE,PHYSICAL SPORTS,TAEKWONDO,na
TAMPINES MERIDIAN JUNIOR COLLEGE,JUNIOR COLLEGE,PHYSICAL SPORTS,VOLLEYBALL,na
TAMPINES MERIDIAN JUNIOR COLLEGE,JUNIOR COLLEGE,PHYSICAL SPORTS,WUSHU,na
TAMPINES NORTH PRIMARY SCHOOL,PRIMARY,VISUAL AND PERFORMING ARTS,ANGKLUNG/KULINTANG ENSEMBLE,na
TAMPINES NORTH PRIMARY SCHOOL,PRIMARY,CLUBS AND SOCIETIES,ART AND CRAFTS,na
TAMPINES NORTH PRIMARY SCHOOL,PRIMARY,PHYSICAL SPORTS,BADMINTON,na
TAMPINES NORTH PRIMARY SCHOOL,PRIMARY,PHYSICAL SPORTS,BASKETBALL,na
TAMPINES NORTH PRIMARY SCHOOL,PRIMARY,VISUAL AND PERFORMING ARTS,CHOIR,na
TAMPINES NORTH PRIMARY SCHOOL,PRIMARY,PHYSICAL SPORTS,FLOORBALL,na
TAMPINES NORTH PRIMARY SCHOOL,PRIMARY,PHYSICAL SPORTS,FOOTBALL,na
TAMPINES NORTH PRIMARY SCHOOL,PRIMARY,UNIFORMED GROUPS,GIRL GUIDES (BROWNIES),na
TAMPINES NORTH PRIMARY SCHOOL,PRIMARY,VISUAL AND PERFORMING ARTS,INDIAN DANCE,na
TAMPINES NORTH PRIMARY SCHOOL,PRIMARY,CLUBS AND SOCIETIES,INFOCOMM TECHNOLOGY (MEDIA PRODUCTION),na
TAMPINES NORTH PRIMARY SCHOOL,PRIMARY,VISUAL AND PERFORMING ARTS,MALAY DANCE,na
TAMPINES NORTH PRIMARY SCHOOL,PRIMARY,VISUAL AND PERFORMING ARTS,MODERN DANCE,na
TAMPINES NORTH PRIMARY SCHOOL,PRIMARY,UNIFORMED GROUPS,SCOUTS,na
TAMPINES NORTH PRIMARY SCHOOL,PRIMARY,OTHERS,STUDENT LEADERSHIP (HOUSE),na
TAMPINES NORTH PRIMARY SCHOOL,PRIMARY,OTHERS,STUDENT LEADERSHIP (PEER SUPPORT),na
TAMPINES NORTH PRIMARY SCHOOL,PRIMARY,OTHERS,STUDENT LEADERSHIP (PREFECT),na
TAMPINES NORTH PRIMARY SCHOOL,PRIMARY,PHYSICAL SPORTS,WUSHU,na
TAMPINES PRIMARY SCHOOL,PRIMARY,CLUBS AND SOCIETIES,ART AND CRAFTS,na
TAMPINES PRIMARY SCHOOL,PRIMARY,PHYSICAL SPORTS,BASKETBALL,na
TAMPINES PRIMARY SCHOOL,PRIMARY,VISUAL AND PERFORMING ARTS,CHOIR,na
TAMPINES PRIMARY SCHOOL,PRIMARY,VISUAL AND PERFORMING ARTS,ENGLISH DRAMA,na
TAMPINES PRIMARY SCHOOL,PRIMARY,CLUBS AND SOCIETIES,ENTREPRENEURSHIP,na
TAMPINES PRIMARY SCHOOL,PRIMARY,PHYSICAL SPORTS,FLOORBALL,na
TAMPINES PRIMARY SCHOOL,PRIMARY,PHYSICAL SPORTS,FOOTBALL,na
TAMPINES PRIMARY SCHOOL,PRIMARY,UNIFORMED GROUPS,GIRL GUIDES (BROWNIES),na
TAMPINES PRIMARY SCHOOL,PRIMARY,VISUAL AND PERFORMING ARTS,GUZHENG ENSEMBLE,na
TAMPINES PRIMARY SCHOOL,PRIMARY,VISUAL AND PERFORMING ARTS,INDIAN DANCE,na
TAMPINES PRIMARY SCHOOL,PRIMARY,CLUBS AND SOCIETIES,INFOCOMM TECHNOLOGY (MEDIA PRODUCTION),na
TAMPINES PRIMARY SCHOOL,PRIMARY,VISUAL AND PERFORMING ARTS,MALAY DANCE,na
TAMPINES PRIMARY SCHOOL,PRIMARY,VISUAL AND PERFORMING ARTS,MODERN DANCE,na
TAMPINES PRIMARY SCHOOL,PRIMARY,PHYSICAL SPORTS,MODULAR CCA (SPORTS),na
TAMPINES PRIMARY SCHOOL,PRIMARY,UNIFORMED GROUPS,SCOUTS,na
TAMPINES SECONDARY SCHOOL,SECONDARY (S1-S5),CLUBS AND SOCIETIES,ART AND CRAFTS,ART CLUB
TAMPINES SECONDARY SCHOOL,SECONDARY (S1-S5),PHYSICAL SPORTS,BADMINTON,na
TAMPINES SECONDARY SCHOOL,SECONDARY (S1-S5),PHYSICAL SPORTS,BASKETBALL,na
TAMPINES SECONDARY SCHOOL,SECONDARY (S1-S5),VISUAL AND PERFORMING ARTS,CHINESE DANCE,MODERN CHINESE DANCE
TAMPINES SECONDARY SCHOOL,SECONDARY (S1-S5),VISUAL AND PERFORMING ARTS,CHOIR,CHOIR
TAMPINES SECONDARY SCHOOL,SECONDARY (S1-S5),VISUAL AND PERFORMING ARTS,CONCERT BAND,CONCERT BAND
TAMPINES SECONDARY SCHOOL,SECONDARY (S1-S5),CLUBS AND SOCIETIES,DESIGN AND INNOVATION,MAKER FAIRE CLUB
TAMPINES SECONDARY SCHOOL,SECONDARY (S1-S5),CLUBS AND SOCIETIES,DIGITAL MEDIA,PHOTO MEDIA CLUB
TAMPINES SECONDARY SCHOOL,SECONDARY (S1-S5),VISUAL AND PERFORMING ARTS,ENGLISH DRAMA,na
TAMPINES SECONDARY SCHOOL,SECONDARY (S1-S5),PHYSICAL SPORTS,FOOTBALL,na
TAMPINES SECONDARY SCHOOL,SECONDARY (S1-S5),UNIFORMED GROUPS,GIRL GUIDES,na
TAMPINES SECONDARY SCHOOL,SECONDARY (S1-S5),CLUBS AND SOCIETIES,INFOCOMM TECHNOLOGY (MEDIA PRODUCTION),na
TAMPINES SECONDARY SCHOOL,SECONDARY (S1-S5),VISUAL AND PERFORMING ARTS,MALAY DANCE,na
TAMPINES SECONDARY SCHOOL,SECONDARY (S1-S5),VISUAL AND PERFORMING ARTS,MODERN DANCE,DANCE DYNAMICS
TAMPINES SECONDARY SCHOOL,SECONDARY (S1-S5),UNIFORMED GROUPS,NATIONAL CADET CORPS (LAND),na
TAMPINES SECONDARY SCHOOL,SECONDARY (S1-S5),UNIFORMED GROUPS,NATIONAL POLICE CADET CORPS,na
TAMPINES SECONDARY SCHOOL,SECONDARY (S1-S5),PHYSICAL SPORTS,NETBALL,na
TAMPINES SECONDARY SCHOOL,SECONDARY (S1-S5),CLUBS AND SOCIETIES,SINGAPORE YOUTH FLYING CLUB,na
TAMPINES SECONDARY SCHOOL,SECONDARY (S1-S5),PHYSICAL SPORTS,SP-CCA (ATHLETICS),na
TAMPINES SECONDARY SCHOOL,SECONDARY (S1-S5),PHYSICAL SPORTS,SP-CCA (HOCKEY),na
TANJONG KATONG GIRLS' SCHOOL,SECONDARY (S1-S4),CLUBS AND SOCIETIES,ART AND CRAFTS,na
TANJONG KATONG GIRLS' SCHOOL,SECONDARY (S1-S4),PHYSICAL SPORTS,BADMINTON,na
TANJONG KATONG GIRLS' SCHOOL,SECONDARY (S1-S4),PHYSICAL SPORTS,BASKETBALL,na
TANJONG KATONG GIRLS' SCHOOL,SECONDARY (S1-S4),PHYSICAL SPORTS,BOWLING,na
TANJONG KATONG GIRLS' SCHOOL,SECONDARY (S1-S4),VISUAL AND PERFORMING ARTS,CHOIR,na
TANJONG KATONG GIRLS' SCHOOL,SECONDARY (S1-S4),CLUBS AND SOCIETIES,COMMUNITY SERVICE,INTERACT CLUB
TANJONG KATONG GIRLS' SCHOOL,SECONDARY (S1-S4),VISUAL AND PERFORMING ARTS,CONCERT BAND,na
TANJONG KATONG GIRLS' SCHOOL,SECONDARY (S1-S4),VISUAL AND PERFORMING ARTS,ENGLISH DRAMA,na
TANJONG KATONG GIRLS' SCHOOL,SECONDARY (S1-S4),CLUBS AND SOCIETIES,"ENGLISH LANGUAGE, DRAMA AND DEBATING",THE LITERARY ARTS CLUB
TANJONG KATONG GIRLS' SCHOOL,SECONDARY (S1-S4),PHYSICAL SPORTS,FLOORBALL,na
TANJONG KATONG GIRLS' SCHOOL,SECONDARY (S1-S4),UNIFORMED GROUPS,GIRL GUIDES,na
TANJONG KATONG GIRLS' SCHOOL,SECONDARY (S1-S4),CLUBS AND SOCIETIES,INFOCOMM TECHNOLOGY (MEDIA PRODUCTION),na
TANJONG KATONG GIRLS' SCHOOL,SECONDARY (S1-S4),CLUBS AND SOCIETIES,MEDIA RESOURCE LIBRARY,na
TANJONG KATONG GIRLS' SCHOOL,SECONDARY (S1-S4),VISUAL AND PERFORMING ARTS,MODERN DANCE,na
TANJONG KATONG GIRLS' SCHOOL,SECONDARY (S1-S4),UNIFORMED GROUPS,NATIONAL POLICE CADET CORPS,na
TANJONG KATONG GIRLS' SCHOOL,SECONDARY (S1-S4),PHYSICAL SPORTS,NETBALL,na
TANJONG KATONG GIRLS' SCHOOL,SECONDARY (S1-S4),UNIFORMED GROUPS,RED CROSS YOUTH,na
TANJONG KATONG GIRLS' SCHOOL,SECONDARY (S1-S4),PHYSICAL SPORTS,SAILING,na
TANJONG KATONG GIRLS' SCHOOL,SECONDARY (S1-S4),VISUAL AND PERFORMING ARTS,SINGAPORE NATIONAL YOUTH ORCHESTRA,na
TANJONG KATONG GIRLS' SCHOOL,SECONDARY (S1-S4),PHYSICAL SPORTS,SOFTBALL,na
TANJONG KATONG GIRLS' SCHOOL,SECONDARY (S1-S4),PHYSICAL SPORTS,SP-CCA (ATHLETICS),na
TANJONG KATONG GIRLS' SCHOOL,SECONDARY (S1-S4),VISUAL AND PERFORMING ARTS,STRING ENSEMBLE,na
TANJONG KATONG GIRLS' SCHOOL,SECONDARY (S1-S4),PHYSICAL SPORTS,TENNIS,na
TANJONG KATONG PRIMARY SCHOOL,PRIMARY,CLUBS AND SOCIETIES,ART AND CRAFTS,na
TANJONG KATONG PRIMARY SCHOOL,PRIMARY,PHYSICAL SPORTS,BASKETBALL,na
TANJONG KATONG PRIMARY SCHOOL,PRIMARY,VISUAL AND PERFORMING ARTS,CHINESE DANCE,na
TANJONG KATONG PRIMARY SCHOOL,PRIMARY,VISUAL AND PERFORMING ARTS,CHOIR,na
TANJONG KATONG PRIMARY SCHOOL,PRIMARY,CLUBS AND SOCIETIES,"ENGLISH LANGUAGE, DRAMA AND DEBATING",ENGLISH LANGUAGE DRAMA CLUB
TANJONG KATONG PRIMARY SCHOOL,PRIMARY,PHYSICAL SPORTS,FLOORBALL,na
TANJONG KATONG PRIMARY SCHOOL,PRIMARY,PHYSICAL SPORTS,FOOTBALL,FOOTBALL
TANJONG KATONG PRIMARY SCHOOL,PRIMARY,VISUAL AND PERFORMING ARTS,GUITAR ENSEMBLE,na
TANJONG KATONG PRIMARY SCHOOL,PRIMARY,CLUBS AND SOCIETIES,INFOCOMM TECHNOLOGY (MEDIA PRODUCTION),na
TANJONG KATONG PRIMARY SCHOOL,PRIMARY,VISUAL AND PERFORMING ARTS,MALAY DANCE,na
TANJONG KATONG PRIMARY SCHOOL,PRIMARY,VISUAL AND PERFORMING ARTS,MODERN DANCE,na
TANJONG KATONG PRIMARY SCHOOL,PRIMARY,PHYSICAL SPORTS,NETBALL,na
TANJONG KATONG PRIMARY SCHOOL,PRIMARY,UNIFORMED GROUPS,SCOUTS,na
TANJONG KATONG SECONDARY SCHOOL,SECONDARY (S1-S4),CLUBS AND SOCIETIES,ART AND CRAFTS,na
TANJONG KATONG SECONDARY SCHOOL,SECONDARY (S1-S4),CLUBS AND SOCIETIES,AUDIO VISUAL AID,AVA & Infocomm Club
TANJONG KATONG SECONDARY SCHOOL,SECONDARY (S1-S4),PHYSICAL SPORTS,BASKETBALL,na
TANJONG KATONG SECONDARY SCHOOL,SECONDARY (S1-S4),VISUAL AND PERFORMING ARTS,CHOIR,na
TANJONG KATONG SECONDARY SCHOOL,SECONDARY (S1-S4),VISUAL AND PERFORMING ARTS,CONCERT BAND,BAND
TANJONG KATONG SECONDARY SCHOOL,SECONDARY (S1-S4),VISUAL AND PERFORMING ARTS,ENGLISH DRAMA,na
TANJONG KATONG SECONDARY SCHOOL,SECONDARY (S1-S4),PHYSICAL SPORTS,FLOORBALL,na
TANJONG KATONG SECONDARY SCHOOL,SECONDARY (S1-S4),PHYSICAL SPORTS,FOOTBALL,na
TANJONG KATONG SECONDARY SCHOOL,SECONDARY (S1-S4),UNIFORMED GROUPS,GIRL GUIDES,na
TANJONG KATONG SECONDARY SCHOOL,SECONDARY (S1-S4),CLUBS AND SOCIETIES,INTERNATIONAL CHESS,na
TANJONG KATONG SECONDARY SCHOOL,SECONDARY (S1-S4),VISUAL AND PERFORMING ARTS,MARCHING BAND,na
TANJONG KATONG SECONDARY SCHOOL,SECONDARY (S1-S4),VISUAL AND PERFORMING ARTS,MODERN DANCE,na
TANJONG KATONG SECONDARY SCHOOL,SECONDARY (S1-S4),UNIFORMED GROUPS,NATIONAL CADET CORPS (LAND),na
TANJONG KATONG SECONDARY SCHOOL,SECONDARY (S1-S4),UNIFORMED GROUPS,NATIONAL CADET CORPS (SEA),na
TANJONG KATONG SECONDARY SCHOOL,SECONDARY (S1-S4),UNIFORMED GROUPS,NATIONAL POLICE CADET CORPS,na
TANJONG KATONG SECONDARY SCHOOL,SECONDARY (S1-S4),PHYSICAL SPORTS,NETBALL,na
TANJONG KATONG SECONDARY SCHOOL,SECONDARY (S1-S4),UNIFORMED GROUPS,SCOUTS,na
TANJONG KATONG SECONDARY SCHOOL,SECONDARY (S1-S4),PHYSICAL SPORTS,SHOOTING,na
TANJONG KATONG SECONDARY SCHOOL,SECONDARY (S1-S4),VISUAL AND PERFORMING ARTS,SINGAPORE NATIONAL YOUTH CHINESE ORCHESTRA,na
TANJONG KATONG SECONDARY SCHOOL,SECONDARY (S1-S4),VISUAL AND PERFORMING ARTS,SINGAPORE NATIONAL YOUTH ORCHESTRA,na
TANJONG KATONG SECONDARY SCHOOL,SECONDARY (S1-S4),CLUBS AND SOCIETIES,SINGAPORE YOUTH FLYING CLUB,na
TANJONG KATONG SECONDARY SCHOOL,SECONDARY (S1-S4),PHYSICAL SPORTS,SP-CCA (CANOEING),na
TANJONG KATONG SECONDARY SCHOOL,SECONDARY (S1-S4),PHYSICAL SPORTS,TRACK AND FIELD,na
TAO NAN SCHOOL,PRIMARY,CLUBS AND SOCIETIES,ART AND CRAFTS,na
TAO NAN SCHOOL,PRIMARY,PHYSICAL SPORTS,BADMINTON,na
TAO NAN SCHOOL,PRIMARY,PHYSICAL SPORTS,BASKETBALL,na
TAO NAN SCHOOL,PRIMARY,UNIFORMED GROUPS,BOYS' BRIGADE,na
TAO NAN SCHOOL,PRIMARY,VISUAL AND PERFORMING ARTS,CHINESE DANCE,na
TAO NAN SCHOOL,PRIMARY,VISUAL AND PERFORMING ARTS,CHINESE ORCHESTRA,na
TAO NAN SCHOOL,PRIMARY,VISUAL AND PERFORMING ARTS,CHOIR,na
TAO NAN SCHOOL,PRIMARY,VISUAL AND PERFORMING ARTS,COMICS AND ILLUSTRATION,na
TAO NAN SCHOOL,PRIMARY,UNIFORMED GROUPS,GIRL GUIDES (BROWNIES),na
TAO NAN SCHOOL,PRIMARY,UNIFORMED GROUPS,GIRLS' BRIGADE,na
TAO NAN SCHOOL,PRIMARY,VISUAL AND PERFORMING ARTS,GUZHENG ENSEMBLE,na
TAO NAN SCHOOL,PRIMARY,CLUBS AND SOCIETIES,INTERNATIONAL CHESS,na
TAO NAN SCHOOL,PRIMARY,PHYSICAL SPORTS,NETBALL,na
TAO NAN SCHOOL,PRIMARY,PHYSICAL SPORTS,OUTDOOR ADVENTURE,na
TAO NAN SCHOOL,PRIMARY,CLUBS AND SOCIETIES,PHYSICAL SCIENCE,na
TAO NAN SCHOOL,PRIMARY,PHYSICAL SPORTS,SAILING,na
TAO NAN SCHOOL,PRIMARY,UNIFORMED GROUPS,SCOUTS,na
TAO NAN SCHOOL,PRIMARY,VISUAL AND PERFORMING ARTS,SINGAPORE NATIONAL YOUTH ORCHESTRA,na
TAO NAN SCHOOL,PRIMARY,CLUBS AND SOCIETIES,SPEECH AND DRAMA,na
TAO NAN SCHOOL,PRIMARY,PHYSICAL SPORTS,TABLE TENNIS,na
TAO NAN SCHOOL,PRIMARY,PHYSICAL SPORTS,TRACK AND FIELD,na
TAO NAN SCHOOL,PRIMARY,PHYSICAL SPORTS,WUSHU,na
TECK GHEE PRIMARY SCHOOL,PRIMARY,CLUBS AND SOCIETIES,ART AND CRAFTS,na
TECK GHEE PRIMARY SCHOOL,PRIMARY,PHYSICAL SPORTS,BASKETBALL,na
TECK GHEE PRIMARY SCHOOL,PRIMARY,VISUAL AND PERFORMING ARTS,CHINESE DANCE,na
TECK GHEE PRIMARY SCHOOL,PRIMARY,VISUAL AND PERFORMING ARTS,CHINESE INSTRUMENTAL ENSEMBLE,na
TECK GHEE PRIMARY SCHOOL,PRIMARY,VISUAL AND PERFORMING ARTS,CHOIR,na
TECK GHEE PRIMARY SCHOOL,PRIMARY,CLUBS AND SOCIETIES,ENVIRONMENTAL SCIENCE,na
TECK GHEE PRIMARY SCHOOL,PRIMARY,UNIFORMED GROUPS,GIRL GUIDES (BROWNIES),na
TECK GHEE PRIMARY SCHOOL,PRIMARY,VISUAL AND PERFORMING ARTS,GUZHENG ENSEMBLE,na
TECK GHEE PRIMARY SCHOOL,PRIMARY,PHYSICAL SPORTS,HEALTH AND FITNESS,na
TECK GHEE PRIMARY SCHOOL,PRIMARY,CLUBS AND SOCIETIES,INFOCOMM TECHNOLOGY (MEDIA PRODUCTION),na
TECK GHEE PRIMARY SCHOOL,PRIMARY,CLUBS AND SOCIETIES,INTERNATIONAL CHESS,na
TECK GHEE PRIMARY SCHOOL,PRIMARY,VISUAL AND PERFORMING ARTS,MODERN DANCE,na
TECK GHEE PRIMARY SCHOOL,PRIMARY,PHYSICAL SPORTS,NETBALL,na
TECK GHEE PRIMARY SCHOOL,PRIMARY,CLUBS AND SOCIETIES,ROBOTICS,na
TECK GHEE PRIMARY SCHOOL,PRIMARY,UNIFORMED GROUPS,SCOUTS,na
TECK GHEE PRIMARY SCHOOL,PRIMARY,PHYSICAL SPORTS,VOLLEYBALL,na
TECK WHYE PRIMARY SCHOOL,PRIMARY,PHYSICAL SPORTS,BADMINTON,na
TECK WHYE PRIMARY SCHOOL,PRIMARY,PHYSICAL SPORTS,BASKETBALL,na
TECK WHYE PRIMARY SCHOOL,PRIMARY,VISUAL AND PERFORMING ARTS,CHOIR,na
TECK WHYE PRIMARY SCHOOL,PRIMARY,CLUBS AND SOCIETIES,ENVIRONMENTAL SCIENCE,GREEN CLUB
TECK WHYE PRIMARY SCHOOL,PRIMARY,PHYSICAL SPORTS,FOOTBALL,na
TECK WHYE PRIMARY SCHOOL,PRIMARY,CLUBS AND SOCIETIES,INFOCOMM TECHNOLOGY (MEDIA PRODUCTION),INFOCOMM MEDIA CLUB
TECK WHYE PRIMARY SCHOOL,PRIMARY,VISUAL AND PERFORMING ARTS,MODERN DANCE,na
TECK WHYE PRIMARY SCHOOL,PRIMARY,PHYSICAL SPORTS,MODULAR CCA (SPORTS),MULTISPORTS
TECK WHYE PRIMARY SCHOOL,PRIMARY,UNIFORMED GROUPS,SCOUTS,na
TECK WHYE PRIMARY SCHOOL,PRIMARY,CLUBS AND SOCIETIES,SPEECH AND DRAMA,na
TECK WHYE PRIMARY SCHOOL,PRIMARY,OTHERS,STUDENT LEADERSHIP (PREFECT),STUDENT COUNCIL
TECK WHYE PRIMARY SCHOOL,PRIMARY,CLUBS AND SOCIETIES,STUDENTS' COUNCIL,na
TECK WHYE PRIMARY SCHOOL,PRIMARY,PHYSICAL SPORTS,TRACK AND FIELD,na
TELOK KURAU PRIMARY SCHOOL,PRIMARY,CLUBS AND SOCIETIES,ART AND CRAFTS,na
TELOK KURAU PRIMARY SCHOOL,PRIMARY,PHYSICAL SPORTS,BASKETBALL,na
TELOK KURAU PRIMARY SCHOOL,PRIMARY,PHYSICAL SPORTS,BOWLING,na
TELOK KURAU PRIMARY SCHOOL,PRIMARY,VISUAL AND PERFORMING ARTS,CHINESE DANCE,na
TELOK KURAU PRIMARY SCHOOL,PRIMARY,VISUAL AND PERFORMING ARTS,CHOIR,na
TELOK KURAU PRIMARY SCHOOL,PRIMARY,CLUBS AND SOCIETIES,DEBATING AND PUBLIC SPEAKING,na
TELOK KURAU PRIMARY SCHOOL,PRIMARY,CLUBS AND SOCIETIES,ENVIRONMENTAL SCIENCE,na
TELOK KURAU PRIMARY SCHOOL,PRIMARY,PHYSICAL SPORTS,FOOTBALL,na
TELOK KURAU PRIMARY SCHOOL,PRIMARY,UNIFORMED GROUPS,GIRL GUIDES (BROWNIES),na
TELOK KURAU PRIMARY SCHOOL,PRIMARY,VISUAL AND PERFORMING ARTS,GUZHENG ENSEMBLE,na
TELOK KURAU PRIMARY SCHOOL,PRIMARY,VISUAL AND PERFORMING ARTS,INDIAN DANCE,na
TELOK KURAU PRIMARY SCHOOL,PRIMARY,CLUBS AND SOCIETIES,LION AND DRAGON DANCE,na
TELOK KURAU PRIMARY SCHOOL,PRIMARY,VISUAL AND PERFORMING ARTS,MALAY DANCE,na
TELOK KURAU PRIMARY SCHOOL,PRIMARY,UNIFORMED GROUPS,RED CROSS YOUTH,na
TELOK KURAU PRIMARY SCHOOL,PRIMARY,CLUBS AND SOCIETIES,ROBOTICS,na
TELOK KURAU PRIMARY SCHOOL,PRIMARY,UNIFORMED GROUPS,SCOUTS,na
TELOK KURAU PRIMARY SCHOOL,PRIMARY,CLUBS AND SOCIETIES,STRATEGY GAMES,na
TELOK KURAU PRIMARY SCHOOL,PRIMARY,PHYSICAL SPORTS,WUSHU,na
TEMASEK JUNIOR COLLEGE,MIXED LEVEL (S1-JC2),PHYSICAL SPORTS,BADMINTON,na
TEMASEK JUNIOR COLLEGE,MIXED LEVEL (S1-JC2),PHYSICAL SPORTS,BASKETBALL,na
TEMASEK JUNIOR COLLEGE,MIXED LEVEL (S1-JC2),PHYSICAL SPORTS,BOWLING,na
TEMASEK JUNIOR COLLEGE,MIXED LEVEL (S1-JC2),VISUAL AND PERFORMING ARTS,CHINESE DRAMA,na
TEMASEK JUNIOR COLLEGE,MIXED LEVEL (S1-JC2),VISUAL AND PERFORMING ARTS,CHOIR,na
TEMASEK JUNIOR COLLEGE,MIXED LEVEL (S1-JC2),CLUBS AND SOCIETIES,COMMUNITY SERVICE,LEO CLUB (COMMUNITY SERVICE)
TEMASEK JUNIOR COLLEGE,MIXED LEVEL (S1-JC2),CLUBS AND SOCIETIES,COMMUNITY SERVICE (FIRST AID),na
TEMASEK JUNIOR COLLEGE,MIXED LEVEL (S1-JC2),VISUAL AND PERFORMING ARTS,CONCERT BAND,SYMPHONIC BAND
TEMASEK JUNIOR COLLEGE,MIXED LEVEL (S1-JC2),CLUBS AND SOCIETIES,DEBATING AND PUBLIC SPEAKING,DEBATE CLUB
TEMASEK JUNIOR COLLEGE,MIXED LEVEL (S1-JC2),VISUAL AND PERFORMING ARTS,ENGLISH DRAMA,na
TEMASEK JUNIOR COLLEGE,MIXED LEVEL (S1-JC2),PHYSICAL SPORTS,FLOORBALL,na
TEMASEK JUNIOR COLLEGE,MIXED LEVEL (S1-JC2),PHYSICAL SPORTS,FOOTBALL,na
TEMASEK JUNIOR COLLEGE,MIXED LEVEL (S1-JC2),VISUAL AND PERFORMING ARTS,GUITAR ENSEMBLE,na
TEMASEK JUNIOR COLLEGE,MIXED LEVEL (S1-JC2),CLUBS AND SOCIETIES,INDIAN CULTURE AND LANGUAGE,INDIAN CULTURAL SOCIETY
TEMASEK JUNIOR COLLEGE,MIXED LEVEL (S1-JC2),CLUBS AND SOCIETIES,INFOCOMM TECHNOLOGY (MEDIA PRODUCTION),INFOCOMM CLUB
TEMASEK JUNIOR COLLEGE,MIXED LEVEL (S1-JC2),CLUBS AND SOCIETIES,MALAY CULTURE AND LANGUAGE,MALAY CULTURAL SOCIETY
TEMASEK JUNIOR COLLEGE,MIXED LEVEL (S1-JC2),VISUAL AND PERFORMING ARTS,MODERN DANCE,na
TEMASEK JUNIOR COLLEGE,MIXED LEVEL (S1-JC2),UNIFORMED GROUPS,NATIONAL POLICE CADET CORPS,na
TEMASEK JUNIOR COLLEGE,MIXED LEVEL (S1-JC2),PHYSICAL SPORTS,NETBALL,na
TEMASEK JUNIOR COLLEGE,MIXED LEVEL (S1-JC2),PHYSICAL SPORTS,OUTDOOR ADVENTURE,OUTDOOR ADVENTURE CLUB
TEMASEK JUNIOR COLLEGE,MIXED LEVEL (S1-JC2),PHYSICAL SPORTS,OUTDOOR ADVENTURE,OUTDOOR ADVENTURE CLUB (JC ONLY)
TEMASEK JUNIOR COLLEGE,MIXED LEVEL (S1-JC2),PHYSICAL SPORTS,SHOOTING,na
TEMASEK JUNIOR COLLEGE,MIXED LEVEL (S1-JC2),VISUAL AND PERFORMING ARTS,SINGAPORE NATIONAL YOUTH CHINESE ORCHESTRA,na
TEMASEK JUNIOR COLLEGE,MIXED LEVEL (S1-JC2),VISUAL AND PERFORMING ARTS,SINGAPORE NATIONAL YOUTH ORCHESTRA,na
TEMASEK JUNIOR COLLEGE,MIXED LEVEL (S1-JC2),CLUBS AND SOCIETIES,SINGAPORE YOUTH FLYING CLUB,na
TEMASEK JUNIOR COLLEGE,MIXED LEVEL (S1-JC2),VISUAL AND PERFORMING ARTS,STRING ENSEMBLE,na
TEMASEK JUNIOR COLLEGE,MIXED LEVEL (S1-JC2),OTHERS,STUDENT LEADERSHIP (COUNCIL),na
TEMASEK JUNIOR COLLEGE,MIXED LEVEL (S1-JC2),PHYSICAL SPORTS,SWIMMING,na
TEMASEK JUNIOR COLLEGE,MIXED LEVEL (S1-JC2),PHYSICAL SPORTS,TABLE TENNIS,na
TEMASEK JUNIOR COLLEGE,MIXED LEVEL (S1-JC2),PHYSICAL SPORTS,TAEKWONDO,na
TEMASEK JUNIOR COLLEGE,MIXED LEVEL (S1-JC2),PHYSICAL SPORTS,TENNIS,na
TEMASEK JUNIOR COLLEGE,MIXED LEVEL (S1-JC2),PHYSICAL SPORTS,VOLLEYBALL,na
TEMASEK PRIMARY SCHOOL,PRIMARY,CLUBS AND SOCIETIES,ART AND CRAFTS,na
TEMASEK PRIMARY SCHOOL,PRIMARY,PHYSICAL SPORTS,BADMINTON,na
TEMASEK PRIMARY SCHOOL,PRIMARY,VISUAL AND PERFORMING ARTS,CHOIR,na
TEMASEK PRIMARY SCHOOL,PRIMARY,CLUBS AND SOCIETIES,ENGLISH CULTURE AND LANGUAGE,DRAMA & DEBATE SOCIETY
TEMASEK PRIMARY SCHOOL,PRIMARY,PHYSICAL SPORTS,FOOTBALL,na
TEMASEK PRIMARY SCHOOL,PRIMARY,UNIFORMED GROUPS,GIRL GUIDES (BROWNIES),na
TEMASEK PRIMARY SCHOOL,PRIMARY,VISUAL AND PERFORMING ARTS,GUITAR ENSEMBLE,na
TEMASEK PRIMARY SCHOOL,PRIMARY,CLUBS AND SOCIETIES,INFOCOMM TECHNOLOGY (MEDIA PRODUCTION),CONTENT CREATORS CLUB
TEMASEK PRIMARY SCHOOL,PRIMARY,VISUAL AND PERFORMING ARTS,MODERN DANCE,INTERNATIONAL DANCE
TEMASEK PRIMARY SCHOOL,PRIMARY,PHYSICAL SPORTS,NETBALL,na
TEMASEK PRIMARY SCHOOL,PRIMARY,CLUBS AND SOCIETIES,PHYSICAL SCIENCE,CLUB EUREKA
TEMASEK PRIMARY SCHOOL,PRIMARY,CLUBS AND SOCIETIES,ROBOTICS,na
TEMASEK PRIMARY SCHOOL,PRIMARY,UNIFORMED GROUPS,SCOUTS,na
TEMASEK PRIMARY SCHOOL,PRIMARY,PHYSICAL SPORTS,TAEKWONDO,na
TEMASEK PRIMARY SCHOOL,PRIMARY,PHYSICAL SPORTS,TRACK AND FIELD,na
TEMASEK SECONDARY SCHOOL,SECONDARY (S1-S5),PHYSICAL SPORTS,BASKETBALL,na
TEMASEK SECONDARY SCHOOL,SECONDARY (S1-S5),PHYSICAL SPORTS,BOWLING,na
TEMASEK SECONDARY SCHOOL,SECONDARY (S1-S5),PHYSICAL SPORTS,CANOEING,na
TEMASEK SECONDARY SCHOOL,SECONDARY (S1-S5),VISUAL AND PERFORMING ARTS,CHOIR,na
TEMASEK SECONDARY SCHOOL,SECONDARY (S1-S5),VISUAL AND PERFORMING ARTS,CONCERT BAND,na
TEMASEK SECONDARY SCHOOL,SECONDARY (S1-S5),VISUAL AND PERFORMING ARTS,ENGLISH DRAMA,na
TEMASEK SECONDARY SCHOOL,SECONDARY (S1-S5),CLUBS AND SOCIETIES,ENVIRONMENTAL SCIENCE,na
TEMASEK SECONDARY SCHOOL,SECONDARY (S1-S5),PHYSICAL SPORTS,HANDBALL,na
TEMASEK SECONDARY SCHOOL,SECONDARY (S1-S5),CLUBS AND SOCIETIES,INFOCOMM TECHNOLOGY (MEDIA PRODUCTION),na
TEMASEK SECONDARY SCHOOL,SECONDARY (S1-S5),VISUAL AND PERFORMING ARTS,MODERN DANCE,na
TEMASEK SECONDARY SCHOOL,SECONDARY (S1-S5),UNIFORMED GROUPS,NATIONAL CADET CORPS (LAND),na
TEMASEK SECONDARY SCHOOL,SECONDARY (S1-S5),UNIFORMED GROUPS,NATIONAL CIVIL DEFENCE CADET CORPS,na
TEMASEK SECONDARY SCHOOL,SECONDARY (S1-S5),UNIFORMED GROUPS,NATIONAL POLICE CADET CORPS,na
TEMASEK SECONDARY SCHOOL,SECONDARY (S1-S5),PHYSICAL SPORTS,NETBALL,na
TEMASEK SECONDARY SCHOOL,SECONDARY (S1-S5),VISUAL AND PERFORMING ARTS,POP AND JAZZ,na
TEMASEK SECONDARY SCHOOL,SECONDARY (S1-S5),CLUBS AND SOCIETIES,ROBOTICS,na
TEMASEK SECONDARY SCHOOL,SECONDARY (S1-S5),PHYSICAL SPORTS,SHOOTING,na
TEMASEK SECONDARY SCHOOL,SECONDARY (S1-S5),PHYSICAL SPORTS,SOFTBALL,na
TEMASEK SECONDARY SCHOOL,SECONDARY (S1-S5),PHYSICAL SPORTS,TRACK AND FIELD,na
TEMASEK SECONDARY SCHOOL,SECONDARY (S1-S5),PHYSICAL SPORTS,WUSHU,na
TOWNSVILLE PRIMARY SCHOOL,PRIMARY,VISUAL AND PERFORMING ARTS,ANGKLUNG/KULINTANG ENSEMBLE,na
TOWNSVILLE PRIMARY SCHOOL,PRIMARY,CLUBS AND SOCIETIES,ART AND CRAFTS,na
TOWNSVILLE PRIMARY SCHOOL,PRIMARY,PHYSICAL SPORTS,BADMINTON,na
TOWNSVILLE PRIMARY SCHOOL,PRIMARY,PHYSICAL SPORTS,BASKETBALL,na
TOWNSVILLE PRIMARY SCHOOL,PRIMARY,UNIFORMED GROUPS,BOYS' BRIGADE,na
TOWNSVILLE PRIMARY SCHOOL,PRIMARY,PHYSICAL SPORTS,FOOTBALL,na
TOWNSVILLE PRIMARY SCHOOL,PRIMARY,UNIFORMED GROUPS,GIRLS' BRIGADE,na
TOWNSVILLE PRIMARY SCHOOL,PRIMARY,VISUAL AND PERFORMING ARTS,HANDBELL ENSEMBLE,na
TOWNSVILLE PRIMARY SCHOOL,PRIMARY,CLUBS AND SOCIETIES,INFOCOMM TECHNOLOGY (MEDIA PRODUCTION),na
TOWNSVILLE PRIMARY SCHOOL,PRIMARY,VISUAL AND PERFORMING ARTS,MODERN DANCE,INTERNATIONAL DANCE
TOWNSVILLE PRIMARY SCHOOL,PRIMARY,CLUBS AND SOCIETIES,ROBOTICS,na
TOWNSVILLE PRIMARY SCHOOL,PRIMARY,PHYSICAL SPORTS,TAEKWONDO,na
UNITY PRIMARY SCHOOL,PRIMARY,VISUAL AND PERFORMING ARTS,ANGKLUNG/KULINTANG ENSEMBLE,na
UNITY PRIMARY SCHOOL,PRIMARY,CLUBS AND SOCIETIES,ART AND CRAFTS,na
UNITY PRIMARY SCHOOL,PRIMARY,PHYSICAL SPORTS,BADMINTON,na
UNITY PRIMARY SCHOOL,PRIMARY,PHYSICAL SPORTS,BASKETBALL,na
UNITY PRIMARY SCHOOL,PRIMARY,VISUAL AND PERFORMING ARTS,CHINESE DANCE,na
UNITY PRIMARY SCHOOL,PRIMARY,VISUAL AND PERFORMING ARTS,CHOIR,na
UNITY PRIMARY SCHOOL,PRIMARY,CLUBS AND SOCIETIES,"ENGLISH LANGUAGE, DRAMA AND DEBATING",na
UNITY PRIMARY SCHOOL,PRIMARY,CLUBS AND SOCIETIES,ENVIRONMENTAL SCIENCE,na
UNITY PRIMARY SCHOOL,PRIMARY,PHYSICAL SPORTS,FLOORBALL,na
UNITY PRIMARY SCHOOL,PRIMARY,PHYSICAL SPORTS,FOOTBALL,na
UNITY PRIMARY SCHOOL,PRIMARY,CLUBS AND SOCIETIES,INFOCOMM TECHNOLOGY (MEDIA PRODUCTION),na
UNITY PRIMARY SCHOOL,PRIMARY,VISUAL AND PERFORMING ARTS,MALAY DANCE,na
UNITY PRIMARY SCHOOL,PRIMARY,CLUBS AND SOCIETIES,MATHEMATICS,na
UNITY PRIMARY SCHOOL,PRIMARY,VISUAL AND PERFORMING ARTS,MODERN DANCE,na
UNITY PRIMARY SCHOOL,PRIMARY,PHYSICAL SPORTS,NETBALL,na
UNITY PRIMARY SCHOOL,PRIMARY,UNIFORMED GROUPS,SCOUTS,na
UNITY SECONDARY SCHOOL,SECONDARY (S1-S5),CLUBS AND SOCIETIES,ART AND CRAFTS,na
UNITY SECONDARY SCHOOL,SECONDARY (S1-S5),CLUBS AND SOCIETIES,AUDIO VISUAL AID,na
UNITY SECONDARY SCHOOL,SECONDARY (S1-S5),PHYSICAL SPORTS,BASKETBALL,na
UNITY SECONDARY SCHOOL,SECONDARY (S1-S5),UNIFORMED GROUPS,BOYS' BRIGADE,na
UNITY SECONDARY SCHOOL,SECONDARY (S1-S5),VISUAL AND PERFORMING ARTS,CHOIR,na
UNITY SECONDARY SCHOOL,SECONDARY (S1-S5),VISUAL AND PERFORMING ARTS,CONCERT BAND,na
UNITY SECONDARY SCHOOL,SECONDARY (S1-S5),CLUBS AND SOCIETIES,ENVIRONMENTAL SCIENCE,na
UNITY SECONDARY SCHOOL,SECONDARY (S1-S5),PHYSICAL SPORTS,FOOTBALL,na
UNITY SECONDARY SCHOOL,SECONDARY (S1-S5),UNIFORMED GROUPS,GIRLS' BRIGADE,na
UNITY SECONDARY SCHOOL,SECONDARY (S1-S5),VISUAL AND PERFORMING ARTS,INDIAN ORCHESTRA,na
UNITY SECONDARY SCHOOL,SECONDARY (S1-S5),CLUBS AND SOCIETIES,INFOCOMM TECHNOLOGY (MEDIA PRODUCTION),na
UNITY SECONDARY SCHOOL,SECONDARY (S1-S5),CLUBS AND SOCIETIES,MEDIA RESOURCE LIBRARY,na
UNITY SECONDARY SCHOOL,SECONDARY (S1-S5),VISUAL AND PERFORMING ARTS,MODERN DANCE,na
UNITY SECONDARY SCHOOL,SECONDARY (S1-S5),UNIFORMED GROUPS,NATIONAL CADET CORPS (AIR),na
UNITY SECONDARY SCHOOL,SECONDARY (S1-S5),UNIFORMED GROUPS,NATIONAL POLICE CADET CORPS,na
UNITY SECONDARY SCHOOL,SECONDARY (S1-S5),UNIFORMED GROUPS,SCOUTS,na
UNITY SECONDARY SCHOOL,SECONDARY (S1-S5),VISUAL AND PERFORMING ARTS,SINGAPORE NATIONAL YOUTH ORCHESTRA,na
UNITY SECONDARY SCHOOL,SECONDARY (S1-S5),CLUBS AND SOCIETIES,SPEECH AND DRAMA,na
UNITY SECONDARY SCHOOL,SECONDARY (S1-S5),PHYSICAL SPORTS,SWIMMING,na
UNITY SECONDARY SCHOOL,SECONDARY (S1-S5),PHYSICAL SPORTS,TABLE TENNIS,na
UNITY SECONDARY SCHOOL,SECONDARY (S1-S5),PHYSICAL SPORTS,TRACK AND FIELD,na
UNITY SECONDARY SCHOOL,SECONDARY (S1-S5),PHYSICAL SPORTS,VOLLEYBALL,na
UNITY SECONDARY SCHOOL,SECONDARY (S1-S5),PHYSICAL SPORTS,WATER POLO,na
VALOUR PRIMARY SCHOOL,PRIMARY,CLUBS AND SOCIETIES,ART AND CRAFTS,VISUAL & MEDIA ART CLUB
VALOUR PRIMARY SCHOOL,PRIMARY,UNIFORMED GROUPS,BOYS' BRIGADE,na
VALOUR PRIMARY SCHOOL,PRIMARY,VISUAL AND PERFORMING ARTS,CHOIR,na
VALOUR PRIMARY SCHOOL,PRIMARY,PHYSICAL SPORTS,FLOORBALL,na
VALOUR PRIMARY SCHOOL,PRIMARY,UNIFORMED GROUPS,GIRLS' BRIGADE,na
VALOUR PRIMARY SCHOOL,PRIMARY,VISUAL AND PERFORMING ARTS,GUITAR ENSEMBLE,na
VALOUR PRIMARY SCHOOL,PRIMARY,CLUBS AND SOCIETIES,INFOCOMM TECHNOLOGY (COMPUTING),INFOCOMM CLUB
VALOUR PRIMARY SCHOOL,PRIMARY,CLUBS AND SOCIETIES,LION AND DRAGON DANCE,LION DANCE
VALOUR PRIMARY SCHOOL,PRIMARY,VISUAL AND PERFORMING ARTS,MODERN DANCE,INTERNATIONAL DANCE
VALOUR PRIMARY SCHOOL,PRIMARY,PHYSICAL SPORTS,NETBALL,na
VALOUR PRIMARY SCHOOL,PRIMARY,PHYSICAL SPORTS,OUTDOOR ADVENTURE,OUTDOOR CLUB
VALOUR PRIMARY SCHOOL,PRIMARY,VISUAL AND PERFORMING ARTS,PERCUSSION ENSEMBLE,FESTIVAL DRUMS
VALOUR PRIMARY SCHOOL,PRIMARY,UNIFORMED GROUPS,RED CROSS YOUTH,RED CROSS
VALOUR PRIMARY SCHOOL,PRIMARY,PHYSICAL SPORTS,RUGBY,na
VALOUR PRIMARY SCHOOL,PRIMARY,PHYSICAL SPORTS,VOLLEYBALL,na
VICTORIA JUNIOR COLLEGE,JUNIOR COLLEGE,CLUBS AND SOCIETIES,ART AND CRAFTS,ART CLUB
VICTORIA JUNIOR COLLEGE,JUNIOR COLLEGE,CLUBS AND SOCIETIES,AUDIO VISUAL AID,PA CREW
VICTORIA JUNIOR COLLEGE,JUNIOR COLLEGE,PHYSICAL SPORTS,BADMINTON,BADMINTON
VICTORIA JUNIOR COLLEGE,JUNIOR COLLEGE,PHYSICAL SPORTS,BASKETBALL,BASKETBALL
VICTORIA JUNIOR COLLEGE,JUNIOR COLLEGE,CLUBS AND SOCIETIES,BIOLOGICAL SCIENCE,MEDICAL SOCIETY
VICTORIA JUNIOR COLLEGE,JUNIOR COLLEGE,UNIFORMED GROUPS,BOYS' BRIGADE,BOYS' BRIGADE
VICTORIA JUNIOR COLLEGE,JUNIOR COLLEGE,CLUBS AND SOCIETIES,"CHINESE LANGUAGE, DRAMA AND DEBATING",CHINESE SOCIETY
VICTORIA JUNIOR COLLEGE,JUNIOR COLLEGE,VISUAL AND PERFORMING ARTS,CHINESE ORCHESTRA,CHINESE ORCHESTRA
VICTORIA JUNIOR COLLEGE,JUNIOR COLLEGE,VISUAL AND PERFORMING ARTS,CHOIR,CHOIR
VICTORIA JUNIOR COLLEGE,JUNIOR COLLEGE,CLUBS AND SOCIETIES,COMMUNITY SERVICE (ROTARY-SPONSORED),INTERACT CLUB
VICTORIA JUNIOR COLLEGE,JUNIOR COLLEGE,VISUAL AND PERFORMING ARTS,CONCERT BAND,SYMPHONIC BAND
VICTORIA JUNIOR COLLEGE,JUNIOR COLLEGE,PHYSICAL SPORTS,CRICKET,CRICKET
VICTORIA JUNIOR COLLEGE,JUNIOR COLLEGE,PHYSICAL SPORTS,CROSS COUNTRY,CROSS COUNTRY
VICTORIA JUNIOR COLLEGE,JUNIOR COLLEGE,CLUBS AND SOCIETIES,DEBATING AND PUBLIC SPEAKING,DEBATES
VICTORIA JUNIOR COLLEGE,JUNIOR COLLEGE,VISUAL AND PERFORMING ARTS,ENGLISH DRAMA,DRAMA
VICTORIA JUNIOR COLLEGE,JUNIOR COLLEGE,CLUBS AND SOCIETIES,ENTREPRENEURSHIP,VECONOMIST
VICTORIA JUNIOR COLLEGE,JUNIOR COLLEGE,CLUBS AND SOCIETIES,ENVIRONMENTAL SCIENCE,EARTH WATCH
VICTORIA JUNIOR COLLEGE,JUNIOR COLLEGE,PHYSICAL SPORTS,FENCING,na
VICTORIA JUNIOR COLLEGE,JUNIOR COLLEGE,PHYSICAL SPORTS,FLOORBALL,FLOORBALL
VICTORIA JUNIOR COLLEGE,JUNIOR COLLEGE,PHYSICAL SPORTS,FOOTBALL,FOOTBALL
VICTORIA JUNIOR COLLEGE,JUNIOR COLLEGE,UNIFORMED GROUPS,GIRL GUIDES,GIRL GUIDES
VICTORIA JUNIOR COLLEGE,JUNIOR COLLEGE,UNIFORMED GROUPS,GIRLS' BRIGADE,GIRLS' BRIGADE
VICTORIA JUNIOR COLLEGE,JUNIOR COLLEGE,VISUAL AND PERFORMING ARTS,GUITAR ENSEMBLE,GUITAR ENSEMBLE
VICTORIA JUNIOR COLLEGE,JUNIOR COLLEGE,PHYSICAL SPORTS,HOCKEY,HOCKEY
VICTORIA JUNIOR COLLEGE,JUNIOR COLLEGE,CLUBS AND SOCIETIES,"INDIAN LANGUAGE, DRAMA AND DEBATING",INDIAN CULTURAL SOCIETY
VICTORIA JUNIOR COLLEGE,JUNIOR COLLEGE,CLUBS AND SOCIETIES,INFOCOMM TECHNOLOGY (COMPUTING),DATA
VICTORIA JUNIOR COLLEGE,JUNIOR COLLEGE,CLUBS AND SOCIETIES,INFOCOMM TECHNOLOGY (MEDIA PRODUCTION),STUDIOV
VICTORIA JUNIOR COLLEGE,JUNIOR COLLEGE,CLUBS AND SOCIETIES,INTERNATIONAL AND GLOBAL STUDIES,IGLOBE
VICTORIA JUNIOR COLLEGE,JUNIOR COLLEGE,CLUBS AND SOCIETIES,MALAY CULTURE AND LANGUAGE,MALAY CULTURAL SOCIETY
VICTORIA JUNIOR COLLEGE,JUNIOR COLLEGE,VISUAL AND PERFORMING ARTS,MODERN DANCE,DANCE CLUB
VICTORIA JUNIOR COLLEGE,JUNIOR COLLEGE,UNIFORMED GROUPS,NATIONAL CADET CORPS (AIR),NCC (AIR)
VICTORIA JUNIOR COLLEGE,JUNIOR COLLEGE,UNIFORMED GROUPS,NATIONAL CADET CORPS (LAND),NCC (LAND)
VICTORIA JUNIOR COLLEGE,JUNIOR COLLEGE,UNIFORMED GROUPS,NATIONAL CADET CORPS (SEA),NCC (SEA)
VICTORIA JUNIOR COLLEGE,JUNIOR COLLEGE,UNIFORMED GROUPS,NATIONAL POLICE CADET CORPS,NPCC
VICTORIA JUNIOR COLLEGE,JUNIOR COLLEGE,PHYSICAL SPORTS,NETBALL,NETBALL
VICTORIA JUNIOR COLLEGE,JUNIOR COLLEGE,PHYSICAL SPORTS,OUTDOOR ADVENTURE,OUTDOOR ACTIVITIES CLUB
VICTORIA JUNIOR COLLEGE,JUNIOR COLLEGE,CLUBS AND SOCIETIES,PHOTOGRAPHY,PHOTOGRAPHY SOCIETY
VICTORIA JUNIOR COLLEGE,JUNIOR COLLEGE,CLUBS AND SOCIETIES,PHYSICAL SCIENCE,SCIENCE SOCIETY
VICTORIA JUNIOR COLLEGE,JUNIOR COLLEGE,CLUBS AND SOCIETIES,READING AND WRITING,WRITERS' CIRCLE
VICTORIA JUNIOR COLLEGE,JUNIOR COLLEGE,UNIFORMED GROUPS,RED CROSS YOUTH,SINGAPORE RED CROSS SOCIETY
VICTORIA JUNIOR COLLEGE,JUNIOR COLLEGE,CLUBS AND SOCIETIES,ROBOTICS,ROBOTICS-MAKERS CLUB
VICTORIA JUNIOR COLLEGE,JUNIOR COLLEGE,PHYSICAL SPORTS,ROCKWALL CLIMBING,ROCKCLIMBING
VICTORIA JUNIOR COLLEGE,JUNIOR COLLEGE,UNIFORMED GROUPS,SCOUTS,VENTURE SCOUTS
VICTORIA JUNIOR COLLEGE,JUNIOR COLLEGE,VISUAL AND PERFORMING ARTS,SINGAPORE NATIONAL YOUTH CHINESE ORCHESTRA,SINGAPORE NATIONAL YOUTH CHINESE ORCHESTRA
VICTORIA JUNIOR COLLEGE,JUNIOR COLLEGE,VISUAL AND PERFORMING ARTS,SINGAPORE NATIONAL YOUTH ORCHESTRA,SINGAPORE NATIONAL YOUTH ORCHESTRA
VICTORIA JUNIOR COLLEGE,JUNIOR COLLEGE,CLUBS AND SOCIETIES,SINGAPORE YOUTH FLYING CLUB,SINGAPORE YOUTH FLYING CLUB
VICTORIA JUNIOR COLLEGE,JUNIOR COLLEGE,CLUBS AND SOCIETIES,SPACE SCIENCE,ASTRONOMY CLUB
VICTORIA JUNIOR COLLEGE,JUNIOR COLLEGE,UNIFORMED GROUPS,ST JOHN BRIGADE,ST JOHN BRIGADE
VICTORIA JUNIOR COLLEGE,JUNIOR COLLEGE,CLUBS AND SOCIETIES,STRATEGY GAMES,STRATEGIC GAMES CLUB
VICTORIA JUNIOR COLLEGE,JUNIOR COLLEGE,VISUAL AND PERFORMING ARTS,STRING ENSEMBLE,STRING ENSEMBLE
VICTORIA JUNIOR COLLEGE,JUNIOR COLLEGE,OTHERS,STUDENT INITIATED ACTIVITIES (CLUBS & SOCIETIES),STUDENT INITIATED GROUPS
VICTORIA JUNIOR COLLEGE,JUNIOR COLLEGE,OTHERS,STUDENT LEADERSHIP (COUNCIL),STUDENTS' COUNCIL
VICTORIA JUNIOR COLLEGE,JUNIOR COLLEGE,PHYSICAL SPORTS,SWIMMING,SWIMMING
VICTORIA JUNIOR COLLEGE,JUNIOR COLLEGE,PHYSICAL SPORTS,TABLE TENNIS,TABLE TENNIS
VICTORIA JUNIOR COLLEGE,JUNIOR COLLEGE,PHYSICAL SPORTS,TAEKWONDO,TAEKWONDO
VICTORIA JUNIOR COLLEGE,JUNIOR COLLEGE,PHYSICAL SPORTS,TENNIS,TENNIS
VICTORIA JUNIOR COLLEGE,JUNIOR COLLEGE,PHYSICAL SPORTS,TRACK AND FIELD,TRACK & FIELD
VICTORIA JUNIOR COLLEGE,JUNIOR COLLEGE,PHYSICAL SPORTS,VOLLEYBALL,VOLLEYBALL
VICTORIA JUNIOR COLLEGE,JUNIOR COLLEGE,PHYSICAL SPORTS,WUSHU,WUSHU
VICTORIA SCHOOL,SECONDARY (S1-S4),CLUBS AND SOCIETIES,AUDIO VISUAL AID,na
VICTORIA SCHOOL,SECONDARY (S1-S4),PHYSICAL SPORTS,BADMINTON,na
VICTORIA SCHOOL,SECONDARY (S1-S4),UNIFORMED GROUPS,BOYS' BRIGADE,na
VICTORIA SCHOOL,SECONDARY (S1-S4),VISUAL AND PERFORMING ARTS,CHINESE ORCHESTRA,na
VICTORIA SCHOOL,SECONDARY (S1-S4),VISUAL AND PERFORMING ARTS,CHOIR,na
VICTORIA SCHOOL,SECONDARY (S1-S4),VISUAL AND PERFORMING ARTS,CONCERT BAND,na
VICTORIA SCHOOL,SECONDARY (S1-S4),PHYSICAL SPORTS,CRICKET,na
VICTORIA SCHOOL,SECONDARY (S1-S4),PHYSICAL SPORTS,CROSS COUNTRY,na
VICTORIA SCHOOL,SECONDARY (S1-S4),CLUBS AND SOCIETIES,DEBATING AND PUBLIC SPEAKING,na
VICTORIA SCHOOL,SECONDARY (S1-S4),VISUAL AND PERFORMING ARTS,ENGLISH DRAMA,na
VICTORIA SCHOOL,SECONDARY (S1-S4),PHYSICAL SPORTS,FLOORBALL,na
VICTORIA SCHOOL,SECONDARY (S1-S4),PHYSICAL SPORTS,FOOTBALL,na
VICTORIA SCHOOL,SECONDARY (S1-S4),PHYSICAL SPORTS,HOCKEY,na
VICTORIA SCHOOL,SECONDARY (S1-S4),CLUBS AND SOCIETIES,INFOCOMM TECHNOLOGY (COMPUTING),na
VICTORIA SCHOOL,SECONDARY (S1-S4),CLUBS AND SOCIETIES,INTERNATIONAL CHESS,na
VICTORIA SCHOOL,SECONDARY (S1-S4),UNIFORMED GROUPS,NATIONAL CADET CORPS (LAND),na
VICTORIA SCHOOL,SECONDARY (S1-S4),UNIFORMED GROUPS,NATIONAL CADET CORPS (SEA),na
VICTORIA SCHOOL,SECONDARY (S1-S4),UNIFORMED GROUPS,NATIONAL POLICE CADET CORPS,na
VICTORIA SCHOOL,SECONDARY (S1-S4),CLUBS AND SOCIETIES,PHOTOGRAPHY,na
VICTORIA SCHOOL,SECONDARY (S1-S4),UNIFORMED GROUPS,RED CROSS YOUTH,na
VICTORIA SCHOOL,SECONDARY (S1-S4),PHYSICAL SPORTS,SAILING,na
VICTORIA SCHOOL,SECONDARY (S1-S4),UNIFORMED GROUPS,SCOUTS,na
VICTORIA SCHOOL,SECONDARY (S1-S4),PHYSICAL SPORTS,SHOOTING,na
VICTORIA SCHOOL,SECONDARY (S1-S4),VISUAL AND PERFORMING ARTS,SINGAPORE NATIONAL YOUTH CHINESE ORCHESTRA,na
VICTORIA SCHOOL,SECONDARY (S1-S4),VISUAL AND PERFORMING ARTS,SINGAPORE NATIONAL YOUTH ORCHESTRA,na
VICTORIA SCHOOL,SECONDARY (S1-S4),CLUBS AND SOCIETIES,SINGAPORE YOUTH FLYING CLUB,na
VICTORIA SCHOOL,SECONDARY (S1-S4),PHYSICAL SPORTS,SP-CCA (CANOEING),na
VICTORIA SCHOOL,SECONDARY (S1-S4),PHYSICAL SPORTS,SP-CCA (WATER POLO),na
VICTORIA SCHOOL,SECONDARY (S1-S4),PHYSICAL SPORTS,TABLE TENNIS,na
VICTORIA SCHOOL,SECONDARY (S1-S4),PHYSICAL SPORTS,TENNIS,na
VICTORIA SCHOOL,SECONDARY (S1-S4),PHYSICAL SPORTS,TRACK AND FIELD,na
VICTORIA SCHOOL,SECONDARY (S1-S4),PHYSICAL SPORTS,VOLLEYBALL,na
VICTORIA SCHOOL,SECONDARY (S1-S4),PHYSICAL SPORTS,WUSHU,na
WATERWAY PRIMARY SCHOOL,PRIMARY,CLUBS AND SOCIETIES,ART AND CRAFTS,na
WATERWAY PRIMARY SCHOOL,PRIMARY,PHYSICAL SPORTS,BADMINTON,na
WATERWAY PRIMARY SCHOOL,PRIMARY,PHYSICAL SPORTS,BASKETBALL,na
WATERWAY PRIMARY SCHOOL,PRIMARY,VISUAL AND PERFORMING ARTS,BRASS BAND,na
WATERWAY PRIMARY SCHOOL,PRIMARY,VISUAL AND PERFORMING ARTS,CHOIR,na
WATERWAY PRIMARY SCHOOL,PRIMARY,CLUBS AND SOCIETIES,DEBATING AND PUBLIC SPEAKING,na
WATERWAY PRIMARY SCHOOL,PRIMARY,CLUBS AND SOCIETIES,ENVIRONMENTAL SCIENCE,na
WATERWAY PRIMARY SCHOOL,PRIMARY,PHYSICAL SPORTS,FOOTBALL,na
WATERWAY PRIMARY SCHOOL,PRIMARY,CLUBS AND SOCIETIES,INFOCOMM TECHNOLOGY (MEDIA PRODUCTION),na
WATERWAY PRIMARY SCHOOL,PRIMARY,CLUBS AND SOCIETIES,INTERNATIONAL CHESS,na
WATERWAY PRIMARY SCHOOL,PRIMARY,VISUAL AND PERFORMING ARTS,MODERN DANCE,na
WATERWAY PRIMARY SCHOOL,PRIMARY,PHYSICAL SPORTS,NETBALL,na
WATERWAY PRIMARY SCHOOL,PRIMARY,CLUBS AND SOCIETIES,ROBOTICS,na
WATERWAY PRIMARY SCHOOL,PRIMARY,UNIFORMED GROUPS,SCOUTS,na
WATERWAY PRIMARY SCHOOL,PRIMARY,PHYSICAL SPORTS,TABLE TENNIS,na
WATERWAY PRIMARY SCHOOL,PRIMARY,PHYSICAL SPORTS,TAEKWONDO,na
WELLINGTON PRIMARY SCHOOL,PRIMARY,CLUBS AND SOCIETIES,ART AND CRAFTS,na
WELLINGTON PRIMARY SCHOOL,PRIMARY,PHYSICAL SPORTS,BADMINTON,na
WELLINGTON PRIMARY SCHOOL,PRIMARY,CLUBS AND SOCIETIES,CHINESE CULTURE AND LANGUAGE,na
WELLINGTON PRIMARY SCHOOL,PRIMARY,VISUAL AND PERFORMING ARTS,CHINESE DANCE,na
WELLINGTON PRIMARY SCHOOL,PRIMARY,VISUAL AND PERFORMING ARTS,CHOIR,na
WELLINGTON PRIMARY SCHOOL,PRIMARY,CLUBS AND SOCIETIES,"ENGLISH LANGUAGE, DRAMA AND DEBATING",na
WELLINGTON PRIMARY SCHOOL,PRIMARY,CLUBS AND SOCIETIES,ENVIRONMENTAL SCIENCE,na
WELLINGTON PRIMARY SCHOOL,PRIMARY,PHYSICAL SPORTS,FOOTBALL,na
WELLINGTON PRIMARY SCHOOL,PRIMARY,VISUAL AND PERFORMING ARTS,GUZHENG ENSEMBLE,na
WELLINGTON PRIMARY SCHOOL,PRIMARY,VISUAL AND PERFORMING ARTS,INDIAN DANCE,na
WELLINGTON PRIMARY SCHOOL,PRIMARY,CLUBS AND SOCIETIES,INFOCOMM TECHNOLOGY (MEDIA PRODUCTION),na
WELLINGTON PRIMARY SCHOOL,PRIMARY,VISUAL AND PERFORMING ARTS,MALAY DANCE,na
WELLINGTON PRIMARY SCHOOL,PRIMARY,VISUAL AND PERFORMING ARTS,MODERN DANCE,na
WELLINGTON PRIMARY SCHOOL,PRIMARY,UNIFORMED GROUPS,SCOUTS,na
WELLINGTON PRIMARY SCHOOL,PRIMARY,PHYSICAL SPORTS,TABLE TENNIS,na
WELLINGTON PRIMARY SCHOOL,PRIMARY,PHYSICAL SPORTS,VOLLEYBALL,na
WELLINGTON PRIMARY SCHOOL,PRIMARY,PHYSICAL SPORTS,WUSHU,na
WEST GROVE PRIMARY SCHOOL,PRIMARY,CLUBS AND SOCIETIES,ART AND CRAFTS,ART CLUB
WEST GROVE PRIMARY SCHOOL,PRIMARY,PHYSICAL SPORTS,BADMINTON,na
WEST GROVE PRIMARY SCHOOL,PRIMARY,UNIFORMED GROUPS,BOYS' BRIGADE,BOYS BRIGADE
WEST GROVE PRIMARY SCHOOL,PRIMARY,VISUAL AND PERFORMING ARTS,CHOIR,na
WEST GROVE PRIMARY SCHOOL,PRIMARY,CLUBS AND SOCIETIES,ENVIRONMENTAL SCIENCE,NATURE CLUB
WEST GROVE PRIMARY SCHOOL,PRIMARY,PHYSICAL SPORTS,FOOTBALL,na
WEST GROVE PRIMARY SCHOOL,PRIMARY,UNIFORMED GROUPS,GIRL GUIDES (BROWNIES),BROWNIES
WEST GROVE PRIMARY SCHOOL,PRIMARY,UNIFORMED GROUPS,GIRLS' BRIGADE,na
WEST GROVE PRIMARY SCHOOL,PRIMARY,VISUAL AND PERFORMING ARTS,GUZHENG ENSEMBLE,na
WEST GROVE PRIMARY SCHOOL,PRIMARY,CLUBS AND SOCIETIES,INFOCOMM TECHNOLOGY (MEDIA PRODUCTION),INFOMEDIA CLUB
WEST GROVE PRIMARY SCHOOL,PRIMARY,VISUAL AND PERFORMING ARTS,MODERN DANCE,DANCE TROUPE
WEST GROVE PRIMARY SCHOOL,PRIMARY,CLUBS AND SOCIETIES,ROBOTICS,ROBOTIX CLUB
WEST GROVE PRIMARY SCHOOL,PRIMARY,UNIFORMED GROUPS,SCOUTS,BOYS' SCOUTS
WEST GROVE PRIMARY SCHOOL,PRIMARY,VISUAL AND PERFORMING ARTS,STRING ENSEMBLE,UKULELE
WEST GROVE PRIMARY SCHOOL,PRIMARY,PHYSICAL SPORTS,TRACK AND FIELD,ATHLETICS CLUB
WEST SPRING PRIMARY SCHOOL,PRIMARY,CLUBS AND SOCIETIES,ART AND CRAFTS,na
WEST SPRING PRIMARY SCHOOL,PRIMARY,PHYSICAL SPORTS,BADMINTON,na
WEST SPRING PRIMARY SCHOOL,PRIMARY,PHYSICAL SPORTS,BASKETBALL,na
WEST SPRING PRIMARY SCHOOL,PRIMARY,VISUAL AND PERFORMING ARTS,CHOIR,na
WEST SPRING PRIMARY SCHOOL,PRIMARY,CLUBS AND SOCIETIES,DIGITAL MEDIA,na
WEST SPRING PRIMARY SCHOOL,PRIMARY,CLUBS AND SOCIETIES,ENVIRONMENTAL SCIENCE,na
WEST SPRING PRIMARY SCHOOL,PRIMARY,PHYSICAL SPORTS,FOOTBALL,na
WEST SPRING PRIMARY SCHOOL,PRIMARY,VISUAL AND PERFORMING ARTS,MODERN DANCE,na
WEST SPRING PRIMARY SCHOOL,PRIMARY,PHYSICAL SPORTS,OUTDOOR ADVENTURE,na
WEST SPRING PRIMARY SCHOOL,PRIMARY,VISUAL AND PERFORMING ARTS,PERCUSSION ENSEMBLE,na
WEST SPRING PRIMARY SCHOOL,PRIMARY,CLUBS AND SOCIETIES,ROBOTICS,na
WEST SPRING PRIMARY SCHOOL,PRIMARY,UNIFORMED GROUPS,SCOUTS,na
WEST SPRING PRIMARY SCHOOL,PRIMARY,CLUBS AND SOCIETIES,STRATEGY GAMES,na
WEST SPRING PRIMARY SCHOOL,PRIMARY,PHYSICAL SPORTS,TABLE TENNIS,na
WEST SPRING PRIMARY SCHOOL,PRIMARY,PHYSICAL SPORTS,WUSHU,na
WEST SPRING SECONDARY SCHOOL,SECONDARY (S1-S5),PHYSICAL SPORTS,BADMINTON,na
WEST SPRING SECONDARY SCHOOL,SECONDARY (S1-S5),VISUAL AND PERFORMING ARTS,CHOIR,na
WEST SPRING SECONDARY SCHOOL,SECONDARY (S1-S5),VISUAL AND PERFORMING ARTS,CONCERT BAND,na
WEST SPRING SECONDARY SCHOOL,SECONDARY (S1-S5),VISUAL AND PERFORMING ARTS,ENGLISH DRAMA,na
WEST SPRING SECONDARY SCHOOL,SECONDARY (S1-S5),PHYSICAL SPORTS,FOOTBALL,na
WEST SPRING SECONDARY SCHOOL,SECONDARY (S1-S5),UNIFORMED GROUPS,GIRL GUIDES,na
WEST SPRING SECONDARY SCHOOL,SECONDARY (S1-S5),VISUAL AND PERFORMING ARTS,GUITAR ENSEMBLE,na
WEST SPRING SECONDARY SCHOOL,SECONDARY (S1-S5),VISUAL AND PERFORMING ARTS,GUZHENG ENSEMBLE,na
WEST SPRING SECONDARY SCHOOL,SECONDARY (S1-S5),CLUBS AND SOCIETIES,INFOCOMM TECHNOLOGY (COMPUTING),INFOCOMM MEDIA
WEST SPRING SECONDARY SCHOOL,SECONDARY (S1-S5),CLUBS AND SOCIETIES,INFOCOMM TECHNOLOGY (MEDIA PRODUCTION),INFOCOMM MEDIA
WEST SPRING SECONDARY SCHOOL,SECONDARY (S1-S5),VISUAL AND PERFORMING ARTS,MARCHING BAND,SYMPHONIC BAND
WEST SPRING SECONDARY SCHOOL,SECONDARY (S1-S5),VISUAL AND PERFORMING ARTS,MODERN DANCE,na
WEST SPRING SECONDARY SCHOOL,SECONDARY (S1-S5),UNIFORMED GROUPS,NATIONAL CADET CORPS (LAND),na
WEST SPRING SECONDARY SCHOOL,SECONDARY (S1-S5),UNIFORMED GROUPS,NATIONAL CIVIL DEFENCE CADET CORPS,na
WEST SPRING SECONDARY SCHOOL,SECONDARY (S1-S5),UNIFORMED GROUPS,NATIONAL POLICE CADET CORPS,na
WEST SPRING SECONDARY SCHOOL,SECONDARY (S1-S5),PHYSICAL SPORTS,NETBALL,na
WEST SPRING SECONDARY SCHOOL,SECONDARY (S1-S5),PHYSICAL SPORTS,SHOOTING,na
WEST SPRING SECONDARY SCHOOL,SECONDARY (S1-S5),PHYSICAL SPORTS,SP-CCA (ATHLETICS),na
WEST SPRING SECONDARY SCHOOL,SECONDARY (S1-S5),PHYSICAL SPORTS,SP-CCA (CANOEING),na
WEST SPRING SECONDARY SCHOOL,SECONDARY (S1-S5),VISUAL AND PERFORMING ARTS,SP-CCA (ETHNIC DANCE),na
WEST SPRING SECONDARY SCHOOL,SECONDARY (S1-S5),PHYSICAL SPORTS,SP-CCA (WATER POLO),na
WEST SPRING SECONDARY SCHOOL,SECONDARY (S1-S5),PHYSICAL SPORTS,VOLLEYBALL,na
WEST VIEW PRIMARY SCHOOL,PRIMARY,CLUBS AND SOCIETIES,ART AND CRAFTS,na
WEST VIEW PRIMARY SCHOOL,PRIMARY,PHYSICAL SPORTS,BASKETBALL,na
WEST VIEW PRIMARY SCHOOL,PRIMARY,VISUAL AND PERFORMING ARTS,BRASS BAND,na
WEST VIEW PRIMARY SCHOOL,PRIMARY,VISUAL AND PERFORMING ARTS,CHINESE DANCE,na
WEST VIEW PRIMARY SCHOOL,PRIMARY,CLUBS AND SOCIETIES,ENVIRONMENTAL SCIENCE,na
WEST VIEW PRIMARY SCHOOL,PRIMARY,PHYSICAL SPORTS,FLOORBALL,na
WEST VIEW PRIMARY SCHOOL,PRIMARY,PHYSICAL SPORTS,FOOTBALL,na
WEST VIEW PRIMARY SCHOOL,PRIMARY,VISUAL AND PERFORMING ARTS,MALAY DANCE,na
WEST VIEW PRIMARY SCHOOL,PRIMARY,VISUAL AND PERFORMING ARTS,MODERN DANCE,na
WEST VIEW PRIMARY SCHOOL,PRIMARY,PHYSICAL SPORTS,RUGBY,na
WEST VIEW PRIMARY SCHOOL,PRIMARY,UNIFORMED GROUPS,SCOUTS,na
WESTWOOD PRIMARY SCHOOL,PRIMARY,CLUBS AND SOCIETIES,ART AND CRAFTS,na
WESTWOOD PRIMARY SCHOOL,PRIMARY,PHYSICAL SPORTS,BADMINTON,na
WESTWOOD PRIMARY SCHOOL,PRIMARY,PHYSICAL SPORTS,BASKETBALL,na
WESTWOOD PRIMARY SCHOOL,PRIMARY,UNIFORMED GROUPS,BOYS' BRIGADE,na
WESTWOOD PRIMARY SCHOOL,PRIMARY,VISUAL AND PERFORMING ARTS,BRASS BAND,na
WESTWOOD PRIMARY SCHOOL,PRIMARY,VISUAL AND PERFORMING ARTS,CHINESE DANCE,na
WESTWOOD PRIMARY SCHOOL,PRIMARY,VISUAL AND PERFORMING ARTS,CHOIR,na
WESTWOOD PRIMARY SCHOOL,PRIMARY,CLUBS AND SOCIETIES,ENGLISH CULTURE AND LANGUAGE,"ENGLISH LANGUAGE, DRAMA AND LIBRARY CLUB"
WESTWOOD PRIMARY SCHOOL,PRIMARY,CLUBS AND SOCIETIES,ENTREPRENEURSHIP,INFOCOMM AND INNOVATION CLUB
WESTWOOD PRIMARY SCHOOL,PRIMARY,CLUBS AND SOCIETIES,ENVIRONMENTAL SCIENCE,na
WESTWOOD PRIMARY SCHOOL,PRIMARY,PHYSICAL SPORTS,FOOTBALL,na
WESTWOOD PRIMARY SCHOOL,PRIMARY,UNIFORMED GROUPS,GIRLS' BRIGADE,na
WESTWOOD PRIMARY SCHOOL,PRIMARY,VISUAL AND PERFORMING ARTS,MALAY DANCE,na
WESTWOOD PRIMARY SCHOOL,PRIMARY,VISUAL AND PERFORMING ARTS,MODERN DANCE,na
WESTWOOD PRIMARY SCHOOL,PRIMARY,PHYSICAL SPORTS,WUSHU,na
WESTWOOD SECONDARY SCHOOL,SECONDARY (S1-S5),CLUBS AND SOCIETIES,ART AND CRAFTS,VISUAL ARTS
WESTWOOD SECONDARY SCHOOL,SECONDARY (S1-S5),CLUBS AND SOCIETIES,AUDIO VISUAL AID,AVA
WESTWOOD SECONDARY SCHOOL,SECONDARY (S1-S5),PHYSICAL SPORTS,BADMINTON,na
WESTWOOD SECONDARY SCHOOL,SECONDARY (S1-S5),PHYSICAL SPORTS,BASKETBALL,na
WESTWOOD SECONDARY SCHOOL,SECONDARY (S1-S5),PHYSICAL SPORTS,BOWLING,na
WESTWOOD SECONDARY SCHOOL,SECONDARY (S1-S5),UNIFORMED GROUPS,BOYS' BRIGADE,na
WESTWOOD SECONDARY SCHOOL,SECONDARY (S1-S5),VISUAL AND PERFORMING ARTS,CHOIR,na
WESTWOOD SECONDARY SCHOOL,SECONDARY (S1-S5),VISUAL AND PERFORMING ARTS,CONCERT BAND,na
WESTWOOD SECONDARY SCHOOL,SECONDARY (S1-S5),VISUAL AND PERFORMING ARTS,ENGLISH DRAMA,na
WESTWOOD SECONDARY SCHOOL,SECONDARY (S1-S5),PHYSICAL SPORTS,FOOTBALL,na
WESTWOOD SECONDARY SCHOOL,SECONDARY (S1-S5),UNIFORMED GROUPS,GIRLS' BRIGADE,na
WESTWOOD SECONDARY SCHOOL,SECONDARY (S1-S5),VISUAL AND PERFORMING ARTS,GUITAR ENSEMBLE,na
WESTWOOD SECONDARY SCHOOL,SECONDARY (S1-S5),VISUAL AND PERFORMING ARTS,MODERN DANCE,na
WESTWOOD SECONDARY SCHOOL,SECONDARY (S1-S5),UNIFORMED GROUPS,NATIONAL CADET CORPS (LAND),na
WESTWOOD SECONDARY SCHOOL,SECONDARY (S1-S5),UNIFORMED GROUPS,NATIONAL CIVIL DEFENCE CADET CORPS,na
WESTWOOD SECONDARY SCHOOL,SECONDARY (S1-S5),UNIFORMED GROUPS,NATIONAL POLICE CADET CORPS,na
WESTWOOD SECONDARY SCHOOL,SECONDARY (S1-S5),PHYSICAL SPORTS,NETBALL,na
WESTWOOD SECONDARY SCHOOL,SECONDARY (S1-S5),CLUBS AND SOCIETIES,ROBOTICS,na
WESTWOOD SECONDARY SCHOOL,SECONDARY (S1-S5),CLUBS AND SOCIETIES,SINGAPORE YOUTH FLYING CLUB,WESTWOOD FLYING CLUB
WESTWOOD SECONDARY SCHOOL,SECONDARY (S1-S5),PHYSICAL SPORTS,TCHOUKBALL,na
WHITE SANDS PRIMARY SCHOOL,PRIMARY,CLUBS AND SOCIETIES,ART AND CRAFTS,na
WHITE SANDS PRIMARY SCHOOL,PRIMARY,VISUAL AND PERFORMING ARTS,CHINESE DANCE,na
WHITE SANDS PRIMARY SCHOOL,PRIMARY,VISUAL AND PERFORMING ARTS,CHOIR,na
WHITE SANDS PRIMARY SCHOOL,PRIMARY,CLUBS AND SOCIETIES,ENVIRONMENTAL SCIENCE,na
WHITE SANDS PRIMARY SCHOOL,PRIMARY,PHYSICAL SPORTS,FOOTBALL,na
WHITE SANDS PRIMARY SCHOOL,PRIMARY,VISUAL AND PERFORMING ARTS,GUZHENG ENSEMBLE,na
WHITE SANDS PRIMARY SCHOOL,PRIMARY,CLUBS AND SOCIETIES,INFOCOMM TECHNOLOGY (COMPUTING),na
WHITE SANDS PRIMARY SCHOOL,PRIMARY,CLUBS AND SOCIETIES,INFOCOMM TECHNOLOGY (MEDIA PRODUCTION),na
WHITE SANDS PRIMARY SCHOOL,PRIMARY,VISUAL AND PERFORMING ARTS,MALAY DANCE,na
WHITE SANDS PRIMARY SCHOOL,PRIMARY,VISUAL AND PERFORMING ARTS,MODERN DANCE,na
WHITE SANDS PRIMARY SCHOOL,PRIMARY,PHYSICAL SPORTS,NETBALL,na
WHITE SANDS PRIMARY SCHOOL,PRIMARY,UNIFORMED GROUPS,SCOUTS,na
WHITE SANDS PRIMARY SCHOOL,PRIMARY,PHYSICAL SPORTS,TABLE TENNIS,na
WHITE SANDS PRIMARY SCHOOL,PRIMARY,PHYSICAL SPORTS,TCHOUKBALL,na
WHITLEY SECONDARY SCHOOL,SECONDARY (S1-S5),CLUBS AND SOCIETIES,ART AND CRAFTS,ART CLUB
WHITLEY SECONDARY SCHOOL,SECONDARY (S1-S5),PHYSICAL SPORTS,BADMINTON,na
WHITLEY SECONDARY SCHOOL,SECONDARY (S1-S5),PHYSICAL SPORTS,BASKETBALL,na
WHITLEY SECONDARY SCHOOL,SECONDARY (S1-S5),VISUAL AND PERFORMING ARTS,CHOIR,na
WHITLEY SECONDARY SCHOOL,SECONDARY (S1-S5),VISUAL AND PERFORMING ARTS,CONCERT BAND,na
WHITLEY SECONDARY SCHOOL,SECONDARY (S1-S5),CLUBS AND SOCIETIES,DEBATING AND PUBLIC SPEAKING,na
WHITLEY SECONDARY SCHOOL,SECONDARY (S1-S5),VISUAL AND PERFORMING ARTS,ENGLISH DRAMA,na
WHITLEY SECONDARY SCHOOL,SECONDARY (S1-S5),PHYSICAL SPORTS,FOOTBALL,na
WHITLEY SECONDARY SCHOOL,SECONDARY (S1-S5),UNIFORMED GROUPS,GIRL GUIDES,na
WHITLEY SECONDARY SCHOOL,SECONDARY (S1-S5),PHYSICAL SPORTS,GOLF,na
WHITLEY SECONDARY SCHOOL,SECONDARY (S1-S5),CLUBS AND SOCIETIES,INFOCOMM TECHNOLOGY (MEDIA PRODUCTION),MEDIA COMMUNICATIONS
WHITLEY SECONDARY SCHOOL,SECONDARY (S1-S5),VISUAL AND PERFORMING ARTS,MODERN DANCE,INTERNATIONAL DANCE
WHITLEY SECONDARY SCHOOL,SECONDARY (S1-S5),UNIFORMED GROUPS,NATIONAL CADET CORPS (LAND),na
WHITLEY SECONDARY SCHOOL,SECONDARY (S1-S5),UNIFORMED GROUPS,NATIONAL POLICE CADET CORPS,na
WHITLEY SECONDARY SCHOOL,SECONDARY (S1-S5),CLUBS AND SOCIETIES,PHOTOGRAPHY,na
WHITLEY SECONDARY SCHOOL,SECONDARY (S1-S5),PHYSICAL SPORTS,SP-CCA (ATHLETICS),na
WHITLEY SECONDARY SCHOOL,SECONDARY (S1-S5),PHYSICAL SPORTS,SP-CCA (CANOEING),na
WHITLEY SECONDARY SCHOOL,SECONDARY (S1-S5),PHYSICAL SPORTS,SP-CCA (HOCKEY),na
WHITLEY SECONDARY SCHOOL,SECONDARY (S1-S5),PHYSICAL SPORTS,SP-CCA (WATER POLO),na
WOODGROVE PRIMARY SCHOOL,PRIMARY,CLUBS AND SOCIETIES,ART AND CRAFTS,na
WOODGROVE PRIMARY SCHOOL,PRIMARY,PHYSICAL SPORTS,BADMINTON,na
WOODGROVE PRIMARY SCHOOL,PRIMARY,PHYSICAL SPORTS,BASKETBALL,na
WOODGROVE PRIMARY SCHOOL,PRIMARY,CLUBS AND SOCIETIES,CHINESE CULTURE AND LANGUAGE,na
WOODGROVE PRIMARY SCHOOL,PRIMARY,VISUAL AND PERFORMING ARTS,CHINESE DANCE,Chinese Dance
WOODGROVE PRIMARY SCHOOL,PRIMARY,VISUAL AND PERFORMING ARTS,CHINESE ORCHESTRA,na
WOODGROVE PRIMARY SCHOOL,PRIMARY,CLUBS AND SOCIETIES,DIGITAL MEDIA,na
WOODGROVE PRIMARY SCHOOL,PRIMARY,VISUAL AND PERFORMING ARTS,ENGLISH DRAMA,na
WOODGROVE PRIMARY SCHOOL,PRIMARY,PHYSICAL SPORTS,FOOTBALL,na
WOODGROVE PRIMARY SCHOOL,PRIMARY,VISUAL AND PERFORMING ARTS,INDIAN DANCE,na
WOODGROVE PRIMARY SCHOOL,PRIMARY,VISUAL AND PERFORMING ARTS,MALAY DANCE,na
WOODGROVE PRIMARY SCHOOL,PRIMARY,VISUAL AND PERFORMING ARTS,MODERN DANCE,na
WOODGROVE PRIMARY SCHOOL,PRIMARY,CLUBS AND SOCIETIES,ROBOTICS,na
WOODGROVE PRIMARY SCHOOL,PRIMARY,PHYSICAL SPORTS,ROPE SKIPPING,na
WOODGROVE PRIMARY SCHOOL,PRIMARY,UNIFORMED GROUPS,SCOUTS,na
WOODGROVE PRIMARY SCHOOL,PRIMARY,PHYSICAL SPORTS,TABLE TENNIS,na
WOODGROVE SECONDARY SCHOOL,SECONDARY (S1-S5),PHYSICAL SPORTS,BADMINTON,na
WOODGROVE SECONDARY SCHOOL,SECONDARY (S1-S5),PHYSICAL SPORTS,BASKETBALL,na
WOODGROVE SECONDARY SCHOOL,SECONDARY (S1-S5),VISUAL AND PERFORMING ARTS,CHINESE ORCHESTRA,na
WOODGROVE SECONDARY SCHOOL,SECONDARY (S1-S5),VISUAL AND PERFORMING ARTS,CHOIR,na
WOODGROVE SECONDARY SCHOOL,SECONDARY (S1-S5),VISUAL AND PERFORMING ARTS,CONCERT BAND,na
WOODGROVE SECONDARY SCHOOL,SECONDARY (S1-S5),VISUAL AND PERFORMING ARTS,ENGLISH DRAMA,na
WOODGROVE SECONDARY SCHOOL,SECONDARY (S1-S5),CLUBS AND SOCIETIES,ENVIRONMENTAL SCIENCE,na
WOODGROVE SECONDARY SCHOOL,SECONDARY (S1-S5),PHYSICAL SPORTS,FOOTBALL,na
WOODGROVE SECONDARY SCHOOL,SECONDARY (S1-S5),CLUBS AND SOCIETIES,INFOCOMM TECHNOLOGY (MEDIA PRODUCTION),na
WOODGROVE SECONDARY SCHOOL,SECONDARY (S1-S5),VISUAL AND PERFORMING ARTS,MODERN DANCE,na
WOODGROVE SECONDARY SCHOOL,SECONDARY (S1-S5),UNIFORMED GROUPS,NATIONAL CADET CORPS (LAND),na
WOODGROVE SECONDARY SCHOOL,SECONDARY (S1-S5),UNIFORMED GROUPS,NATIONAL CIVIL DEFENCE CADET CORPS,na
WOODGROVE SECONDARY SCHOOL,SECONDARY (S1-S5),UNIFORMED GROUPS,NATIONAL POLICE CADET CORPS,na
WOODGROVE SECONDARY SCHOOL,SECONDARY (S1-S5),PHYSICAL SPORTS,NETBALL,na
WOODGROVE SECONDARY SCHOOL,SECONDARY (S1-S5),CLUBS AND SOCIETIES,ROBOTICS,na
WOODGROVE SECONDARY SCHOOL,SECONDARY (S1-S5),CLUBS AND SOCIETIES,SINGAPORE YOUTH FLYING CLUB,na
WOODGROVE SECONDARY SCHOOL,SECONDARY (S1-S5),PHYSICAL SPORTS,SP-CCA (CANOEING),na
WOODGROVE SECONDARY SCHOOL,SECONDARY (S1-S5),PHYSICAL SPORTS,SP-CCA (WATER POLO),na
WOODLANDS PRIMARY SCHOOL,PRIMARY,CLUBS AND SOCIETIES,ART AND CRAFTS,na
WOODLANDS PRIMARY SCHOOL,PRIMARY,PHYSICAL SPORTS,BADMINTON,na
WOODLANDS PRIMARY SCHOOL,PRIMARY,CLUBS AND SOCIETIES,BIOLOGICAL SCIENCE,na
WOODLANDS PRIMARY SCHOOL,PRIMARY,CLUBS AND SOCIETIES,CHINESE CULTURE AND LANGUAGE,na
WOODLANDS PRIMARY SCHOOL,PRIMARY,VISUAL AND PERFORMING ARTS,CHINESE DANCE,na
WOODLANDS PRIMARY SCHOOL,PRIMARY,CLUBS AND SOCIETIES,"CHINESE LANGUAGE, DRAMA AND DEBATING",ALP (MTL)
WOODLANDS PRIMARY SCHOOL,PRIMARY,VISUAL AND PERFORMING ARTS,CHOIR,na
WOODLANDS PRIMARY SCHOOL,PRIMARY,VISUAL AND PERFORMING ARTS,CONCERT BAND,JUNIOR WINDS
WOODLANDS PRIMARY SCHOOL,PRIMARY,CLUBS AND SOCIETIES,ENGLISH CULTURE AND LANGUAGE,na
WOODLANDS PRIMARY SCHOOL,PRIMARY,PHYSICAL SPORTS,FOOTBALL,na
WOODLANDS PRIMARY SCHOOL,PRIMARY,VISUAL AND PERFORMING ARTS,HANDBELL ENSEMBLE,na
WOODLANDS PRIMARY SCHOOL,PRIMARY,PHYSICAL SPORTS,HEALTH AND FITNESS,WE-FIT
WOODLANDS PRIMARY SCHOOL,PRIMARY,VISUAL AND PERFORMING ARTS,INDIAN DANCE,na
WOODLANDS PRIMARY SCHOOL,PRIMARY,CLUBS AND SOCIETIES,INFOCOMM TECHNOLOGY (COMPUTING),na
WOODLANDS PRIMARY SCHOOL,PRIMARY,VISUAL AND PERFORMING ARTS,MALAY DANCE,na
WOODLANDS PRIMARY SCHOOL,PRIMARY,CLUBS AND SOCIETIES,MATHEMATICS,na
WOODLANDS PRIMARY SCHOOL,PRIMARY,CLUBS AND SOCIETIES,MEDIA RESOURCE LIBRARY,na
WOODLANDS PRIMARY SCHOOL,PRIMARY,PHYSICAL SPORTS,MODULAR CCA (SPORTS),STEP
WOODLANDS PRIMARY SCHOOL,PRIMARY,CLUBS AND SOCIETIES,PHYSICAL SCIENCE,na
WOODLANDS PRIMARY SCHOOL,PRIMARY,CLUBS AND SOCIETIES,ROBOTICS,na
WOODLANDS PRIMARY SCHOOL,PRIMARY,UNIFORMED GROUPS,SCOUTS,na
WOODLANDS PRIMARY SCHOOL,PRIMARY,CLUBS AND SOCIETIES,SPEECH AND DRAMA,na
WOODLANDS PRIMARY SCHOOL,PRIMARY,PHYSICAL SPORTS,SWIMMING,na
WOODLANDS PRIMARY SCHOOL,PRIMARY,PHYSICAL SPORTS,TCHOUKBALL,na
WOODLANDS PRIMARY SCHOOL,PRIMARY,PHYSICAL SPORTS,VOLLEYBALL,na
WOODLANDS RING PRIMARY SCHOOL,PRIMARY,CLUBS AND SOCIETIES,ART AND CRAFTS,Art and Craft Club
WOODLANDS RING PRIMARY SCHOOL,PRIMARY,PHYSICAL SPORTS,BADMINTON,na
WOODLANDS RING PRIMARY SCHOOL,PRIMARY,PHYSICAL SPORTS,BASKETBALL,na
WOODLANDS RING PRIMARY SCHOOL,PRIMARY,VISUAL AND PERFORMING ARTS,CHINESE DANCE,na
WOODLANDS RING PRIMARY SCHOOL,PRIMARY,VISUAL AND PERFORMING ARTS,CHOIR,na
WOODLANDS RING PRIMARY SCHOOL,PRIMARY,VISUAL AND PERFORMING ARTS,CONCERT BAND,Brass Band
WOODLANDS RING PRIMARY SCHOOL,PRIMARY,CLUBS AND SOCIETIES,ENGLISH CULTURE AND LANGUAGE,Drama & Literary Club
WOODLANDS RING PRIMARY SCHOOL,PRIMARY,PHYSICAL SPORTS,FLOORBALL,na
WOODLANDS RING PRIMARY SCHOOL,PRIMARY,PHYSICAL SPORTS,FOOTBALL,na
WOODLANDS RING PRIMARY SCHOOL,PRIMARY,VISUAL AND PERFORMING ARTS,INDIAN DANCE,na
WOODLANDS RING PRIMARY SCHOOL,PRIMARY,CLUBS AND SOCIETIES,INFOCOMM TECHNOLOGY (COMPUTING),na
WOODLANDS RING PRIMARY SCHOOL,PRIMARY,VISUAL AND PERFORMING ARTS,MALAY DANCE,na
WOODLANDS RING PRIMARY SCHOOL,PRIMARY,VISUAL AND PERFORMING ARTS,MODERN DANCE,na
WOODLANDS RING PRIMARY SCHOOL,PRIMARY,CLUBS AND SOCIETIES,PHYSICAL SCIENCE,Science  Club
WOODLANDS RING PRIMARY SCHOOL,PRIMARY,UNIFORMED GROUPS,SCOUTS,na
WOODLANDS RING PRIMARY SCHOOL,PRIMARY,OTHERS,STUDENT LEADERSHIP (PREFECT),na
WOODLANDS RING SECONDARY SCHOOL,SECONDARY (S1-S5),CLUBS AND SOCIETIES,AUDIO VISUAL AID,na
WOODLANDS RING SECONDARY SCHOOL,SECONDARY (S1-S5),PHYSICAL SPORTS,BADMINTON,na
WOODLANDS RING SECONDARY SCHOOL,SECONDARY (S1-S5),PHYSICAL SPORTS,BASKETBALL,na
WOODLANDS RING SECONDARY SCHOOL,SECONDARY (S1-S5),VISUAL AND PERFORMING ARTS,CHINESE DANCE,na
WOODLANDS RING SECONDARY SCHOOL,SECONDARY (S1-S5),VISUAL AND PERFORMING ARTS,CHOIR,na
WOODLANDS RING SECONDARY SCHOOL,SECONDARY (S1-S5),VISUAL AND PERFORMING ARTS,CONCERT BAND,na
WOODLANDS RING SECONDARY SCHOOL,SECONDARY (S1-S5),VISUAL AND PERFORMING ARTS,CULTURAL DANCE,na
WOODLANDS RING SECONDARY SCHOOL,SECONDARY (S1-S5),VISUAL AND PERFORMING ARTS,ENGLISH DRAMA,na
WOODLANDS RING SECONDARY SCHOOL,SECONDARY (S1-S5),UNIFORMED GROUPS,GIRL GUIDES,na
WOODLANDS RING SECONDARY SCHOOL,SECONDARY (S1-S5),VISUAL AND PERFORMING ARTS,GUZHENG ENSEMBLE,na
WOODLANDS RING SECONDARY SCHOOL,SECONDARY (S1-S5),PHYSICAL SPORTS,HOCKEY,na
WOODLANDS RING SECONDARY SCHOOL,SECONDARY (S1-S5),VISUAL AND PERFORMING ARTS,MALAY DANCE,na
WOODLANDS RING SECONDARY SCHOOL,SECONDARY (S1-S5),CLUBS AND SOCIETIES,MEDIA RESOURCE LIBRARY,na
WOODLANDS RING SECONDARY SCHOOL,SECONDARY (S1-S5),VISUAL AND PERFORMING ARTS,MODERN DANCE,na
WOODLANDS RING SECONDARY SCHOOL,SECONDARY (S1-S5),UNIFORMED GROUPS,NATIONAL CADET CORPS (LAND),na
WOODLANDS RING SECONDARY SCHOOL,SECONDARY (S1-S5),UNIFORMED GROUPS,NATIONAL CIVIL DEFENCE CADET CORPS,na
WOODLANDS RING SECONDARY SCHOOL,SECONDARY (S1-S5),UNIFORMED GROUPS,NATIONAL POLICE CADET CORPS,na
WOODLANDS RING SECONDARY SCHOOL,SECONDARY (S1-S5),PHYSICAL SPORTS,NETBALL,na
WOODLANDS RING SECONDARY SCHOOL,SECONDARY (S1-S5),CLUBS AND SOCIETIES,ROBOTICS,na
WOODLANDS RING SECONDARY SCHOOL,SECONDARY (S1-S5),CLUBS AND SOCIETIES,SINGAPORE YOUTH FLYING CLUB,na
WOODLANDS RING SECONDARY SCHOOL,SECONDARY (S1-S5),PHYSICAL SPORTS,SOFTBALL,na
WOODLANDS RING SECONDARY SCHOOL,SECONDARY (S1-S5),PHYSICAL SPORTS,VOLLEYBALL,na
WOODLANDS SECONDARY SCHOOL,SECONDARY (S1-S5),PHYSICAL SPORTS,BADMINTON,na
WOODLANDS SECONDARY SCHOOL,SECONDARY (S1-S5),PHYSICAL SPORTS,BASKETBALL,na
WOODLANDS SECONDARY SCHOOL,SECONDARY (S1-S5),UNIFORMED GROUPS,BOYS' BRIGADE,na
WOODLANDS SECONDARY SCHOOL,SECONDARY (S1-S5),VISUAL AND PERFORMING ARTS,CHINESE DANCE,na
WOODLANDS SECONDARY SCHOOL,SECONDARY (S1-S5),VISUAL AND PERFORMING ARTS,CHOIR,na
WOODLANDS SECONDARY SCHOOL,SECONDARY (S1-S5),VISUAL AND PERFORMING ARTS,CONCERT BAND,na
WOODLANDS SECONDARY SCHOOL,SECONDARY (S1-S5),VISUAL AND PERFORMING ARTS,ENGLISH DRAMA,na
WOODLANDS SECONDARY SCHOOL,SECONDARY (S1-S5),PHYSICAL SPORTS,FOOTBALL,na
WOODLANDS SECONDARY SCHOOL,SECONDARY (S1-S5),CLUBS AND SOCIETIES,INFOCOMM TECHNOLOGY (MEDIA PRODUCTION),na
WOODLANDS SECONDARY SCHOOL,SECONDARY (S1-S5),VISUAL AND PERFORMING ARTS,MALAY DANCE,na
WOODLANDS SECONDARY SCHOOL,SECONDARY (S1-S5),UNIFORMED GROUPS,NATIONAL CADET CORPS (LAND),na
WOODLANDS SECONDARY SCHOOL,SECONDARY (S1-S5),UNIFORMED GROUPS,NATIONAL CIVIL DEFENCE CADET CORPS,na
WOODLANDS SECONDARY SCHOOL,SECONDARY (S1-S5),UNIFORMED GROUPS,NATIONAL POLICE CADET CORPS,na
WOODLANDS SECONDARY SCHOOL,SECONDARY (S1-S5),PHYSICAL SPORTS,NETBALL,na
WOODLANDS SECONDARY SCHOOL,SECONDARY (S1-S5),PHYSICAL SPORTS,SEPAKTAKRAW,na
WOODLANDS SECONDARY SCHOOL,SECONDARY (S1-S5),PHYSICAL SPORTS,SP-CCA (ATHLETICS),na
XINGHUA PRIMARY SCHOOL,PRIMARY,VISUAL AND PERFORMING ARTS,ANGKLUNG/KULINTANG ENSEMBLE,na
XINGHUA PRIMARY SCHOOL,PRIMARY,CLUBS AND SOCIETIES,ART AND CRAFTS,na
XINGHUA PRIMARY SCHOOL,PRIMARY,UNIFORMED GROUPS,BOYS' BRIGADE,na
XINGHUA PRIMARY SCHOOL,PRIMARY,VISUAL AND PERFORMING ARTS,CHOIR,na
XINGHUA PRIMARY SCHOOL,PRIMARY,CLUBS AND SOCIETIES,"ENGLISH LANGUAGE, DRAMA AND DEBATING",na
XINGHUA PRIMARY SCHOOL,PRIMARY,CLUBS AND SOCIETIES,ENVIRONMENTAL SCIENCE,na
XINGHUA PRIMARY SCHOOL,PRIMARY,UNIFORMED GROUPS,GIRLS' BRIGADE,na
XINGHUA PRIMARY SCHOOL,PRIMARY,VISUAL AND PERFORMING ARTS,GUZHENG ENSEMBLE,na
XINGHUA PRIMARY SCHOOL,PRIMARY,CLUBS AND SOCIETIES,INFOCOMM TECHNOLOGY (COMPUTING),na
XINGHUA PRIMARY SCHOOL,PRIMARY,VISUAL AND PERFORMING ARTS,MODERN DANCE,na
XINGHUA PRIMARY SCHOOL,PRIMARY,PHYSICAL SPORTS,MODULAR CCA (SPORTS),na
XINGHUA PRIMARY SCHOOL,PRIMARY,PHYSICAL SPORTS,SOFTBALL,na
XINGHUA PRIMARY SCHOOL,PRIMARY,OTHERS,STUDENT LEADERSHIP (PREFECT),na
XINGHUA PRIMARY SCHOOL,PRIMARY,PHYSICAL SPORTS,VOLLEYBALL,na
XINGHUA PRIMARY SCHOOL,PRIMARY,PHYSICAL SPORTS,WUSHU,na
XINGNAN PRIMARY SCHOOL,PRIMARY,CLUBS AND SOCIETIES,ART AND CRAFTS,na
XINGNAN PRIMARY SCHOOL,PRIMARY,PHYSICAL SPORTS,BADMINTON,na
XINGNAN PRIMARY SCHOOL,PRIMARY,PHYSICAL SPORTS,BASKETBALL,na
XINGNAN PRIMARY SCHOOL,PRIMARY,VISUAL AND PERFORMING ARTS,BRASS BAND,na
XINGNAN PRIMARY SCHOOL,PRIMARY,CLUBS AND SOCIETIES,CERAMICS,POTTERY CLUB
XINGNAN PRIMARY SCHOOL,PRIMARY,CLUBS AND SOCIETIES,CHINESE CULTURE AND LANGUAGE,na
XINGNAN PRIMARY SCHOOL,PRIMARY,VISUAL AND PERFORMING ARTS,CHINESE DANCE,na
XINGNAN PRIMARY SCHOOL,PRIMARY,VISUAL AND PERFORMING ARTS,CULTURAL DANCE,na
XINGNAN PRIMARY SCHOOL,PRIMARY,CLUBS AND SOCIETIES,ENVIRONMENTAL SCIENCE,na
XINGNAN PRIMARY SCHOOL,PRIMARY,PHYSICAL SPORTS,FOOTBALL,na
XINGNAN PRIMARY SCHOOL,PRIMARY,VISUAL AND PERFORMING ARTS,INDIAN DANCE,na
XINGNAN PRIMARY SCHOOL,PRIMARY,CLUBS AND SOCIETIES,INFOCOMM TECHNOLOGY (MEDIA PRODUCTION),na
XINGNAN PRIMARY SCHOOL,PRIMARY,VISUAL AND PERFORMING ARTS,MALAY DANCE,na
XINGNAN PRIMARY SCHOOL,PRIMARY,VISUAL AND PERFORMING ARTS,MODERN DANCE,na
XINGNAN PRIMARY SCHOOL,PRIMARY,UNIFORMED GROUPS,SCOUTS,na
XINGNAN PRIMARY SCHOOL,PRIMARY,OTHERS,STUDENT LEADERSHIP (PREFECT),na
XINGNAN PRIMARY SCHOOL,PRIMARY,PHYSICAL SPORTS,VOLLEYBALL,na
XINMIN PRIMARY SCHOOL,PRIMARY,CLUBS AND SOCIETIES,ART AND CRAFTS,na
XINMIN PRIMARY SCHOOL,PRIMARY,PHYSICAL SPORTS,BASKETBALL,na
XINMIN PRIMARY SCHOOL,PRIMARY,VISUAL AND PERFORMING ARTS,CHINESE DANCE,na
XINMIN PRIMARY SCHOOL,PRIMARY,VISUAL AND PERFORMING ARTS,CHOIR,na
XINMIN PRIMARY SCHOOL,PRIMARY,CLUBS AND SOCIETIES,ENVIRONMENTAL SCIENCE,na
XINMIN PRIMARY SCHOOL,PRIMARY,PHYSICAL SPORTS,FOOTBALL,na
XINMIN PRIMARY SCHOOL,PRIMARY,UNIFORMED GROUPS,GIRL GUIDES (BROWNIES),na
XINMIN PRIMARY SCHOOL,PRIMARY,VISUAL AND PERFORMING ARTS,GUZHENG ENSEMBLE,na
XINMIN PRIMARY SCHOOL,PRIMARY,CLUBS AND SOCIETIES,INFOCOMM TECHNOLOGY (COMPUTING),na
XINMIN PRIMARY SCHOOL,PRIMARY,VISUAL AND PERFORMING ARTS,MODERN DANCE,na
XINMIN PRIMARY SCHOOL,PRIMARY,PHYSICAL SPORTS,MODULAR CCA (SPORTS),na
XINMIN PRIMARY SCHOOL,PRIMARY,UNIFORMED GROUPS,RED CROSS YOUTH,na
XINMIN PRIMARY SCHOOL,PRIMARY,UNIFORMED GROUPS,SCOUTS,na
XINMIN PRIMARY SCHOOL,PRIMARY,OTHERS,STUDENT LEADERSHIP (PREFECT),na
XINMIN PRIMARY SCHOOL,PRIMARY,PHYSICAL SPORTS,VOLLEYBALL,na
XINMIN SECONDARY SCHOOL,SECONDARY (S1-S5),CLUBS AND SOCIETIES,ART AND CRAFTS,na
XINMIN SECONDARY SCHOOL,SECONDARY (S1-S5),PHYSICAL SPORTS,BADMINTON,na
XINMIN SECONDARY SCHOOL,SECONDARY (S1-S5),UNIFORMED GROUPS,BOYS' BRIGADE,na
XINMIN SECONDARY SCHOOL,SECONDARY (S1-S5),VISUAL AND PERFORMING ARTS,CHINESE DANCE,na
XINMIN SECONDARY SCHOOL,SECONDARY (S1-S5),CLUBS AND SOCIETIES,"CHINESE LANGUAGE, DRAMA AND DEBATING",na
XINMIN SECONDARY SCHOOL,SECONDARY (S1-S5),VISUAL AND PERFORMING ARTS,CHOIR,na
XINMIN SECONDARY SCHOOL,SECONDARY (S1-S5),VISUAL AND PERFORMING ARTS,CONCERT BAND,na
XINMIN SECONDARY SCHOOL,SECONDARY (S1-S5),PHYSICAL SPORTS,CROSS COUNTRY,na
XINMIN SECONDARY SCHOOL,SECONDARY (S1-S5),CLUBS AND SOCIETIES,DEBATING AND PUBLIC SPEAKING,na
XINMIN SECONDARY SCHOOL,SECONDARY (S1-S5),VISUAL AND PERFORMING ARTS,ENGLISH DRAMA,na
XINMIN SECONDARY SCHOOL,SECONDARY (S1-S5),PHYSICAL SPORTS,FLOORBALL,na
XINMIN SECONDARY SCHOOL,SECONDARY (S1-S5),UNIFORMED GROUPS,GIRLS' BRIGADE,na
XINMIN SECONDARY SCHOOL,SECONDARY (S1-S5),VISUAL AND PERFORMING ARTS,GUZHENG ENSEMBLE,na
XINMIN SECONDARY SCHOOL,SECONDARY (S1-S5),CLUBS AND SOCIETIES,INFOCOMM TECHNOLOGY (MEDIA PRODUCTION),na
XINMIN SECONDARY SCHOOL,SECONDARY (S1-S5),CLUBS AND SOCIETIES,"MALAY LANGUAGE, DRAMA AND DEBATING",na
XINMIN SECONDARY SCHOOL,SECONDARY (S1-S5),UNIFORMED GROUPS,NATIONAL CADET CORPS (LAND),na
XINMIN SECONDARY SCHOOL,SECONDARY (S1-S5),UNIFORMED GROUPS,NATIONAL POLICE CADET CORPS,na
XINMIN SECONDARY SCHOOL,SECONDARY (S1-S5),PHYSICAL SPORTS,OUTDOOR ADVENTURE,na
XINMIN SECONDARY SCHOOL,SECONDARY (S1-S5),PHYSICAL SPORTS,ROCKWALL CLIMBING,na
XINMIN SECONDARY SCHOOL,SECONDARY (S1-S5),PHYSICAL SPORTS,SHOOTING,na
XINMIN SECONDARY SCHOOL,SECONDARY (S1-S5),CLUBS AND SOCIETIES,SINGAPORE YOUTH FLYING CLUB,na
XINMIN SECONDARY SCHOOL,SECONDARY (S1-S5),UNIFORMED GROUPS,ST JOHN BRIGADE,na
XINMIN SECONDARY SCHOOL,SECONDARY (S1-S5),CLUBS AND SOCIETIES,STUDENTS' COUNCIL,na
XINMIN SECONDARY SCHOOL,SECONDARY (S1-S5),PHYSICAL SPORTS,VOLLEYBALL,na
XISHAN PRIMARY SCHOOL,PRIMARY,CLUBS AND SOCIETIES,ART AND CRAFTS,na
XISHAN PRIMARY SCHOOL,PRIMARY,VISUAL AND PERFORMING ARTS,CHINESE DANCE,na
XISHAN PRIMARY SCHOOL,PRIMARY,VISUAL AND PERFORMING ARTS,CHOIR,na
XISHAN PRIMARY SCHOOL,PRIMARY,VISUAL AND PERFORMING ARTS,ENGLISH DRAMA,na
XISHAN PRIMARY SCHOOL,PRIMARY,CLUBS AND SOCIETIES,ENVIRONMENTAL SCIENCE,na
XISHAN PRIMARY SCHOOL,PRIMARY,PHYSICAL SPORTS,FLOORBALL,na
XISHAN PRIMARY SCHOOL,PRIMARY,VISUAL AND PERFORMING ARTS,GUZHENG ENSEMBLE,na
XISHAN PRIMARY SCHOOL,PRIMARY,PHYSICAL SPORTS,HOCKEY,na
XISHAN PRIMARY SCHOOL,PRIMARY,VISUAL AND PERFORMING ARTS,INDIAN DANCE,na
XISHAN PRIMARY SCHOOL,PRIMARY,CLUBS AND SOCIETIES,INFOCOMM TECHNOLOGY (MEDIA PRODUCTION),na
XISHAN PRIMARY SCHOOL,PRIMARY,VISUAL AND PERFORMING ARTS,MALAY DANCE,na
XISHAN PRIMARY SCHOOL,PRIMARY,PHYSICAL SPORTS,MODULAR CCA (SPORTS),SPORTS CLUB
XISHAN PRIMARY SCHOOL,PRIMARY,UNIFORMED GROUPS,RED CROSS YOUTH,na
XISHAN PRIMARY SCHOOL,PRIMARY,UNIFORMED GROUPS,SCOUTS,na
XISHAN PRIMARY SCHOOL,PRIMARY,CLUBS AND SOCIETIES,STRATEGY GAMES,na
XISHAN PRIMARY SCHOOL,PRIMARY,VISUAL AND PERFORMING ARTS,STRING ENSEMBLE,na
YANGZHENG PRIMARY SCHOOL,PRIMARY,CLUBS AND SOCIETIES,ART AND CRAFTS,na
YANGZHENG PRIMARY SCHOOL,PRIMARY,PHYSICAL SPORTS,BADMINTON,na
YANGZHENG PRIMARY SCHOOL,PRIMARY,PHYSICAL SPORTS,BASKETBALL,na
YANGZHENG PRIMARY SCHOOL,PRIMARY,VISUAL AND PERFORMING ARTS,CHINESE DANCE,na
YANGZHENG PRIMARY SCHOOL,PRIMARY,VISUAL AND PERFORMING ARTS,CONCERT BAND,na
YANGZHENG PRIMARY SCHOOL,PRIMARY,CLUBS AND SOCIETIES,DIGITAL MEDIA,na
YANGZHENG PRIMARY SCHOOL,PRIMARY,CLUBS AND SOCIETIES,ENVIRONMENTAL SCIENCE,GREEN CLUB
YANGZHENG PRIMARY SCHOOL,PRIMARY,PHYSICAL SPORTS,FOOTBALL,na
YANGZHENG PRIMARY SCHOOL,PRIMARY,UNIFORMED GROUPS,GIRL GUIDES (BROWNIES),na
YANGZHENG PRIMARY SCHOOL,PRIMARY,VISUAL AND PERFORMING ARTS,GUZHENG ENSEMBLE,na
YANGZHENG PRIMARY SCHOOL,PRIMARY,VISUAL AND PERFORMING ARTS,MODERN DANCE,na
YANGZHENG PRIMARY SCHOOL,PRIMARY,UNIFORMED GROUPS,SCOUTS,CUB SCOUTS
YANGZHENG PRIMARY SCHOOL,PRIMARY,PHYSICAL SPORTS,WUSHU,na
YEW TEE PRIMARY SCHOOL,PRIMARY,CLUBS AND SOCIETIES,ART AND CRAFTS,na
YEW TEE PRIMARY SCHOOL,PRIMARY,PHYSICAL SPORTS,BADMINTON,na
YEW TEE PRIMARY SCHOOL,PRIMARY,UNIFORMED GROUPS,BOYS' BRIGADE,na
YEW TEE PRIMARY SCHOOL,PRIMARY,VISUAL AND PERFORMING ARTS,CHOIR,na
YEW TEE PRIMARY SCHOOL,PRIMARY,CLUBS AND SOCIETIES,ENVIRONMENTAL SCIENCE,na
YEW TEE PRIMARY SCHOOL,PRIMARY,PHYSICAL SPORTS,FLOORBALL,na
YEW TEE PRIMARY SCHOOL,PRIMARY,PHYSICAL SPORTS,FOOTBALL,na
YEW TEE PRIMARY SCHOOL,PRIMARY,CLUBS AND SOCIETIES,INFOCOMM TECHNOLOGY (MEDIA PRODUCTION),na
YEW TEE PRIMARY SCHOOL,PRIMARY,CLUBS AND SOCIETIES,MEDIA RESOURCE LIBRARY,Language Club
YEW TEE PRIMARY SCHOOL,PRIMARY,VISUAL AND PERFORMING ARTS,MODERN DANCE,na
YEW TEE PRIMARY SCHOOL,PRIMARY,CLUBS AND SOCIETIES,MODULAR CCA (C&S),na
YEW TEE PRIMARY SCHOOL,PRIMARY,CLUBS AND SOCIETIES,ROBOTICS,na
YEW TEE PRIMARY SCHOOL,PRIMARY,PHYSICAL SPORTS,ROCKWALL CLIMBING,na
YEW TEE PRIMARY SCHOOL,PRIMARY,CLUBS AND SOCIETIES,STRATEGY GAMES,na
YEW TEE PRIMARY SCHOOL,PRIMARY,PHYSICAL SPORTS,WUSHU,na
YIO CHU KANG PRIMARY SCHOOL,PRIMARY,VISUAL AND PERFORMING ARTS,ANGKLUNG/KULINTANG ENSEMBLE,na
YIO CHU KANG PRIMARY SCHOOL,PRIMARY,CLUBS AND SOCIETIES,ART AND CRAFTS,na
YIO CHU KANG PRIMARY SCHOOL,PRIMARY,PHYSICAL SPORTS,BASKETBALL,na
YIO CHU KANG PRIMARY SCHOOL,PRIMARY,VISUAL AND PERFORMING ARTS,CHINESE DANCE,na
YIO CHU KANG PRIMARY SCHOOL,PRIMARY,VISUAL AND PERFORMING ARTS,CHOIR,na
YIO CHU KANG PRIMARY SCHOOL,PRIMARY,PHYSICAL SPORTS,FOOTBALL,na
YIO CHU KANG PRIMARY SCHOOL,PRIMARY,UNIFORMED GROUPS,GIRL GUIDES (BROWNIES),na
YIO CHU KANG PRIMARY SCHOOL,PRIMARY,VISUAL AND PERFORMING ARTS,HANDBELL ENSEMBLE,na
YIO CHU KANG PRIMARY SCHOOL,PRIMARY,VISUAL AND PERFORMING ARTS,INDIAN DANCE,na
YIO CHU KANG PRIMARY SCHOOL,PRIMARY,CLUBS AND SOCIETIES,INFOCOMM TECHNOLOGY (COMPUTING),na
YIO CHU KANG PRIMARY SCHOOL,PRIMARY,VISUAL AND PERFORMING ARTS,MALAY DANCE,na
YIO CHU KANG PRIMARY SCHOOL,PRIMARY,VISUAL AND PERFORMING ARTS,MODULAR CCA (VPA),na
YIO CHU KANG PRIMARY SCHOOL,PRIMARY,UNIFORMED GROUPS,SCOUTS,na
YIO CHU KANG PRIMARY SCHOOL,PRIMARY,OTHERS,STUDENT LEADERSHIP (PREFECT),na
YIO CHU KANG PRIMARY SCHOOL,PRIMARY,PHYSICAL SPORTS,TRACK AND FIELD,na
YIO CHU KANG PRIMARY SCHOOL,PRIMARY,PHYSICAL SPORTS,VOLLEYBALL,na
YIO CHU KANG SECONDARY SCHOOL,SECONDARY (S1-S5),PHYSICAL SPORTS,BADMINTON,na
YIO CHU KANG SECONDARY SCHOOL,SECONDARY (S1-S5),PHYSICAL SPORTS,BASKETBALL,na
YIO CHU KANG SECONDARY SCHOOL,SECONDARY (S1-S5),VISUAL AND PERFORMING ARTS,CHINESE DANCE,na
YIO CHU KANG SECONDARY SCHOOL,SECONDARY (S1-S5),VISUAL AND PERFORMING ARTS,CHOIR,na
YIO CHU KANG SECONDARY SCHOOL,SECONDARY (S1-S5),VISUAL AND PERFORMING ARTS,CONCERT BAND,na
YIO CHU KANG SECONDARY SCHOOL,SECONDARY (S1-S5),VISUAL AND PERFORMING ARTS,ENGLISH DRAMA,na
YIO CHU KANG SECONDARY SCHOOL,SECONDARY (S1-S5),PHYSICAL SPORTS,FLOORBALL,na
YIO CHU KANG SECONDARY SCHOOL,SECONDARY (S1-S5),VISUAL AND PERFORMING ARTS,INDIAN DANCE,na
YIO CHU KANG SECONDARY SCHOOL,SECONDARY (S1-S5),CLUBS AND SOCIETIES,INFOCOMM TECHNOLOGY (COMPUTING),DIGITAL ANIMATION CLUB
YIO CHU KANG SECONDARY SCHOOL,SECONDARY (S1-S5),CLUBS AND SOCIETIES,INFOCOMM TECHNOLOGY (MEDIA PRODUCTION),MEDIA CLUB
YIO CHU KANG SECONDARY SCHOOL,SECONDARY (S1-S5),VISUAL AND PERFORMING ARTS,MALAY DANCE,na
YIO CHU KANG SECONDARY SCHOOL,SECONDARY (S1-S5),UNIFORMED GROUPS,NATIONAL POLICE CADET CORPS,na
YIO CHU KANG SECONDARY SCHOOL,SECONDARY (S1-S5),PHYSICAL SPORTS,NETBALL,na
YIO CHU KANG SECONDARY SCHOOL,SECONDARY (S1-S5),UNIFORMED GROUPS,RED CROSS YOUTH,na
YIO CHU KANG SECONDARY SCHOOL,SECONDARY (S1-S5),CLUBS AND SOCIETIES,ROBOTICS,"MECHATRONICS, AERONAUTICS & ROBOTICS CLUB"
YISHUN INNOVA JUNIOR COLLEGE,JUNIOR COLLEGE,CLUBS AND SOCIETIES,ART AND CRAFTS,ART CLUB
YISHUN INNOVA JUNIOR COLLEGE,JUNIOR COLLEGE,PHYSICAL SPORTS,BADMINTON,na
YISHUN INNOVA JUNIOR COLLEGE,JUNIOR COLLEGE,PHYSICAL SPORTS,BASKETBALL,na
YISHUN INNOVA JUNIOR COLLEGE,JUNIOR COLLEGE,VISUAL AND PERFORMING ARTS,CHINESE ORCHESTRA,CHINESE ORCHESTRA
YISHUN INNOVA JUNIOR COLLEGE,JUNIOR COLLEGE,VISUAL AND PERFORMING ARTS,CHOIR,CHORALE
YISHUN INNOVA JUNIOR COLLEGE,JUNIOR COLLEGE,CLUBS AND SOCIETIES,COMMUNITY SERVICE (ROTARY-SPONSORED),INTERACT CLUB
YISHUN INNOVA JUNIOR COLLEGE,JUNIOR COLLEGE,VISUAL AND PERFORMING ARTS,CONCERT BAND,SYMPHONIC BAND
YISHUN INNOVA JUNIOR COLLEGE,JUNIOR COLLEGE,VISUAL AND PERFORMING ARTS,ENGLISH DRAMA,na
YISHUN INNOVA JUNIOR COLLEGE,JUNIOR COLLEGE,CLUBS AND SOCIETIES,"ENGLISH LANGUAGE, DRAMA AND DEBATING",ENGLISH DEBATE SOCIETY
YISHUN INNOVA JUNIOR COLLEGE,JUNIOR COLLEGE,PHYSICAL SPORTS,FLOORBALL,na
YISHUN INNOVA JUNIOR COLLEGE,JUNIOR COLLEGE,PHYSICAL SPORTS,FOOTBALL,na
YISHUN INNOVA JUNIOR COLLEGE,JUNIOR COLLEGE,PHYSICAL SPORTS,FRISBEE,ULTIMATE FRISBEE
YISHUN INNOVA JUNIOR COLLEGE,JUNIOR COLLEGE,CLUBS AND SOCIETIES,INFOCOMM TECHNOLOGY (COMPUTING),MAKERS' ACADEMY
YISHUN INNOVA JUNIOR COLLEGE,JUNIOR COLLEGE,VISUAL AND PERFORMING ARTS,MODERN DANCE,DANCE
YISHUN INNOVA JUNIOR COLLEGE,JUNIOR COLLEGE,CLUBS AND SOCIETIES,MODULAR CCA (C&S),TALENT DEVELOPMENT
YISHUN INNOVA JUNIOR COLLEGE,JUNIOR COLLEGE,PHYSICAL SPORTS,MODULAR CCA (SPORTS),MODULAR SPORTS
YISHUN INNOVA JUNIOR COLLEGE,JUNIOR COLLEGE,PHYSICAL SPORTS,NETBALL,na
YISHUN INNOVA JUNIOR COLLEGE,JUNIOR COLLEGE,PHYSICAL SPORTS,OUTDOOR ADVENTURE,OUTDOOR ADVENTURE CLUB
YISHUN INNOVA JUNIOR COLLEGE,JUNIOR COLLEGE,VISUAL AND PERFORMING ARTS,POP AND JAZZ,MUSICIANS' CLUB
YISHUN INNOVA JUNIOR COLLEGE,JUNIOR COLLEGE,CLUBS AND SOCIETIES,STRATEGY GAMES,STRATEGY CLUB
YISHUN INNOVA JUNIOR COLLEGE,JUNIOR COLLEGE,OTHERS,STUDENT LEADERSHIP (COUNCIL),na
YISHUN INNOVA JUNIOR COLLEGE,JUNIOR COLLEGE,OTHERS,STUDENT LEADERSHIP (PEER SUPPORT),CLASS LEADERS COUNCIL
YISHUN INNOVA JUNIOR COLLEGE,JUNIOR COLLEGE,PHYSICAL SPORTS,TENNIS,na
YISHUN INNOVA JUNIOR COLLEGE,JUNIOR COLLEGE,PHYSICAL SPORTS,TRACK AND FIELD,na
YISHUN INNOVA JUNIOR COLLEGE,JUNIOR COLLEGE,PHYSICAL SPORTS,VOLLEYBALL,na
YISHUN PRIMARY SCHOOL,PRIMARY,CLUBS AND SOCIETIES,ART AND CRAFTS,na
YISHUN PRIMARY SCHOOL,PRIMARY,PHYSICAL SPORTS,BASKETBALL,na
YISHUN PRIMARY SCHOOL,PRIMARY,VISUAL AND PERFORMING ARTS,CHINESE DANCE,na
YISHUN PRIMARY SCHOOL,PRIMARY,VISUAL AND PERFORMING ARTS,CONCERT BAND,na
YISHUN PRIMARY SCHOOL,PRIMARY,CLUBS AND SOCIETIES,"ENGLISH LANGUAGE, DRAMA AND DEBATING",na
YISHUN PRIMARY SCHOOL,PRIMARY,CLUBS AND SOCIETIES,ENVIRONMENTAL SCIENCE,na
YISHUN PRIMARY SCHOOL,PRIMARY,PHYSICAL SPORTS,FLOORBALL,FLOORBALL
YISHUN PRIMARY SCHOOL,PRIMARY,PHYSICAL SPORTS,FOOTBALL,na
YISHUN PRIMARY SCHOOL,PRIMARY,VISUAL AND PERFORMING ARTS,INDIAN DANCE,na
YISHUN PRIMARY SCHOOL,PRIMARY,CLUBS AND SOCIETIES,INFOCOMM TECHNOLOGY (COMPUTING),na
YISHUN PRIMARY SCHOOL,PRIMARY,CLUBS AND SOCIETIES,INTERNATIONAL CHESS,na
YISHUN PRIMARY SCHOOL,PRIMARY,VISUAL AND PERFORMING ARTS,MALAY DANCE,na
YISHUN PRIMARY SCHOOL,PRIMARY,VISUAL AND PERFORMING ARTS,MODERN DANCE,na
YISHUN PRIMARY SCHOOL,PRIMARY,UNIFORMED GROUPS,SCOUTS,na
YISHUN PRIMARY SCHOOL,PRIMARY,OTHERS,STUDENT LEADERSHIP (PREFECT),na
YISHUN SECONDARY SCHOOL,SECONDARY (S1-S5),PHYSICAL SPORTS,BADMINTON,na
YISHUN SECONDARY SCHOOL,SECONDARY (S1-S5),PHYSICAL SPORTS,BASKETBALL,na
YISHUN SECONDARY SCHOOL,SECONDARY (S1-S5),UNIFORMED GROUPS,BOYS' BRIGADE,na
YISHUN SECONDARY SCHOOL,SECONDARY (S1-S5),VISUAL AND PERFORMING ARTS,CHOIR,na
YISHUN SECONDARY SCHOOL,SECONDARY (S1-S5),VISUAL AND PERFORMING ARTS,CONCERT BAND,na
YISHUN SECONDARY SCHOOL,SECONDARY (S1-S5),PHYSICAL SPORTS,CROSS COUNTRY,na
YISHUN SECONDARY SCHOOL,SECONDARY (S1-S5),VISUAL AND PERFORMING ARTS,ENGLISH DRAMA,D'LITE (ENGLISH DRAMA)
YISHUN SECONDARY SCHOOL,SECONDARY (S1-S5),PHYSICAL SPORTS,FOOTBALL,na
YISHUN SECONDARY SCHOOL,SECONDARY (S1-S5),UNIFORMED GROUPS,GIRL GUIDES,na
YISHUN SECONDARY SCHOOL,SECONDARY (S1-S5),VISUAL AND PERFORMING ARTS,GUZHENG ENSEMBLE,na
YISHUN SECONDARY SCHOOL,SECONDARY (S1-S5),VISUAL AND PERFORMING ARTS,INDIAN DANCE,na
YISHUN SECONDARY SCHOOL,SECONDARY (S1-S5),CLUBS AND SOCIETIES,INFOCOMM TECHNOLOGY (MEDIA PRODUCTION),na
YISHUN SECONDARY SCHOOL,SECONDARY (S1-S5),VISUAL AND PERFORMING ARTS,MALAY DANCE,na
YISHUN SECONDARY SCHOOL,SECONDARY (S1-S5),VISUAL AND PERFORMING ARTS,MODERN DANCE,na
YISHUN SECONDARY SCHOOL,SECONDARY (S1-S5),CLUBS AND SOCIETIES,MODULAR CCA (C&S),YE@H
YISHUN SECONDARY SCHOOL,SECONDARY (S1-S5),UNIFORMED GROUPS,NATIONAL CADET CORPS (LAND),na
YISHUN SECONDARY SCHOOL,SECONDARY (S1-S5),UNIFORMED GROUPS,NATIONAL CIVIL DEFENCE CADET CORPS,na
YISHUN SECONDARY SCHOOL,SECONDARY (S1-S5),UNIFORMED GROUPS,NATIONAL POLICE CADET CORPS,na
YISHUN SECONDARY SCHOOL,SECONDARY (S1-S5),PHYSICAL SPORTS,NETBALL,na
YISHUN SECONDARY SCHOOL,SECONDARY (S1-S5),CLUBS AND SOCIETIES,ROBOTICS,na
YISHUN SECONDARY SCHOOL,SECONDARY (S1-S5),OTHERS,STUDENT LEADERSHIP (PREFECT),na
YISHUN SECONDARY SCHOOL,SECONDARY (S1-S5),PHYSICAL SPORTS,VOLLEYBALL,na
YISHUN SECONDARY SCHOOL,SECONDARY (S1-S5),PHYSICAL SPORTS,WUSHU,na
YISHUN TOWN SECONDARY SCHOOL,SECONDARY (S1-S5),CLUBS AND SOCIETIES,ART AND CRAFTS,na
YISHUN TOWN SECONDARY SCHOOL,SECONDARY (S1-S5),PHYSICAL SPORTS,BASKETBALL,na
YISHUN TOWN SECONDARY SCHOOL,SECONDARY (S1-S5),PHYSICAL SPORTS,BOWLING,na
YISHUN TOWN SECONDARY SCHOOL,SECONDARY (S1-S5),UNIFORMED GROUPS,BOYS' BRIGADE,na
YISHUN TOWN SECONDARY SCHOOL,SECONDARY (S1-S5),VISUAL AND PERFORMING ARTS,CHINESE DANCE,na
YISHUN TOWN SECONDARY SCHOOL,SECONDARY (S1-S5),VISUAL AND PERFORMING ARTS,CHOIR,na
YISHUN TOWN SECONDARY SCHOOL,SECONDARY (S1-S5),VISUAL AND PERFORMING ARTS,CONCERT BAND,na
YISHUN TOWN SECONDARY SCHOOL,SECONDARY (S1-S5),VISUAL AND PERFORMING ARTS,ENGLISH DRAMA,na
YISHUN TOWN SECONDARY SCHOOL,SECONDARY (S1-S5),CLUBS AND SOCIETIES,ENVIRONMENTAL SCIENCE,na
YISHUN TOWN SECONDARY SCHOOL,SECONDARY (S1-S5),PHYSICAL SPORTS,FOOTBALL,na
YISHUN TOWN SECONDARY SCHOOL,SECONDARY (S1-S5),UNIFORMED GROUPS,GIRL GUIDES,na
YISHUN TOWN SECONDARY SCHOOL,SECONDARY (S1-S5),CLUBS AND SOCIETIES,INFOCOMM TECHNOLOGY (COMPUTING),na
YISHUN TOWN SECONDARY SCHOOL,SECONDARY (S1-S5),CLUBS AND SOCIETIES,INTERNATIONAL CHESS,na
YISHUN TOWN SECONDARY SCHOOL,SECONDARY (S1-S5),UNIFORMED GROUPS,NATIONAL CIVIL DEFENCE CADET CORPS,na
YISHUN TOWN SECONDARY SCHOOL,SECONDARY (S1-S5),UNIFORMED GROUPS,NATIONAL POLICE CADET CORPS,na
YISHUN TOWN SECONDARY SCHOOL,SECONDARY (S1-S5),CLUBS AND SOCIETIES,PHOTOGRAPHY,na
YISHUN TOWN SECONDARY SCHOOL,SECONDARY (S1-S5),PHYSICAL SPORTS,SHOOTING,na
YISHUN TOWN SECONDARY SCHOOL,SECONDARY (S1-S5),CLUBS AND SOCIETIES,SINGAPORE YOUTH FLYING CLUB,na
YISHUN TOWN SECONDARY SCHOOL,SECONDARY (S1-S5),PHYSICAL SPORTS,SP-CCA (ATHLETICS),na
YISHUN TOWN SECONDARY SCHOOL,SECONDARY (S1-S5),PHYSICAL SPORTS,SWIMMING,na
YISHUN TOWN SECONDARY SCHOOL,SECONDARY (S1-S5),PHYSICAL SPORTS,TABLE TENNIS,na
YISHUN TOWN SECONDARY SCHOOL,SECONDARY (S1-S5),PHYSICAL SPORTS,VOLLEYBALL,na
YISHUN TOWN SECONDARY SCHOOL,SECONDARY (S1-S5),PHYSICAL SPORTS,WUSHU,na
YU NENG PRIMARY SCHOOL,PRIMARY,CLUBS AND SOCIETIES,ART AND CRAFTS,na
YU NENG PRIMARY SCHOOL,PRIMARY,PHYSICAL SPORTS,BADMINTON,na
YU NENG PRIMARY SCHOOL,PRIMARY,CLUBS AND SOCIETIES,BROADCASTING,na
YU NENG PRIMARY SCHOOL,PRIMARY,VISUAL AND PERFORMING ARTS,CHINESE ORCHESTRA,na
YU NENG PRIMARY SCHOOL,PRIMARY,VISUAL AND PERFORMING ARTS,CHOIR,na
YU NENG PRIMARY SCHOOL,PRIMARY,PHYSICAL SPORTS,FLOORBALL,na
YU NENG PRIMARY SCHOOL,PRIMARY,CLUBS AND SOCIETIES,INFOCOMM TECHNOLOGY (COMPUTING),na
YU NENG PRIMARY SCHOOL,PRIMARY,VISUAL AND PERFORMING ARTS,MALAY DANCE,na
YU NENG PRIMARY SCHOOL,PRIMARY,CLUBS AND SOCIETIES,MATHEMATICS,na
YU NENG PRIMARY SCHOOL,PRIMARY,VISUAL AND PERFORMING ARTS,MODERN DANCE,na
YU NENG PRIMARY SCHOOL,PRIMARY,CLUBS AND SOCIETIES,PHYSICAL SCIENCE,na
YU NENG PRIMARY SCHOOL,PRIMARY,UNIFORMED GROUPS,SCOUTS,na
YU NENG PRIMARY SCHOOL,PRIMARY,OTHERS,STUDENT LEADERSHIP (HOUSE),na
YU NENG PRIMARY SCHOOL,PRIMARY,OTHERS,STUDENT LEADERSHIP (PREFECT),na
YU NENG PRIMARY SCHOOL,PRIMARY,PHYSICAL SPORTS,TABLE TENNIS,na
YU NENG PRIMARY SCHOOL,PRIMARY,PHYSICAL SPORTS,VOLLEYBALL,na
YUAN CHING SECONDARY SCHOOL,SECONDARY (S1-S5),CLUBS AND SOCIETIES,ART AND CRAFTS,na
YUAN CHING SECONDARY SCHOOL,SECONDARY (S1-S5),PHYSICAL SPORTS,BASKETBALL,na
YUAN CHING SECONDARY SCHOOL,SECONDARY (S1-S5),VISUAL AND PERFORMING ARTS,CHINESE DANCE,na
YUAN CHING SECONDARY SCHOOL,SECONDARY (S1-S5),VISUAL AND PERFORMING ARTS,CONCERT BAND,na
YUAN CHING SECONDARY SCHOOL,SECONDARY (S1-S5),PHYSICAL SPORTS,CROSS COUNTRY,na
YUAN CHING SECONDARY SCHOOL,SECONDARY (S1-S5),PHYSICAL SPORTS,DRAGON BOAT,na
YUAN CHING SECONDARY SCHOOL,SECONDARY (S1-S5),VISUAL AND PERFORMING ARTS,ENGLISH DRAMA,na
YUAN CHING SECONDARY SCHOOL,SECONDARY (S1-S5),CLUBS AND SOCIETIES,ENVIRONMENTAL SCIENCE,na
YUAN CHING SECONDARY SCHOOL,SECONDARY (S1-S5),PHYSICAL SPORTS,FOOTBALL,na
YUAN CHING SECONDARY SCHOOL,SECONDARY (S1-S5),VISUAL AND PERFORMING ARTS,GUZHENG ENSEMBLE,na
YUAN CHING SECONDARY SCHOOL,SECONDARY (S1-S5),PHYSICAL SPORTS,HEALTH AND FITNESS,na
YUAN CHING SECONDARY SCHOOL,SECONDARY (S1-S5),VISUAL AND PERFORMING ARTS,INDIAN DANCE,na
YUAN CHING SECONDARY SCHOOL,SECONDARY (S1-S5),CLUBS AND SOCIETIES,INFOCOMM TECHNOLOGY (MEDIA PRODUCTION),na
YUAN CHING SECONDARY SCHOOL,SECONDARY (S1-S5),CLUBS AND SOCIETIES,LION AND DRAGON DANCE,na
YUAN CHING SECONDARY SCHOOL,SECONDARY (S1-S5),VISUAL AND PERFORMING ARTS,MALAY DANCE,na
YUAN CHING SECONDARY SCHOOL,SECONDARY (S1-S5),CLUBS AND SOCIETIES,MEDIA RESOURCE LIBRARY,na
YUAN CHING SECONDARY SCHOOL,SECONDARY (S1-S5),PHYSICAL SPORTS,MODULAR CCA (SPORTS),na
YUAN CHING SECONDARY SCHOOL,SECONDARY (S1-S5),UNIFORMED GROUPS,NATIONAL CIVIL DEFENCE CADET CORPS,na
YUAN CHING SECONDARY SCHOOL,SECONDARY (S1-S5),UNIFORMED GROUPS,NATIONAL POLICE CADET CORPS,na
YUAN CHING SECONDARY SCHOOL,SECONDARY (S1-S5),PHYSICAL SPORTS,NETBALL,na
YUAN CHING SECONDARY SCHOOL,SECONDARY (S1-S5),CLUBS AND SOCIETIES,ROBOTICS,na
YUAN CHING SECONDARY SCHOOL,SECONDARY (S1-S5),UNIFORMED GROUPS,SCOUTS,na
YUAN CHING SECONDARY SCHOOL,SECONDARY (S1-S5),PHYSICAL SPORTS,SP-CCA (ATHLETICS),na
YUAN CHING SECONDARY SCHOOL,SECONDARY (S1-S5),PHYSICAL SPORTS,SP-CCA (CANOEING),na
YUAN CHING SECONDARY SCHOOL,SECONDARY (S1-S5),PHYSICAL SPORTS,SP-CCA (WATER POLO),na
YUAN CHING SECONDARY SCHOOL,SECONDARY (S1-S5),CLUBS AND SOCIETIES,STUDENTS' COUNCIL,na
YUHUA PRIMARY SCHOOL,PRIMARY,VISUAL AND PERFORMING ARTS,ANGKLUNG/KULINTANG ENSEMBLE,na
YUHUA PRIMARY SCHOOL,PRIMARY,CLUBS AND SOCIETIES,ART AND CRAFTS,na
YUHUA PRIMARY SCHOOL,PRIMARY,PHYSICAL SPORTS,BADMINTON,na
YUHUA PRIMARY SCHOOL,PRIMARY,PHYSICAL SPORTS,BASKETBALL,na
YUHUA PRIMARY SCHOOL,PRIMARY,VISUAL AND PERFORMING ARTS,BRASS BAND,na
YUHUA PRIMARY SCHOOL,PRIMARY,VISUAL AND PERFORMING ARTS,CHINESE DANCE,na
YUHUA PRIMARY SCHOOL,PRIMARY,VISUAL AND PERFORMING ARTS,CHOIR,na
YUHUA PRIMARY SCHOOL,PRIMARY,VISUAL AND PERFORMING ARTS,CULTURAL DANCE,na
YUHUA PRIMARY SCHOOL,PRIMARY,CLUBS AND SOCIETIES,DEBATING AND PUBLIC SPEAKING,na
YUHUA PRIMARY SCHOOL,PRIMARY,CLUBS AND SOCIETIES,ENVIRONMENTAL SCIENCE,na
YUHUA PRIMARY SCHOOL,PRIMARY,PHYSICAL SPORTS,FOOTBALL,na
YUHUA PRIMARY SCHOOL,PRIMARY,VISUAL AND PERFORMING ARTS,INDIAN DANCE,na
YUHUA PRIMARY SCHOOL,PRIMARY,CLUBS AND SOCIETIES,INFOCOMM TECHNOLOGY (MEDIA PRODUCTION),na
YUHUA PRIMARY SCHOOL,PRIMARY,VISUAL AND PERFORMING ARTS,MALAY DANCE,na
YUHUA PRIMARY SCHOOL,PRIMARY,PHYSICAL SPORTS,NETBALL,na
YUHUA PRIMARY SCHOOL,PRIMARY,UNIFORMED GROUPS,SCOUTS,na
YUHUA PRIMARY SCHOOL,PRIMARY,PHYSICAL SPORTS,SEPAKTAKRAW,na
YUHUA PRIMARY SCHOOL,PRIMARY,PHYSICAL SPORTS,TRACK AND FIELD,na
YUHUA PRIMARY SCHOOL,PRIMARY,PHYSICAL SPORTS,VOLLEYBALL,na
YUHUA SECONDARY SCHOOL,SECONDARY (S1-S5),UNIFORMED GROUPS,BOYS' BRIGADE,na
YUHUA SECONDARY SCHOOL,SECONDARY (S1-S5),PHYSICAL SPORTS,CANOEING,na
YUHUA SECONDARY SCHOOL,SECONDARY (S1-S5),VISUAL AND PERFORMING ARTS,CHOIR,na
YUHUA SECONDARY SCHOOL,SECONDARY (S1-S5),VISUAL AND PERFORMING ARTS,CONCERT BAND,na
YUHUA SECONDARY SCHOOL,SECONDARY (S1-S5),VISUAL AND PERFORMING ARTS,ENGLISH DRAMA,na
YUHUA SECONDARY SCHOOL,SECONDARY (S1-S5),PHYSICAL SPORTS,FLOORBALL,na
YUHUA SECONDARY SCHOOL,SECONDARY (S1-S5),PHYSICAL SPORTS,FOOTBALL,na
YUHUA SECONDARY SCHOOL,SECONDARY (S1-S5),VISUAL AND PERFORMING ARTS,HARMONICA ENSEMBLE,na
YUHUA SECONDARY SCHOOL,SECONDARY (S1-S5),CLUBS AND SOCIETIES,INFOCOMM TECHNOLOGY (MEDIA PRODUCTION),na
YUHUA SECONDARY SCHOOL,SECONDARY (S1-S5),CLUBS AND SOCIETIES,MEDIA RESOURCE LIBRARY,na
YUHUA SECONDARY SCHOOL,SECONDARY (S1-S5),VISUAL AND PERFORMING ARTS,MODERN DANCE,na
YUHUA SECONDARY SCHOOL,SECONDARY (S1-S5),UNIFORMED GROUPS,NATIONAL CADET CORPS (LAND),na
YUHUA SECONDARY SCHOOL,SECONDARY (S1-S5),UNIFORMED GROUPS,NATIONAL CIVIL DEFENCE CADET CORPS,na
YUHUA SECONDARY SCHOOL,SECONDARY (S1-S5),UNIFORMED GROUPS,NATIONAL POLICE CADET CORPS,na
YUHUA SECONDARY SCHOOL,SECONDARY (S1-S5),CLUBS AND SOCIETIES,ROBOTICS,TINKERING & ROBOTICS
YUHUA SECONDARY SCHOOL,SECONDARY (S1-S5),PHYSICAL SPORTS,SP-CCA (ATHLETICS),na
YUHUA SECONDARY SCHOOL,SECONDARY (S1-S5),OTHERS,STUDENT LEADERSHIP (COUNCIL),na
YUHUA SECONDARY SCHOOL,SECONDARY (S1-S5),OTHERS,STUDENT LEADERSHIP (PEER SUPPORT),na
YUHUA SECONDARY SCHOOL,SECONDARY (S1-S5),PHYSICAL SPORTS,TCHOUKBALL,na
YUHUA SECONDARY SCHOOL,SECONDARY (S1-S5),PHYSICAL SPORTS,VOLLEYBALL,na
YUHUA SECONDARY SCHOOL,SECONDARY (S1-S5),PHYSICAL SPORTS,WUSHU,na
YUMIN PRIMARY SCHOOL,PRIMARY,CLUBS AND SOCIETIES,ART AND CRAFTS,ART CLUB
YUMIN PRIMARY SCHOOL,PRIMARY,VISUAL AND PERFORMING ARTS,CHOIR,CHOIR
YUMIN PRIMARY SCHOOL,PRIMARY,CLUBS AND SOCIETIES,ENVIRONMENTAL SCIENCE,ENVIRONMENT CLUB
YUMIN PRIMARY SCHOOL,PRIMARY,PHYSICAL SPORTS,FOOTBALL,FOOTBALL
YUMIN PRIMARY SCHOOL,PRIMARY,VISUAL AND PERFORMING ARTS,GUZHENG ENSEMBLE,GUZHENG ENSEMBLE
YUMIN PRIMARY SCHOOL,PRIMARY,CLUBS AND SOCIETIES,INFOCOMM TECHNOLOGY (MEDIA PRODUCTION),INFOCOMM CLUB
YUMIN PRIMARY SCHOOL,PRIMARY,VISUAL AND PERFORMING ARTS,MODERN DANCE,CREATIVE DANCE AND MOVEMENT
YUMIN PRIMARY SCHOOL,PRIMARY,PHYSICAL SPORTS,NETBALL,na
YUMIN PRIMARY SCHOOL,PRIMARY,UNIFORMED GROUPS,RED CROSS YOUTH,RED CROSS
YUMIN PRIMARY SCHOOL,PRIMARY,UNIFORMED GROUPS,SCOUTS,na
YUMIN PRIMARY SCHOOL,PRIMARY,VISUAL AND PERFORMING ARTS,STRING ENSEMBLE,STRING ENSEMBLE
YUMIN PRIMARY SCHOOL,PRIMARY,PHYSICAL SPORTS,VOLLEYBALL,na
YUSOF ISHAK SECONDARY SCHOOL,SECONDARY (S1-S5),CLUBS AND SOCIETIES,ART AND CRAFTS,ART CLUB
YUSOF ISHAK SECONDARY SCHOOL,SECONDARY (S1-S5),PHYSICAL SPORTS,BADMINTON,na
YUSOF ISHAK SECONDARY SCHOOL,SECONDARY (S1-S5),PHYSICAL SPORTS,BASKETBALL,na
YUSOF ISHAK SECONDARY SCHOOL,SECONDARY (S1-S5),UNIFORMED GROUPS,BOYS' BRIGADE,na
YUSOF ISHAK SECONDARY SCHOOL,SECONDARY (S1-S5),VISUAL AND PERFORMING ARTS,CHINESE ORCHESTRA,na
YUSOF ISHAK SECONDARY SCHOOL,SECONDARY (S1-S5),VISUAL AND PERFORMING ARTS,CHOIR,na
YUSOF ISHAK SECONDARY SCHOOL,SECONDARY (S1-S5),VISUAL AND PERFORMING ARTS,CONCERT BAND,na
YUSOF ISHAK SECONDARY SCHOOL,SECONDARY (S1-S5),VISUAL AND PERFORMING ARTS,ENGLISH DRAMA,na
YUSOF ISHAK SECONDARY SCHOOL,SECONDARY (S1-S5),CLUBS AND SOCIETIES,"ENGLISH LANGUAGE, DRAMA AND DEBATING",ENGLISH LANGUAGE DRAMA
YUSOF ISHAK SECONDARY SCHOOL,SECONDARY (S1-S5),CLUBS AND SOCIETIES,ENVIRONMENTAL SCIENCE,STEM CLUB
YUSOF ISHAK SECONDARY SCHOOL,SECONDARY (S1-S5),PHYSICAL SPORTS,FENCING,na
YUSOF ISHAK SECONDARY SCHOOL,SECONDARY (S1-S5),UNIFORMED GROUPS,GIRLS' BRIGADE,na
YUSOF ISHAK SECONDARY SCHOOL,SECONDARY (S1-S5),CLUBS AND SOCIETIES,INFOCOMM TECHNOLOGY (MEDIA PRODUCTION),na
YUSOF ISHAK SECONDARY SCHOOL,SECONDARY (S1-S5),VISUAL AND PERFORMING ARTS,MODERN DANCE,na
YUSOF ISHAK SECONDARY SCHOOL,SECONDARY (S1-S5),UNIFORMED GROUPS,NATIONAL CADET CORPS (LAND),na
YUSOF ISHAK SECONDARY SCHOOL,SECONDARY (S1-S5),UNIFORMED GROUPS,NATIONAL POLICE CADET CORPS,na
YUSOF ISHAK SECONDARY SCHOOL,SECONDARY (S1-S5),CLUBS AND SOCIETIES,ROBOTICS,na
YUSOF ISHAK SECONDARY SCHOOL,SECONDARY (S1-S5),CLUBS AND SOCIETIES,SINGAPORE YOUTH FLYING CLUB,na
YUSOF ISHAK SECONDARY SCHOOL,SECONDARY (S1-S5),PHYSICAL SPORTS,SOFTBALL,na
YUSOF ISHAK SECONDARY SCHOOL,SECONDARY (S1-S5),PHYSICAL SPORTS,SP-CCA (ATHLETICS),na
YUSOF ISHAK SECONDARY SCHOOL,SECONDARY (S1-S5),OTHERS,STUDENT LEADERSHIP (COUNCIL),na
YUSOF ISHAK SECONDARY SCHOOL,SECONDARY (S1-S5),OTHERS,STUDENT LEADERSHIP (HOUSE),na
YUSOF ISHAK SECONDARY SCHOOL,SECONDARY (S1-S5),OTHERS,STUDENT LEADERSHIP (PEER SUPPORT),na
YUSOF ISHAK SECONDARY SCHOOL,SECONDARY (S1-S5),PHYSICAL SPORTS,TABLE TENNIS,na
YUSOF ISHAK SECONDARY SCHOOL,SECONDARY (S1-S5),PHYSICAL SPORTS,WUSHU,na
YUYING SECONDARY SCHOOL,SECONDARY (S1-S5),PHYSICAL SPORTS,BADMINTON,na
YUYING SECONDARY SCHOOL,SECONDARY (S1-S5),PHYSICAL SPORTS,BASKETBALL,na
YUYING SECONDARY SCHOOL,SECONDARY (S1-S5),UNIFORMED GROUPS,BOYS' BRIGADE,na
YUYING SECONDARY SCHOOL,SECONDARY (S1-S5),PHYSICAL SPORTS,CANOEING,SP-CCA CANOEING
YUYING SECONDARY SCHOOL,SECONDARY (S1-S5),VISUAL AND PERFORMING ARTS,CHINESE DANCE,na
YUYING SECONDARY SCHOOL,SECONDARY (S1-S5),VISUAL AND PERFORMING ARTS,CHINESE DRUMS,na
YUYING SECONDARY SCHOOL,SECONDARY (S1-S5),VISUAL AND PERFORMING ARTS,CONCERT BAND,na
YUYING SECONDARY SCHOOL,SECONDARY (S1-S5),CLUBS AND SOCIETIES,DESIGN AND INNOVATION,na
YUYING SECONDARY SCHOOL,SECONDARY (S1-S5),CLUBS AND SOCIETIES,"ENGLISH LANGUAGE, DRAMA AND DEBATING",DRAMA CLUB
YUYING SECONDARY SCHOOL,SECONDARY (S1-S5),CLUBS AND SOCIETIES,ENVIRONMENTAL SCIENCE,ECO-EAGLES
YUYING SECONDARY SCHOOL,SECONDARY (S1-S5),UNIFORMED GROUPS,GIRLS' BRIGADE,na
YUYING SECONDARY SCHOOL,SECONDARY (S1-S5),VISUAL AND PERFORMING ARTS,GUITAR ENSEMBLE,na
YUYING SECONDARY SCHOOL,SECONDARY (S1-S5),VISUAL AND PERFORMING ARTS,GUZHENG ENSEMBLE,na
YUYING SECONDARY SCHOOL,SECONDARY (S1-S5),CLUBS AND SOCIETIES,INFOCOMM TECHNOLOGY (MEDIA PRODUCTION),INNOTECH CLUB
YUYING SECONDARY SCHOOL,SECONDARY (S1-S5),VISUAL AND PERFORMING ARTS,MALAY DANCE,na
YUYING SECONDARY SCHOOL,SECONDARY (S1-S5),UNIFORMED GROUPS,NATIONAL CADET CORPS (LAND),na
YUYING SECONDARY SCHOOL,SECONDARY (S1-S5),UNIFORMED GROUPS,NATIONAL POLICE CADET CORPS,na
YUYING SECONDARY SCHOOL,SECONDARY (S1-S5),CLUBS AND SOCIETIES,PHOTOGRAPHY,na
YUYING SECONDARY SCHOOL,SECONDARY (S1-S5),PHYSICAL SPORTS,SEPAKTAKRAW,na
YUYING SECONDARY SCHOOL,SECONDARY (S1-S5),CLUBS AND SOCIETIES,SINGAPORE YOUTH FLYING CLUB,na
YUYING SECONDARY SCHOOL,SECONDARY (S1-S5),UNIFORMED GROUPS,ST JOHN BRIGADE,na
YUYING SECONDARY SCHOOL,SECONDARY (S1-S5),OTHERS,STUDENT LEADERSHIP (PREFECT),na
YUYING SECONDARY SCHOOL,SECONDARY (S1-S5),PHYSICAL SPORTS,TABLE TENNIS,CLUSTER TABLE TENNIS
YUYING SECONDARY SCHOOL,SECONDARY (S1-S5),PHYSICAL SPORTS,VOLLEYBALL,na
YUYING SECONDARY SCHOOL,SECONDARY (S1-S5),PHYSICAL SPORTS,WUSHU,na
ZHANGDE PRIMARY SCHOOL,PRIMARY,PHYSICAL SPORTS,BADMINTON,na
ZHANGDE PRIMARY SCHOOL,PRIMARY,PHYSICAL SPORTS,BASKETBALL,na
ZHANGDE PRIMARY SCHOOL,PRIMARY,UNIFORMED GROUPS,BOYS' BRIGADE,na
ZHANGDE PRIMARY SCHOOL,PRIMARY,VISUAL AND PERFORMING ARTS,CHOIR,na
ZHANGDE PRIMARY SCHOOL,PRIMARY,VISUAL AND PERFORMING ARTS,CULTURAL DANCE,na
ZHANGDE PRIMARY SCHOOL,PRIMARY,PHYSICAL SPORTS,FLOORBALL,na
ZHANGDE PRIMARY SCHOOL,PRIMARY,PHYSICAL SPORTS,FOOTBALL,na
ZHANGDE PRIMARY SCHOOL,PRIMARY,UNIFORMED GROUPS,GIRLS' BRIGADE,na
ZHANGDE PRIMARY SCHOOL,PRIMARY,CLUBS AND SOCIETIES,ROBOTICS,na
ZHANGDE PRIMARY SCHOOL,PRIMARY,PHYSICAL SPORTS,ROPE SKIPPING,na
ZHANGDE PRIMARY SCHOOL,PRIMARY,PHYSICAL SPORTS,TABLE TENNIS,na
ZHANGDE PRIMARY SCHOOL,PRIMARY,PHYSICAL SPORTS,VOLLEYBALL,na
ZHANGDE PRIMARY SCHOOL,PRIMARY,PHYSICAL SPORTS,WUSHU,na
ZHENGHUA PRIMARY SCHOOL,PRIMARY,CLUBS AND SOCIETIES,ART AND CRAFTS,na
ZHENGHUA PRIMARY SCHOOL,PRIMARY,PHYSICAL SPORTS,BASKETBALL,na
ZHENGHUA PRIMARY SCHOOL,PRIMARY,VISUAL AND PERFORMING ARTS,BRASS BAND,na
ZHENGHUA PRIMARY SCHOOL,PRIMARY,VISUAL AND PERFORMING ARTS,CHINESE DANCE,na
ZHENGHUA PRIMARY SCHOOL,PRIMARY,VISUAL AND PERFORMING ARTS,CHOIR,na
ZHENGHUA PRIMARY SCHOOL,PRIMARY,CLUBS AND SOCIETIES,ENVIRONMENTAL SCIENCE,GREENOVATION
ZHENGHUA PRIMARY SCHOOL,PRIMARY,PHYSICAL SPORTS,FLOORBALL,na
ZHENGHUA PRIMARY SCHOOL,PRIMARY,PHYSICAL SPORTS,FOOTBALL,na
ZHENGHUA PRIMARY SCHOOL,PRIMARY,UNIFORMED GROUPS,GIRL GUIDES (BROWNIES),na
ZHENGHUA PRIMARY SCHOOL,PRIMARY,VISUAL AND PERFORMING ARTS,INDIAN DANCE,na
ZHENGHUA PRIMARY SCHOOL,PRIMARY,VISUAL AND PERFORMING ARTS,MALAY DANCE,na
ZHENGHUA PRIMARY SCHOOL,PRIMARY,UNIFORMED GROUPS,RED CROSS YOUTH,na
ZHENGHUA PRIMARY SCHOOL,PRIMARY,CLUBS AND SOCIETIES,ROBOTICS,na
ZHENGHUA PRIMARY SCHOOL,PRIMARY,PHYSICAL SPORTS,RUGBY,na
ZHENGHUA PRIMARY SCHOOL,PRIMARY,VISUAL AND PERFORMING ARTS,TAP DANCE,na
ZHENGHUA SECONDARY SCHOOL,SECONDARY (S1-S5),CLUBS AND SOCIETIES,ART AND CRAFTS,na
ZHENGHUA SECONDARY SCHOOL,SECONDARY (S1-S5),CLUBS AND SOCIETIES,AUDIO VISUAL AID,na
ZHENGHUA SECONDARY SCHOOL,SECONDARY (S1-S5),PHYSICAL SPORTS,BASKETBALL,na
ZHENGHUA SECONDARY SCHOOL,SECONDARY (S1-S5),VISUAL AND PERFORMING ARTS,CHOIR,na
ZHENGHUA SECONDARY SCHOOL,SECONDARY (S1-S5),VISUAL AND PERFORMING ARTS,CONCERT BAND,na
ZHENGHUA SECONDARY SCHOOL,SECONDARY (S1-S5),VISUAL AND PERFORMING ARTS,ENGLISH DRAMA,na
ZHENGHUA SECONDARY SCHOOL,SECONDARY (S1-S5),PHYSICAL SPORTS,FOOTBALL,na
ZHENGHUA SECONDARY SCHOOL,SECONDARY (S1-S5),VISUAL AND PERFORMING ARTS,HANDBELL ENSEMBLE,na
ZHENGHUA SECONDARY SCHOOL,SECONDARY (S1-S5),CLUBS AND SOCIETIES,INFOCOMM TECHNOLOGY (MEDIA PRODUCTION),na
ZHENGHUA SECONDARY SCHOOL,SECONDARY (S1-S5),VISUAL AND PERFORMING ARTS,MALAY DANCE,na
ZHENGHUA SECONDARY SCHOOL,SECONDARY (S1-S5),CLUBS AND SOCIETIES,MEDIA RESOURCE LIBRARY,na
ZHENGHUA SECONDARY SCHOOL,SECONDARY (S1-S5),VISUAL AND PERFORMING ARTS,MODERN DANCE,na
ZHENGHUA SECONDARY SCHOOL,SECONDARY (S1-S5),PHYSICAL SPORTS,MODULAR CCA (SPORTS),na
ZHENGHUA SECONDARY SCHOOL,SECONDARY (S1-S5),UNIFORMED GROUPS,NATIONAL CADET CORPS (AIR),na
ZHENGHUA SECONDARY SCHOOL,SECONDARY (S1-S5),UNIFORMED GROUPS,NATIONAL POLICE CADET CORPS,na
ZHENGHUA SECONDARY SCHOOL,SECONDARY (S1-S5),PHYSICAL SPORTS,NETBALL,na
ZHENGHUA SECONDARY SCHOOL,SECONDARY (S1-S5),PHYSICAL SPORTS,OUTDOOR ADVENTURE,na
ZHENGHUA SECONDARY SCHOOL,SECONDARY (S1-S5),VISUAL AND PERFORMING ARTS,PERCUSSION ENSEMBLE,na
ZHENGHUA SECONDARY SCHOOL,SECONDARY (S1-S5),UNIFORMED GROUPS,RED CROSS YOUTH,na
ZHENGHUA SECONDARY SCHOOL,SECONDARY (S1-S5),UNIFORMED GROUPS,SCOUTS,na
ZHENGHUA SECONDARY SCHOOL,SECONDARY (S1-S5),PHYSICAL SPORTS,SP-CCA (ATHLETICS),na
ZHENGHUA SECONDARY SCHOOL,SECONDARY (S1-S5),PHYSICAL SPORTS,SP-CCA (WATER POLO),na
ZHENGHUA SECONDARY SCHOOL,SECONDARY (S1-S5),OTHERS,STUDENT LEADERSHIP (COUNCIL),na
ZHENGHUA SECONDARY SCHOOL,SECONDARY (S1-S5),PHYSICAL SPORTS,VOLLEYBALL,na
ZHONGHUA PRIMARY SCHOOL,PRIMARY,CLUBS AND SOCIETIES,ART AND CRAFTS,na
ZHONGHUA PRIMARY SCHOOL,PRIMARY,PHYSICAL SPORTS,BADMINTON,MODULAR-SPORTS
ZHONGHUA PRIMARY SCHOOL,PRIMARY,VISUAL AND PERFORMING ARTS,CHINESE DANCE,na
ZHONGHUA PRIMARY SCHOOL,PRIMARY,VISUAL AND PERFORMING ARTS,CHOIR,na
ZHONGHUA PRIMARY SCHOOL,PRIMARY,CLUBS AND SOCIETIES,ENVIRONMENTAL SCIENCE,na
ZHONGHUA PRIMARY SCHOOL,PRIMARY,PHYSICAL SPORTS,FOOTBALL,na
ZHONGHUA PRIMARY SCHOOL,PRIMARY,VISUAL AND PERFORMING ARTS,INDIAN DANCE,na
ZHONGHUA PRIMARY SCHOOL,PRIMARY,CLUBS AND SOCIETIES,INFOCOMM TECHNOLOGY (COMPUTING),na
ZHONGHUA PRIMARY SCHOOL,PRIMARY,VISUAL AND PERFORMING ARTS,MALAY DANCE,na
ZHONGHUA PRIMARY SCHOOL,PRIMARY,UNIFORMED GROUPS,SCOUTS,na
ZHONGHUA PRIMARY SCHOOL,PRIMARY,PHYSICAL SPORTS,VOLLEYBALL,na
ZHONGHUA SECONDARY SCHOOL,SECONDARY (S1-S5),CLUBS AND SOCIETIES,ART AND CRAFTS,na
ZHONGHUA SECONDARY SCHOOL,SECONDARY (S1-S5),PHYSICAL SPORTS,BADMINTON,na
ZHONGHUA SECONDARY SCHOOL,SECONDARY (S1-S5),PHYSICAL SPORTS,BASKETBALL,na
ZHONGHUA SECONDARY SCHOOL,SECONDARY (S1-S5),UNIFORMED GROUPS,BOYS' BRIGADE,na
ZHONGHUA SECONDARY SCHOOL,SECONDARY (S1-S5),CLUBS AND SOCIETIES,CHINESE CULTURE AND LANGUAGE,na
ZHONGHUA SECONDARY SCHOOL,SECONDARY (S1-S5),VISUAL AND PERFORMING ARTS,CHINESE DANCE,na
ZHONGHUA SECONDARY SCHOOL,SECONDARY (S1-S5),VISUAL AND PERFORMING ARTS,CHINESE ORCHESTRA,na
ZHONGHUA SECONDARY SCHOOL,SECONDARY (S1-S5),VISUAL AND PERFORMING ARTS,CHOIR,na
ZHONGHUA SECONDARY SCHOOL,SECONDARY (S1-S5),VISUAL AND PERFORMING ARTS,CONCERT BAND,na
ZHONGHUA SECONDARY SCHOOL,SECONDARY (S1-S5),CLUBS AND SOCIETIES,"ENGLISH LANGUAGE, DRAMA AND DEBATING",na
ZHONGHUA SECONDARY SCHOOL,SECONDARY (S1-S5),UNIFORMED GROUPS,GIRLS' BRIGADE,na
ZHONGHUA SECONDARY SCHOOL,SECONDARY (S1-S5),VISUAL AND PERFORMING ARTS,GUZHENG ENSEMBLE,na
ZHONGHUA SECONDARY SCHOOL,SECONDARY (S1-S5),CLUBS AND SOCIETIES,INFOCOMM TECHNOLOGY (MEDIA PRODUCTION),na
ZHONGHUA SECONDARY SCHOOL,SECONDARY (S1-S5),CLUBS AND SOCIETIES,MEDIA RESOURCE LIBRARY,na
ZHONGHUA SECONDARY SCHOOL,SECONDARY (S1-S5),UNIFORMED GROUPS,NATIONAL CADET CORPS (LAND),na
ZHONGHUA SECONDARY SCHOOL,SECONDARY (S1-S5),UNIFORMED GROUPS,NATIONAL CIVIL DEFENCE CADET CORPS,na
ZHONGHUA SECONDARY SCHOOL,SECONDARY (S1-S5),UNIFORMED GROUPS,NATIONAL POLICE CADET CORPS,na
ZHONGHUA SECONDARY SCHOOL,SECONDARY (S1-S5),UNIFORMED GROUPS,SCOUTS,na
ZHONGHUA SECONDARY SCHOOL,SECONDARY (S1-S5),VISUAL AND PERFORMING ARTS,SINGAPORE NATIONAL YOUTH CHINESE ORCHESTRA,na
ZHONGHUA SECONDARY SCHOOL,SECONDARY (S1-S5),VISUAL AND PERFORMING ARTS,SINGAPORE NATIONAL YOUTH ORCHESTRA,na
ZHONGHUA SECONDARY SCHOOL,SECONDARY (S1-S5),PHYSICAL SPORTS,SP-CCA (ATHLETICS),na
ZHONGHUA SECONDARY SCHOOL,SECONDARY (S1-S5),UNIFORMED GROUPS,ST JOHN BRIGADE,[SJB] NATIONAL CIVIL DEFENCE CADET CORPS
ZHONGHUA SECONDARY SCHOOL,SECONDARY (S1-S5),OTHERS,STUDENT LEADERSHIP (COUNCIL),na
ZHONGHUA SECONDARY SCHOOL,SECONDARY (S1-S5),PHYSICAL SPORTS,TABLE TENNIS,na
ZHONGHUA SECONDARY SCHOOL,SECONDARY (S1-S5),PHYSICAL SPORTS,VOLLEYBALL,na