school_name,subject_desc
ADMIRALTY PRIMARY SCHOOL,ENGLISH LANGUAGE
ADMIRALTY PRIMARY SCHOOL,MATHEMATICS
ADMIRALTY PRIMARY SCHOOL,SCIENCE
ADMIRALTY PRIMARY SCHOOL,CHINESE
ADMIRALTY PRIMARY SCHOOL,MALAY
ADMIRALTY PRIMARY SCHOOL,TAMIL
ADMIRALTY PRIMARY SCHOOL,HIGHER CHINESE
ADMIRALTY PRIMARY SCHOOL,HIGHER MALAY
ADMIRALTY PRIMARY SCHOOL,HIGHER TAMIL
ADMIRALTY PRIMARY SCHOOL,ART
ADMIRALTY PRIMARY SCHOOL,MUSIC
ADMIRALTY PRIMARY SCHOOL,PHYSICAL EDUCATION
ADMIRALTY PRIMARY SCHOOL,SOCIAL STUDIES
ADMIRALTY SECONDARY SCHOOL,ENGLISH LANGUAGE
ADMIRALTY SECONDARY SCHOOL,MATHEMATICS
ADMIRALTY SECONDARY SCHOOL,ADDITIONAL MATHEMATICS
ADMIRALTY SECONDARY SCHOOL,SCIENCE (PHY/CHEM)
ADMIRALTY SECONDARY SCHOOL,SCIENCE (CHEM/BIO)
ADMIRALTY SECONDARY SCHOOL,PHYSICS
ADMIRALTY SECONDARY SCHOOL,CHEMISTRY
ADMIRALTY SECONDARY SCHOOL,BIOLOGY
ADMIRALTY SECONDARY SCHOOL,"COMBINED HUMANITIES (S,G)"
ADMIRALTY SECONDARY SCHOOL,"COMBINED HUMANITIES (S,H)"
ADMIRALTY SECONDARY SCHOOL,"COMBINED HUMANITIES (S,L)"
ADMIRALTY SECONDARY SCHOOL,GEOGRAPHY
ADMIRALTY SECONDARY SCHOOL,HISTORY
ADMIRALTY SECONDARY SCHOOL,LITERATURE IN ENGLISH
ADMIRALTY SECONDARY SCHOOL,PRINCIPLES OF ACCOUNTS
ADMIRALTY SECONDARY SCHOOL,DESIGN & TECHNOLOGY
ADMIRALTY SECONDARY SCHOOL,FOOD & CONSUMER EDUCATION
ADMIRALTY SECONDARY SCHOOL,ART
ADMIRALTY SECONDARY SCHOOL,MUSIC
ADMIRALTY SECONDARY SCHOOL,CHINESE
ADMIRALTY SECONDARY SCHOOL,MALAY
ADMIRALTY SECONDARY SCHOOL,TAMIL
ADMIRALTY SECONDARY SCHOOL,HIGHER CHINESE
ADMIRALTY SECONDARY SCHOOL,HIGHER MALAY
ADMIRALTY SECONDARY SCHOOL,HIGHER TAMIL
ADMIRALTY SECONDARY SCHOOL,COMPUTING
AHMAD IBRAHIM PRIMARY SCHOOL,ENGLISH LANGUAGE
AHMAD IBRAHIM PRIMARY SCHOOL,MATHEMATICS
AHMAD IBRAHIM PRIMARY SCHOOL,SCIENCE
AHMAD IBRAHIM PRIMARY SCHOOL,CHINESE
AHMAD IBRAHIM PRIMARY SCHOOL,MALAY
AHMAD IBRAHIM PRIMARY SCHOOL,TAMIL
AHMAD IBRAHIM PRIMARY SCHOOL,HIGHER CHINESE
AHMAD IBRAHIM PRIMARY SCHOOL,HIGHER MALAY
AHMAD IBRAHIM PRIMARY SCHOOL,HIGHER TAMIL
AHMAD IBRAHIM PRIMARY SCHOOL,ART
AHMAD IBRAHIM PRIMARY SCHOOL,MUSIC
AHMAD IBRAHIM PRIMARY SCHOOL,PHYSICAL EDUCATION
AHMAD IBRAHIM PRIMARY SCHOOL,SOCIAL STUDIES
AHMAD IBRAHIM SECONDARY SCHOOL,ENGLISH LANGUAGE
AHMAD IBRAHIM SECONDARY SCHOOL,MATHEMATICS
AHMAD IBRAHIM SECONDARY SCHOOL,ADDITIONAL MATHEMATICS
AHMAD IBRAHIM SECONDARY SCHOOL,SCIENCE (PHY/CHEM)
AHMAD IBRAHIM SECONDARY SCHOOL,SCIENCE (CHEM/BIO)
AHMAD IBRAHIM SECONDARY SCHOOL,PHYSICS
AHMAD IBRAHIM SECONDARY SCHOOL,CHEMISTRY
AHMAD IBRAHIM SECONDARY SCHOOL,BIOLOGY
AHMAD IBRAHIM SECONDARY SCHOOL,"COMBINED HUMANITIES (S,G)"
AHMAD IBRAHIM SECONDARY SCHOOL,"COMBINED HUMANITIES (S,H)"
AHMAD IBRAHIM SECONDARY SCHOOL,"COMBINED HUMANITIES (S,L)"
AHMAD IBRAHIM SECONDARY SCHOOL,GEOGRAPHY
AHMAD IBRAHIM SECONDARY SCHOOL,HISTORY
AHMAD IBRAHIM SECONDARY SCHOOL,LITERATURE IN ENGLISH
AHMAD IBRAHIM SECONDARY SCHOOL,PRINCIPLES OF ACCOUNTS
AHMAD IBRAHIM SECONDARY SCHOOL,DESIGN & TECHNOLOGY
AHMAD IBRAHIM SECONDARY SCHOOL,FOOD & CONSUMER EDUCATION
AHMAD IBRAHIM SECONDARY SCHOOL,ART
AHMAD IBRAHIM SECONDARY SCHOOL,MUSIC
AHMAD IBRAHIM SECONDARY SCHOOL,CHINESE
AHMAD IBRAHIM SECONDARY SCHOOL,MALAY
AHMAD IBRAHIM SECONDARY SCHOOL,TAMIL
AHMAD IBRAHIM SECONDARY SCHOOL,HIGHER CHINESE
AHMAD IBRAHIM SECONDARY SCHOOL,HIGHER MALAY
AHMAD IBRAHIM SECONDARY SCHOOL,HIGHER TAMIL
AHMAD IBRAHIM SECONDARY SCHOOL,COMPUTING
AI TONG SCHOOL,ENGLISH LANGUAGE
AI TONG SCHOOL,MATHEMATICS
AI TONG SCHOOL,SCIENCE
AI TONG SCHOOL,CHINESE
AI TONG SCHOOL,MALAY
AI TONG SCHOOL,TAMIL
AI TONG SCHOOL,HIGHER CHINESE
AI TONG SCHOOL,HIGHER MALAY
AI TONG SCHOOL,HIGHER TAMIL
AI TONG SCHOOL,ART
AI TONG SCHOOL,MUSIC
AI TONG SCHOOL,PHYSICAL EDUCATION
AI TONG SCHOOL,SOCIAL STUDIES
ALEXANDRA PRIMARY SCHOOL,ENGLISH LANGUAGE
ALEXANDRA PRIMARY SCHOOL,MATHEMATICS
ALEXANDRA PRIMARY SCHOOL,SCIENCE
ALEXANDRA PRIMARY SCHOOL,CHINESE
ALEXANDRA PRIMARY SCHOOL,MALAY
ALEXANDRA PRIMARY SCHOOL,TAMIL
ALEXANDRA PRIMARY SCHOOL,HIGHER CHINESE
ALEXANDRA PRIMARY SCHOOL,HIGHER MALAY
ALEXANDRA PRIMARY SCHOOL,HIGHER TAMIL
ALEXANDRA PRIMARY SCHOOL,ART
ALEXANDRA PRIMARY SCHOOL,MUSIC
ALEXANDRA PRIMARY SCHOOL,PHYSICAL EDUCATION
ALEXANDRA PRIMARY SCHOOL,SOCIAL STUDIES
ANCHOR GREEN PRIMARY SCHOOL,ENGLISH LANGUAGE
ANCHOR GREEN PRIMARY SCHOOL,MATHEMATICS
ANCHOR GREEN PRIMARY SCHOOL,SCIENCE
ANCHOR GREEN PRIMARY SCHOOL,CHINESE
ANCHOR GREEN PRIMARY SCHOOL,MALAY
ANCHOR GREEN PRIMARY SCHOOL,TAMIL
ANCHOR GREEN PRIMARY SCHOOL,HIGHER CHINESE
ANCHOR GREEN PRIMARY SCHOOL,HIGHER MALAY
ANCHOR GREEN PRIMARY SCHOOL,HIGHER TAMIL
ANCHOR GREEN PRIMARY SCHOOL,ART
ANCHOR GREEN PRIMARY SCHOOL,MUSIC
ANCHOR GREEN PRIMARY SCHOOL,PHYSICAL EDUCATION
ANCHOR GREEN PRIMARY SCHOOL,SOCIAL STUDIES
ANDERSON PRIMARY SCHOOL,ENGLISH LANGUAGE
ANDERSON PRIMARY SCHOOL,MATHEMATICS
ANDERSON PRIMARY SCHOOL,SCIENCE
ANDERSON PRIMARY SCHOOL,CHINESE
ANDERSON PRIMARY SCHOOL,MALAY
ANDERSON PRIMARY SCHOOL,TAMIL
ANDERSON PRIMARY SCHOOL,HIGHER CHINESE
ANDERSON PRIMARY SCHOOL,HIGHER MALAY
ANDERSON PRIMARY SCHOOL,HIGHER TAMIL
ANDERSON PRIMARY SCHOOL,ART
ANDERSON PRIMARY SCHOOL,MUSIC
ANDERSON PRIMARY SCHOOL,PHYSICAL EDUCATION
ANDERSON PRIMARY SCHOOL,SOCIAL STUDIES
ANDERSON SECONDARY SCHOOL,ENGLISH LANGUAGE
ANDERSON SECONDARY SCHOOL,MATHEMATICS
ANDERSON SECONDARY SCHOOL,ADDITIONAL MATHEMATICS
ANDERSON SECONDARY SCHOOL,SCIENCE (PHY/CHEM)
ANDERSON SECONDARY SCHOOL,SCIENCE (CHEM/BIO)
ANDERSON SECONDARY SCHOOL,PHYSICS
ANDERSON SECONDARY SCHOOL,CHEMISTRY
ANDERSON SECONDARY SCHOOL,BIOLOGY
ANDERSON SECONDARY SCHOOL,"COMBINED HUMANITIES (S,G)"
ANDERSON SECONDARY SCHOOL,"COMBINED HUMANITIES (S,H)"
ANDERSON SECONDARY SCHOOL,"COMBINED HUMANITIES (S,L)"
ANDERSON SECONDARY SCHOOL,GEOGRAPHY
ANDERSON SECONDARY SCHOOL,HISTORY
ANDERSON SECONDARY SCHOOL,LITERATURE IN ENGLISH
ANDERSON SECONDARY SCHOOL,PRINCIPLES OF ACCOUNTS
ANDERSON SECONDARY SCHOOL,DESIGN & TECHNOLOGY
ANDERSON SECONDARY SCHOOL,FOOD & CONSUMER EDUCATION
ANDERSON SECONDARY SCHOOL,ART
ANDERSON SECONDARY SCHOOL,MUSIC
ANDERSON SECONDARY SCHOOL,CHINESE
ANDERSON SECONDARY SCHOOL,MALAY
ANDERSON SECONDARY SCHOOL,TAMIL
ANDERSON SECONDARY SCHOOL,HIGHER CHINESE
ANDERSON SECONDARY SCHOOL,HIGHER MALAY
ANDERSON SECONDARY SCHOOL,HIGHER TAMIL
ANDERSON SECONDARY SCHOOL,COMPUTING
ANDERSON SERANGOON JUNIOR COLLEGE,H1 GENERAL PAPER
ANDERSON SERANGOON JUNIOR COLLEGE,H1 PROJECT WORK
ANDERSON SERANGOON JUNIOR COLLEGE,H2 MATHEMATICS
ANDERSON SERANGOON JUNIOR COLLEGE,H2 FURTHER MATHEMATICS
ANDERSON SERANGOON JUNIOR COLLEGE,H2 PHYSICS
ANDERSON SERANGOON JUNIOR COLLEGE,H2 CHEMISTRY
ANDERSON SERANGOON JUNIOR COLLEGE,H2 BIOLOGY
ANDERSON SERANGOON JUNIOR COLLEGE,H2 ECONOMICS
ANDERSON SERANGOON JUNIOR COLLEGE,H2 HISTORY
ANDERSON SERANGOON JUNIOR COLLEGE,H2 GEOGRAPHY
ANDERSON SERANGOON JUNIOR COLLEGE,H2 LITERATURE IN ENGLISH
ANDERSON SERANGOON JUNIOR COLLEGE,H2 COMPUTING
ANDERSON SERANGOON JUNIOR COLLEGE,H2 ART
ANDERSON SERANGOON JUNIOR COLLEGE,H2 MUSIC
ANDERSON SERANGOON JUNIOR COLLEGE,H2 MANAGEMENT OF BUSINESS
ANDERSON SERANGOON JUNIOR COLLEGE,H2 PRINCIPLES OF ACCOUNTING
ANDERSON SERANGOON JUNIOR COLLEGE,H1 CHINESE
ANDERSON SERANGOON JUNIOR COLLEGE,H1 MALAY
ANDERSON SERANGOON JUNIOR COLLEGE,H1 TAMIL
ANG MO KIO PRIMARY SCHOOL,ENGLISH LANGUAGE
ANG MO KIO PRIMARY SCHOOL,MATHEMATICS
ANG MO KIO PRIMARY SCHOOL,SCIENCE
ANG MO KIO PRIMARY SCHOOL,CHINESE
ANG MO KIO PRIMARY SCHOOL,MALAY
ANG MO KIO PRIMARY SCHOOL,TAMIL
ANG MO KIO PRIMARY SCHOOL,HIGHER CHINESE
ANG MO KIO PRIMARY SCHOOL,HIGHER MALAY
ANG MO KIO PRIMARY SCHOOL,HIGHER TAMIL
ANG MO KIO PRIMARY SCHOOL,ART
ANG MO KIO PRIMARY SCHOOL,MUSIC
ANG MO KIO PRIMARY SCHOOL,PHYSICAL EDUCATION
ANG MO KIO PRIMARY SCHOOL,SOCIAL STUDIES
ANG MO KIO SECONDARY SCHOOL,ENGLISH LANGUAGE
ANG MO KIO SECONDARY SCHOOL,MATHEMATICS
ANG MO KIO SECONDARY SCHOOL,ADDITIONAL MATHEMATICS
ANG MO KIO SECONDARY SCHOOL,SCIENCE (PHY/CHEM)
ANG MO KIO SECONDARY SCHOOL,SCIENCE (CHEM/BIO)
ANG MO KIO SECONDARY SCHOOL,PHYSICS
ANG MO KIO SECONDARY SCHOOL,CHEMISTRY
ANG MO KIO SECONDARY SCHOOL,BIOLOGY
ANG MO KIO SECONDARY SCHOOL,"COMBINED HUMANITIES (S,G)"
ANG MO KIO SECONDARY SCHOOL,"COMBINED HUMANITIES (S,H)"
ANG MO KIO SECONDARY SCHOOL,"COMBINED HUMANITIES (S,L)"
ANG MO KIO SECONDARY SCHOOL,GEOGRAPHY
ANG MO KIO SECONDARY SCHOOL,HISTORY
ANG MO KIO SECONDARY SCHOOL,LITERATURE IN ENGLISH
ANG MO KIO SECONDARY SCHOOL,PRINCIPLES OF ACCOUNTS
ANG MO KIO SECONDARY SCHOOL,DESIGN & TECHNOLOGY
ANG MO KIO SECONDARY SCHOOL,FOOD & CONSUMER EDUCATION
ANG MO KIO SECONDARY SCHOOL,ART
ANG MO KIO SECONDARY SCHOOL,MUSIC
ANG MO KIO SECONDARY SCHOOL,CHINESE
ANG MO KIO SECONDARY SCHOOL,MALAY
ANG MO KIO SECONDARY SCHOOL,TAMIL
ANG MO KIO SECONDARY SCHOOL,HIGHER CHINESE
ANG MO KIO SECONDARY SCHOOL,HIGHER MALAY
ANG MO KIO SECONDARY SCHOOL,HIGHER TAMIL
ANG MO KIO SECONDARY SCHOOL,COMPUTING
ANGLICAN HIGH SCHOOL,ENGLISH LANGUAGE
ANGLICAN HIGH SCHOOL,MATHEMATICS
ANGLICAN HIGH SCHOOL,ADDITIONAL MATHEMATICS
ANGLICAN HIGH SCHOOL,SCIENCE (PHY/CHEM)
ANGLICAN HIGH SCHOOL,SCIENCE (CHEM/BIO)
ANGLICAN HIGH SCHOOL,PHYSICS
ANGLICAN HIGH SCHOOL,CHEMISTRY
ANGLICAN HIGH SCHOOL,BIOLOGY
ANGLICAN HIGH SCHOOL,"COMBINED HUMANITIES (S,G)"
ANGLICAN HIGH SCHOOL,"COMBINED HUMANITIES (S,H)"
ANGLICAN HIGH SCHOOL,"COMBINED HUMANITIES (S,L)"
ANGLICAN HIGH SCHOOL,GEOGRAPHY
ANGLICAN HIGH SCHOOL,HISTORY
ANGLICAN HIGH SCHOOL,LITERATURE IN ENGLISH
ANGLICAN HIGH SCHOOL,PRINCIPLES OF ACCOUNTS
ANGLICAN HIGH SCHOOL,DESIGN & TECHNOLOGY
ANGLICAN HIGH SCHOOL,FOOD & CONSUMER EDUCATION
ANGLICAN HIGH SCHOOL,ART
ANGLICAN HIGH SCHOOL,MUSIC
ANGLICAN HIGH SCHOOL,CHINESE
ANGLICAN HIGH SCHOOL,MALAY
ANGLICAN HIGH SCHOOL,TAMIL
ANGLICAN HIGH SCHOOL,HIGHER CHINESE
ANGLICAN HIGH SCHOOL,HIGHER MALAY
ANGLICAN HIGH SCHOOL,HIGHER TAMIL
ANGLICAN HIGH SCHOOL,COMPUTING
ANGLO-CHINESE JUNIOR COLLEGE,H1 GENERAL PAPER
ANGLO-CHINESE JUNIOR COLLEGE,H1 PROJECT WORK
ANGLO-CHINESE JUNIOR COLLEGE,H2 MATHEMATICS
ANGLO-CHINESE JUNIOR COLLEGE,H2 FURTHER MATHEMATICS
ANGLO-CHINESE JUNIOR COLLEGE,H2 PHYSICS
ANGLO-CHINESE JUNIOR COLLEGE,H2 CHEMISTRY
ANGLO-CHINESE JUNIOR COLLEGE,H2 BIOLOGY
ANGLO-CHINESE JUNIOR COLLEGE,H2 ECONOMICS
ANGLO-CHINESE JUNIOR COLLEGE,H2 HISTORY
ANGLO-CHINESE JUNIOR COLLEGE,H2 GEOGRAPHY
ANGLO-CHINESE JUNIOR COLLEGE,H2 LITERATURE IN ENGLISH
ANGLO-CHINESE JUNIOR COLLEGE,H2 COMPUTING
ANGLO-CHINESE JUNIOR COLLEGE,H2 ART
ANGLO-CHINESE JUNIOR COLLEGE,H2 MUSIC
ANGLO-CHINESE JUNIOR COLLEGE,H2 MANAGEMENT OF BUSINESS
ANGLO-CHINESE JUNIOR COLLEGE,H2 PRINCIPLES OF ACCOUNTING
ANGLO-CHINESE JUNIOR COLLEGE,H1 CHINESE
ANGLO-CHINESE JUNIOR COLLEGE,H1 MALAY
ANGLO-CHINESE JUNIOR COLLEGE,H1 TAMIL
ANGLO-CHINESE SCHOOL (BARKER ROAD),ENGLISH LANGUAGE
ANGLO-CHINESE SCHOOL (BARKER ROAD),MATHEMATICS
ANGLO-CHINESE SCHOOL (BARKER ROAD),ADDITIONAL MATHEMATICS
ANGLO-CHINESE SCHOOL (BARKER ROAD),SCIENCE (PHY/CHEM)
ANGLO-CHINESE SCHOOL (BARKER ROAD),SCIENCE (CHEM/BIO)
ANGLO-CHINESE SCHOOL (BARKER ROAD),PHYSICS
ANGLO-CHINESE SCHOOL (BARKER ROAD),CHEMISTRY
ANGLO-CHINESE SCHOOL (BARKER ROAD),BIOLOGY
ANGLO-CHINESE SCHOOL (BARKER ROAD),"COMBINED HUMANITIES (S,G)"
ANGLO-CHINESE SCHOOL (BARKER ROAD),"COMBINED HUMANITIES (S,H)"
ANGLO-CHINESE SCHOOL (BARKER ROAD),"COMBINED HUMANITIES (S,L)"
ANGLO-CHINESE SCHOOL (BARKER ROAD),GEOGRAPHY
ANGLO-CHINESE SCHOOL (BARKER ROAD),HISTORY
ANGLO-CHINESE SCHOOL (BARKER ROAD),LITERATURE IN ENGLISH
ANGLO-CHINESE SCHOOL (BARKER ROAD),PRINCIPLES OF ACCOUNTS
ANGLO-CHINESE SCHOOL (BARKER ROAD),DESIGN & TECHNOLOGY
ANGLO-CHINESE SCHOOL (BARKER ROAD),FOOD & CONSUMER EDUCATION
ANGLO-CHINESE SCHOOL (BARKER ROAD),ART
ANGLO-CHINESE SCHOOL (BARKER ROAD),MUSIC
ANGLO-CHINESE SCHOOL (BARKER ROAD),CHINESE
ANGLO-CHINESE SCHOOL (BARKER ROAD),MALAY
ANGLO-CHINESE SCHOOL (BARKER ROAD),TAMIL
ANGLO-CHINESE SCHOOL (BARKER ROAD),HIGHER CHINESE
ANGLO-CHINESE SCHOOL (BARKER ROAD),HIGHER MALAY
ANGLO-CHINESE SCHOOL (BARKER ROAD),HIGHER TAMIL
ANGLO-CHINESE SCHOOL (BARKER ROAD),COMPUTING
ANGLO-CHINESE SCHOOL (INDEPENDENT),H1 GENERAL PAPER
ANGLO-CHINESE SCHOOL (INDEPENDENT),H1 PROJECT WORK
ANGLO-CHINESE SCHOOL (INDEPENDENT),H2 MATHEMATICS
ANGLO-CHINESE SCHOOL (INDEPENDENT),H2 FURTHER MATHEMATICS
ANGLO-CHINESE SCHOOL (INDEPENDENT),H2 PHYSICS
ANGLO-CHINESE SCHOOL (INDEPENDENT),H2 CHEMISTRY
ANGLO-CHINESE SCHOOL (INDEPENDENT),H2 BIOLOGY
ANGLO-CHINESE SCHOOL (INDEPENDENT),H2 ECONOMICS
ANGLO-CHINESE SCHOOL (INDEPENDENT),H2 HISTORY
ANGLO-CHINESE SCHOOL (INDEPENDENT),H2 GEOGRAPHY
ANGLO-CHINESE SCHOOL (INDEPENDENT),H2 LITERATURE IN ENGLISH
ANGLO-CHINESE SCHOOL (INDEPENDENT),H2 COMPUTING
ANGLO-CHINESE SCHOOL (INDEPENDENT),H2 ART
ANGLO-CHINESE SCHOOL (INDEPENDENT),H2 MUSIC
ANGLO-CHINESE SCHOOL (INDEPENDENT),H2 MANAGEMENT OF BUSINESS
ANGLO-CHINESE SCHOOL (INDEPENDENT),H2 PRINCIPLES OF ACCOUNTING
ANGLO-CHINESE SCHOOL (INDEPENDENT),H1 CHINESE
ANGLO-CHINESE SCHOOL (INDEPENDENT),H1 MALAY
ANGLO-CHINESE SCHOOL (INDEPENDENT),H1 TAMIL
ANGLO-CHINESE SCHOOL (JUNIOR),ENGLISH LANGUAGE
ANGLO-CHINESE SCHOOL (JUNIOR),MATHEMATICS
ANGLO-CHINESE SCHOOL (JUNIOR),SCIENCE
ANGLO-CHINESE SCHOOL (JUNIOR),CHINESE
ANGLO-CHINESE SCHOOL (JUNIOR),MALAY
ANGLO-CHINESE SCHOOL (JUNIOR),TAMIL
ANGLO-CHINESE SCHOOL (JUNIOR),HIGHER CHINESE
ANGLO-CHINESE SCHOOL (JUNIOR),HIGHER MALAY
ANGLO-CHINESE SCHOOL (JUNIOR),HIGHER TAMIL
ANGLO-CHINESE SCHOOL (JUNIOR),ART
ANGLO-CHINESE SCHOOL (JUNIOR),MUSIC
ANGLO-CHINESE SCHOOL (JUNIOR),PHYSICAL EDUCATION
ANGLO-CHINESE SCHOOL (JUNIOR),SOCIAL STUDIES
ANGLO-CHINESE SCHOOL (PRIMARY),ENGLISH LANGUAGE
ANGLO-CHINESE SCHOOL (PRIMARY),MATHEMATICS
ANGLO-CHINESE SCHOOL (PRIMARY),SCIENCE
ANGLO-CHINESE SCHOOL (PRIMARY),CHINESE
ANGLO-CHINESE SCHOOL (PRIMARY),MALAY
ANGLO-CHINESE SCHOOL (PRIMARY),TAMIL
ANGLO-CHINESE SCHOOL (PRIMARY),HIGHER CHINESE
ANGLO-CHINESE SCHOOL (PRIMARY),HIGHER MALAY
ANGLO-CHINESE SCHOOL (PRIMARY),HIGHER TAMIL
ANGLO-CHINESE SCHOOL (PRIMARY),ART
ANGLO-CHINESE SCHOOL (PRIMARY),MUSIC
ANGLO-CHINESE SCHOOL (PRIMARY),PHYSICAL EDUCATION
ANGLO-CHINESE SCHOOL (PRIMARY),SOCIAL STUDIES
ANGSANA PRIMARY SCHOOL,ENGLISH LANGUAGE
ANGSANA PRIMARY SCHOOL,MATHEMATICS
ANGSANA PRIMARY SCHOOL,SCIENCE
ANGSANA PRIMARY SCHOOL,CHINESE
ANGSANA PRIMARY SCHOOL,MALAY
ANGSANA PRIMARY SCHOOL,TAMIL
ANGSANA PRIMARY SCHOOL,HIGHER CHINESE
ANGSANA PRIMARY SCHOOL,HIGHER MALAY
ANGSANA PRIMARY SCHOOL,HIGHER TAMIL
ANGSANA PRIMARY SCHOOL,ART
ANGSANA PRIMARY SCHOOL,MUSIC
ANGSANA PRIMARY SCHOOL,PHYSICAL EDUCATION
ANGSANA PRIMARY SCHOOL,SOCIAL STUDIES
ASSUMPTION ENGLISH SCHOOL,ENGLISH LANGUAGE
ASSUMPTION ENGLISH SCHOOL,MATHEMATICS
ASSUMPTION ENGLISH SCHOOL,ADDITIONAL MATHEMATICS
ASSUMPTION ENGLISH SCHOOL,SCIENCE (PHY/CHEM)
ASSUMPTION ENGLISH SCHOOL,SCIENCE (CHEM/BIO)
ASSUMPTION ENGLISH SCHOOL,PHYSICS
ASSUMPTION ENGLISH SCHOOL,CHEMISTRY
ASSUMPTION ENGLISH SCHOOL,BIOLOGY
ASSUMPTION ENGLISH SCHOOL,"COMBINED HUMANITIES (S,G)"
ASSUMPTION ENGLISH SCHOOL,"COMBINED HUMANITIES (S,H)"
ASSUMPTION ENGLISH SCHOOL,"COMBINED HUMANITIES (S,L)"
ASSUMPTION ENGLISH SCHOOL,GEOGRAPHY
ASSUMPTION ENGLISH SCHOOL,HISTORY
ASSUMPTION ENGLISH SCHOOL,LITERATURE IN ENGLISH
ASSUMPTION ENGLISH SCHOOL,PRINCIPLES OF ACCOUNTS
ASSUMPTION ENGLISH SCHOOL,DESIGN & TECHNOLOGY
ASSUMPTION ENGLISH SCHOOL,FOOD & CONSUMER EDUCATION
ASSUMPTION ENGLISH SCHOOL,ART
ASSUMPTION ENGLISH SCHOOL,MUSIC
ASSUMPTION ENGLISH SCHOOL,CHINESE
ASSUMPTION ENGLISH SCHOOL,MALAY
ASSUMPTION ENGLISH SCHOOL,TAMIL
ASSUMPTION ENGLISH SCHOOL,HIGHER CHINESE
ASSUMPTION ENGLISH SCHOOL,HIGHER MALAY
ASSUMPTION ENGLISH SCHOOL,HIGHER TAMIL
ASSUMPTION ENGLISH SCHOOL,COMPUTING
ASSUMPTION PATHWAY SCHOOL,ENGLISH LANGUAGE
ASSUMPTION PATHWAY SCHOOL,MATHEMATICS
ASSUMPTION PATHWAY SCHOOL,ADDITIONAL MATHEMATICS
ASSUMPTION PATHWAY SCHOOL,SCIENCE (PHY/CHEM)
ASSUMPTION PATHWAY SCHOOL,SCIENCE (CHEM/BIO)
ASSUMPTION PATHWAY SCHOOL,PHYSICS
ASSUMPTION PATHWAY SCHOOL,CHEMISTRY
ASSUMPTION PATHWAY SCHOOL,BIOLOGY
ASSUMPTION PATHWAY SCHOOL,"COMBINED HUMANITIES (S,G)"
ASSUMPTION PATHWAY SCHOOL,"COMBINED HUMANITIES (S,H)"
ASSUMPTION PATHWAY SCHOOL,"COMBINED HUMANITIES (S,L)"
ASSUMPTION PATHWAY SCHOOL,GEOGRAPHY
ASSUMPTION PATHWAY SCHOOL,HISTORY
ASSUMPTION PATHWAY SCHOOL,LITERATURE IN ENGLISH
ASSUMPTION PATHWAY SCHOOL,PRINCIPLES OF ACCOUNTS
ASSUMPTION PATHWAY SCHOOL,DESIGN & TECHNOLOGY
ASSUMPTION PATHWAY SCHOOL,FOOD & CONSUMER EDUCATION
ASSUMPTION PATHWAY SCHOOL,ART
ASSUMPTION PATHWAY SCHOOL,MUSIC
ASSUMPTION PATHWAY SCHOOL,CHINESE
ASSUMPTION PATHWAY SCHOOL,MALAY
ASSUMPTION PATHWAY SCHOOL,TAMIL
ASSUMPTION PATHWAY SCHOOL,HIGHER CHINESE
ASSUMPTION PATHWAY SCHOOL,HIGHER MALAY
ASSUMPTION PATHWAY SCHOOL,HIGHER TAMIL
ASSUMPTION PATHWAY SCHOOL,COMPUTING
BARTLEY SECONDARY SCHOOL,ENGLISH LANGUAGE
BARTLEY SECONDARY SCHOOL,MATHEMATICS
BARTLEY SECONDARY SCHOOL,ADDITIONAL MATHEMATICS
BARTLEY SECONDARY SCHOOL,SCIENCE (PHY/CHEM)
BARTLEY SECONDARY SCHOOL,SCIENCE (CHEM/BIO)
BARTLEY SECONDARY SCHOOL,PHYSICS
BARTLEY SECONDARY SCHOOL,CHEMISTRY
BARTLEY SECONDARY SCHOOL,BIOLOGY
BARTLEY SECONDARY SCHOOL,"COMBINED HUMANITIES (S,G)"
BARTLEY SECONDARY SCHOOL,"COMBINED HUMANITIES (S,H)"
BARTLEY SECONDARY SCHOOL,"COMBINED HUMANITIES (S,L)"
BARTLEY SECONDARY SCHOOL,GEOGRAPHY
BARTLEY SECONDARY SCHOOL,HISTORY
BARTLEY SECONDARY SCHOOL,LITERATURE IN ENGLISH
BARTLEY SECONDARY SCHOOL,PRINCIPLES OF ACCOUNTS
BARTLEY SECONDARY SCHOOL,DESIGN & TECHNOLOGY
BARTLEY SECONDARY SCHOOL,FOOD & CONSUMER EDUCATION
BARTLEY SECONDARY SCHOOL,ART
BARTLEY SECONDARY SCHOOL,MUSIC
BARTLEY SECONDARY SCHOOL,CHINESE
BARTLEY SECONDARY SCHOOL,MALAY
BARTLEY SECONDARY SCHOOL,TAMIL
BARTLEY SECONDARY SCHOOL,HIGHER CHINESE
BARTLEY SECONDARY SCHOOL,HIGHER MALAY
BARTLEY SECONDARY SCHOOL,HIGHER TAMIL
BARTLEY SECONDARY SCHOOL,COMPUTING
BEACON PRIMARY SCHOOL,ENGLISH LANGUAGE
BEACON PRIMARY SCHOOL,MATHEMATICS
BEACON PRIMARY SCHOOL,SCIENCE
BEACON PRIMARY SCHOOL,CHINESE
BEACON PRIMARY SCHOOL,MALAY
BEACON PRIMARY SCHOOL,TAMIL
BEACON PRIMARY SCHOOL,HIGHER CHINESE
BEACON PRIMARY SCHOOL,HIGHER MALAY
BEACON PRIMARY SCHOOL,HIGHER TAMIL
BEACON PRIMARY SCHOOL,ART
BEACON PRIMARY SCHOOL,MUSIC
BEACON PRIMARY SCHOOL,PHYSICAL EDUCATION
BEACON PRIMARY SCHOOL,SOCIAL STUDIES
BEATTY SECONDARY SCHOOL,ENGLISH LANGUAGE
BEATTY SECONDARY SCHOOL,MATHEMATICS
BEATTY SECONDARY SCHOOL,ADDITIONAL MATHEMATICS
BEATTY SECONDARY SCHOOL,SCIENCE (PHY/CHEM)
BEATTY SECONDARY SCHOOL,SCIENCE (CHEM/BIO)
BEATTY SECONDARY SCHOOL,PHYSICS
BEATTY SECONDARY SCHOOL,CHEMISTRY
BEATTY SECONDARY SCHOOL,BIOLOGY
BEATTY SECONDARY SCHOOL,"COMBINED HUMANITIES (S,G)"
BEATTY SECONDARY SCHOOL,"COMBINED HUMANITIES (S,H)"
BEATTY SECONDARY SCHOOL,"COMBINED HUMANITIES (S,L)"
BEATTY SECONDARY SCHOOL,GEOGRAPHY
BEATTY SECONDARY SCHOOL,HISTORY
BEATTY SECONDARY SCHOOL,LITERATURE IN ENGLISH
BEATTY SECONDARY SCHOOL,PRINCIPLES OF ACCOUNTS
BEATTY SECONDARY SCHOOL,DESIGN & TECHNOLOGY
BEATTY SECONDARY SCHOOL,FOOD & CONSUMER EDUCATION
BEATTY SECONDARY SCHOOL,ART
BEATTY SECONDARY SCHOOL,MUSIC
BEATTY SECONDARY SCHOOL,CHINESE
BEATTY SECONDARY SCHOOL,MALAY
BEATTY SECONDARY SCHOOL,TAMIL
BEATTY SECONDARY SCHOOL,HIGHER CHINESE
BEATTY SECONDARY SCHOOL,HIGHER MALAY
BEATTY SECONDARY SCHOOL,HIGHER TAMIL
BEATTY SECONDARY SCHOOL,COMPUTING
BEDOK GREEN PRIMARY SCHOOL,ENGLISH LANGUAGE
BEDOK GREEN PRIMARY SCHOOL,MATHEMATICS
BEDOK GREEN PRIMARY SCHOOL,SCIENCE
BEDOK GREEN PRIMARY SCHOOL,CHINESE
BEDOK GREEN PRIMARY SCHOOL,MALAY
BEDOK GREEN PRIMARY SCHOOL,TAMIL
BEDOK GREEN PRIMARY SCHOOL,HIGHER CHINESE
BEDOK GREEN PRIMARY SCHOOL,HIGHER MALAY
BEDOK GREEN PRIMARY SCHOOL,HIGHER TAMIL
BEDOK GREEN PRIMARY SCHOOL,ART
BEDOK GREEN PRIMARY SCHOOL,MUSIC
BEDOK GREEN PRIMARY SCHOOL,PHYSICAL EDUCATION
BEDOK GREEN PRIMARY SCHOOL,SOCIAL STUDIES
BEDOK GREEN SECONDARY SCHOOL,ENGLISH LANGUAGE
BEDOK GREEN SECONDARY SCHOOL,MATHEMATICS
BEDOK GREEN SECONDARY SCHOOL,ADDITIONAL MATHEMATICS
BEDOK GREEN SECONDARY SCHOOL,SCIENCE (PHY/CHEM)
BEDOK GREEN SECONDARY SCHOOL,SCIENCE (CHEM/BIO)
BEDOK GREEN SECONDARY SCHOOL,PHYSICS
BEDOK GREEN SECONDARY SCHOOL,CHEMISTRY
BEDOK GREEN SECONDARY SCHOOL,BIOLOGY
BEDOK GREEN SECONDARY SCHOOL,"COMBINED HUMANITIES (S,G)"
BEDOK GREEN SECONDARY SCHOOL,"COMBINED HUMANITIES (S,H)"
BEDOK GREEN SECONDARY SCHOOL,"COMBINED HUMANITIES (S,L)"
BEDOK GREEN SECONDARY SCHOOL,GEOGRAPHY
BEDOK GREEN SECONDARY SCHOOL,HISTORY
BEDOK GREEN SECONDARY SCHOOL,LITERATURE IN ENGLISH
BEDOK GREEN SECONDARY SCHOOL,PRINCIPLES OF ACCOUNTS
BEDOK GREEN SECONDARY SCHOOL,DESIGN & TECHNOLOGY
BEDOK GREEN SECONDARY SCHOOL,FOOD & CONSUMER EDUCATION
BEDOK GREEN SECONDARY SCHOOL,ART
BEDOK GREEN SECONDARY SCHOOL,MUSIC
BEDOK GREEN SECONDARY SCHOOL,CHINESE
BEDOK GREEN SECONDARY SCHOOL,MALAY
BEDOK GREEN SECONDARY SCHOOL,TAMIL
BEDOK GREEN SECONDARY SCHOOL,HIGHER CHINESE
BEDOK GREEN SECONDARY SCHOOL,HIGHER MALAY
BEDOK GREEN SECONDARY SCHOOL,HIGHER TAMIL
BEDOK GREEN SECONDARY SCHOOL,COMPUTING
BEDOK SOUTH SECONDARY SCHOOL,ENGLISH LANGUAGE
BEDOK SOUTH SECONDARY SCHOOL,MATHEMATICS
BEDOK SOUTH SECONDARY SCHOOL,ADDITIONAL MATHEMATICS
BEDOK SOUTH SECONDARY SCHOOL,SCIENCE (PHY/CHEM)
BEDOK SOUTH SECONDARY SCHOOL,SCIENCE (CHEM/BIO)
BEDOK SOUTH SECONDARY SCHOOL,PHYSICS
BEDOK SOUTH SECONDARY SCHOOL,CHEMISTRY
BEDOK SOUTH SECONDARY SCHOOL,BIOLOGY
BEDOK SOUTH SECONDARY SCHOOL,"COMBINED HUMANITIES (S,G)"
BEDOK SOUTH SECONDARY SCHOOL,"COMBINED HUMANITIES (S,H)"
BEDOK SOUTH SECONDARY SCHOOL,"COMBINED HUMANITIES (S,L)"
BEDOK SOUTH SECONDARY SCHOOL,GEOGRAPHY
BEDOK SOUTH SECONDARY SCHOOL,HISTORY
BEDOK SOUTH SECONDARY SCHOOL,LITERATURE IN ENGLISH
BEDOK SOUTH SECONDARY SCHOOL,PRINCIPLES OF ACCOUNTS
BEDOK SOUTH SECONDARY SCHOOL,DESIGN & TECHNOLOGY
BEDOK SOUTH SECONDARY SCHOOL,FOOD & CONSUMER EDUCATION
BEDOK SOUTH SECONDARY SCHOOL,ART
BEDOK SOUTH SECONDARY SCHOOL,MUSIC
BEDOK SOUTH SECONDARY SCHOOL,CHINESE
BEDOK SOUTH SECONDARY SCHOOL,MALAY
BEDOK SOUTH SECONDARY SCHOOL,TAMIL
BEDOK SOUTH SECONDARY SCHOOL,HIGHER CHINESE
BEDOK SOUTH SECONDARY SCHOOL,HIGHER MALAY
BEDOK SOUTH SECONDARY SCHOOL,HIGHER TAMIL
BEDOK SOUTH SECONDARY SCHOOL,COMPUTING
BEDOK VIEW SECONDARY SCHOOL,ENGLISH LANGUAGE
BEDOK VIEW SECONDARY SCHOOL,MATHEMATICS
BEDOK VIEW SECONDARY SCHOOL,ADDITIONAL MATHEMATICS
BEDOK VIEW SECONDARY SCHOOL,SCIENCE (PHY/CHEM)
BEDOK VIEW SECONDARY SCHOOL,SCIENCE (CHEM/BIO)
BEDOK VIEW SECONDARY SCHOOL,PHYSICS
BEDOK VIEW SECONDARY SCHOOL,CHEMISTRY
BEDOK VIEW SECONDARY SCHOOL,BIOLOGY
BEDOK VIEW SECONDARY SCHOOL,"COMBINED HUMANITIES (S,G)"
BEDOK VIEW SECONDARY SCHOOL,"COMBINED HUMANITIES (S,H)"
BEDOK VIEW SECONDARY SCHOOL,"COMBINED HUMANITIES (S,L)"
BEDOK VIEW SECONDARY SCHOOL,GEOGRAPHY
BEDOK VIEW SECONDARY SCHOOL,HISTORY
BEDOK VIEW SECONDARY SCHOOL,LITERATURE IN ENGLISH
BEDOK VIEW SECONDARY SCHOOL,PRINCIPLES OF ACCOUNTS
BEDOK VIEW SECONDARY SCHOOL,DESIGN & TECHNOLOGY
BEDOK VIEW SECONDARY SCHOOL,FOOD & CONSUMER EDUCATION
BEDOK VIEW SECONDARY SCHOOL,ART
BEDOK VIEW SECONDARY SCHOOL,MUSIC
BEDOK VIEW SECONDARY SCHOOL,CHINESE
BEDOK VIEW SECONDARY SCHOOL,MALAY
BEDOK VIEW SECONDARY SCHOOL,TAMIL
BEDOK VIEW SECONDARY SCHOOL,HIGHER CHINESE
BEDOK VIEW SECONDARY SCHOOL,HIGHER MALAY
BEDOK VIEW SECONDARY SCHOOL,HIGHER TAMIL
BEDOK VIEW SECONDARY SCHOOL,COMPUTING
BENDEMEER PRIMARY SCHOOL,ENGLISH LANGUAGE
BENDEMEER PRIMARY SCHOOL,MATHEMATICS
BENDEMEER PRIMARY SCHOOL,SCIENCE
BENDEMEER PRIMARY SCHOOL,CHINESE
BENDEMEER PRIMARY SCHOOL,MALAY
BENDEMEER PRIMARY SCHOOL,TAMIL
BENDEMEER PRIMARY SCHOOL,HIGHER CHINESE
BENDEMEER PRIMARY SCHOOL,HIGHER MALAY
BENDEMEER PRIMARY SCHOOL,HIGHER TAMIL
BENDEMEER PRIMARY SCHOOL,ART
BENDEMEER PRIMARY SCHOOL,MUSIC
BENDEMEER PRIMARY SCHOOL,PHYSICAL EDUCATION
BENDEMEER PRIMARY SCHOOL,SOCIAL STUDIES
BENDEMEER SECONDARY SCHOOL,ENGLISH LANGUAGE
BENDEMEER SECONDARY SCHOOL,MATHEMATICS
BENDEMEER SECONDARY SCHOOL,ADDITIONAL MATHEMATICS
BENDEMEER SECONDARY SCHOOL,SCIENCE (PHY/CHEM)
BENDEMEER SECONDARY SCHOOL,SCIENCE (CHEM/BIO)
BENDEMEER SECONDARY SCHOOL,PHYSICS
BENDEMEER SECONDARY SCHOOL,CHEMISTRY
BENDEMEER SECONDARY SCHOOL,BIOLOGY
BENDEMEER SECONDARY SCHOOL,"COMBINED HUMANITIES (S,G)"
BENDEMEER SECONDARY SCHOOL,"COMBINED HUMANITIES (S,H)"
BENDEMEER SECONDARY SCHOOL,"COMBINED HUMANITIES (S,L)"
BENDEMEER SECONDARY SCHOOL,GEOGRAPHY
BENDEMEER SECONDARY SCHOOL,HISTORY
BENDEMEER SECONDARY SCHOOL,LITERATURE IN ENGLISH
BENDEMEER SECONDARY SCHOOL,PRINCIPLES OF ACCOUNTS
BENDEMEER SECONDARY SCHOOL,DESIGN & TECHNOLOGY
BENDEMEER SECONDARY SCHOOL,FOOD & CONSUMER EDUCATION
BENDEMEER SECONDARY SCHOOL,ART
BENDEMEER SECONDARY SCHOOL,MUSIC
BENDEMEER SECONDARY SCHOOL,CHINESE
BENDEMEER SECONDARY SCHOOL,MALAY
BENDEMEER SECONDARY SCHOOL,TAMIL
BENDEMEER SECONDARY SCHOOL,HIGHER CHINESE
BENDEMEER SECONDARY SCHOOL,HIGHER MALAY
BENDEMEER SECONDARY SCHOOL,HIGHER TAMIL
BENDEMEER SECONDARY SCHOOL,COMPUTING
BLANGAH RISE PRIMARY SCHOOL,ENGLISH LANGUAGE
BLANGAH RISE PRIMARY SCHOOL,MATHEMATICS
BLANGAH RISE PRIMARY SCHOOL,SCIENCE
BLANGAH RISE PRIMARY SCHOOL,CHINESE
BLANGAH RISE PRIMARY SCHOOL,MALAY
BLANGAH RISE PRIMARY SCHOOL,TAMIL
BLANGAH RISE PRIMARY SCHOOL,HIGHER CHINESE
BLANGAH RISE PRIMARY SCHOOL,HIGHER MALAY
BLANGAH RISE PRIMARY SCHOOL,HIGHER TAMIL
BLANGAH RISE PRIMARY SCHOOL,ART
BLANGAH RISE PRIMARY SCHOOL,MUSIC
BLANGAH RISE PRIMARY SCHOOL,PHYSICAL EDUCATION
BLANGAH RISE PRIMARY SCHOOL,SOCIAL STUDIES
BOON LAY GARDEN PRIMARY SCHOOL,ENGLISH LANGUAGE
BOON LAY GARDEN PRIMARY SCHOOL,MATHEMATICS
BOON LAY GARDEN PRIMARY SCHOOL,SCIENCE
BOON LAY GARDEN PRIMARY SCHOOL,CHINESE
BOON LAY GARDEN PRIMARY SCHOOL,MALAY
BOON LAY GARDEN PRIMARY SCHOOL,TAMIL
BOON LAY GARDEN PRIMARY SCHOOL,HIGHER CHINESE
BOON LAY GARDEN PRIMARY SCHOOL,HIGHER MALAY
BOON LAY GARDEN PRIMARY SCHOOL,HIGHER TAMIL
BOON LAY GARDEN PRIMARY SCHOOL,ART
BOON LAY GARDEN PRIMARY SCHOOL,MUSIC
BOON LAY GARDEN PRIMARY SCHOOL,PHYSICAL EDUCATION
BOON LAY GARDEN PRIMARY SCHOOL,SOCIAL STUDIES
BOON LAY SECONDARY SCHOOL,ENGLISH LANGUAGE
BOON LAY SECONDARY SCHOOL,MATHEMATICS
BOON LAY SECONDARY SCHOOL,ADDITIONAL MATHEMATICS
BOON LAY SECONDARY SCHOOL,SCIENCE (PHY/CHEM)
BOON LAY SECONDARY SCHOOL,SCIENCE (CHEM/BIO)
BOON LAY SECONDARY SCHOOL,PHYSICS
BOON LAY SECONDARY SCHOOL,CHEMISTRY
BOON LAY SECONDARY SCHOOL,BIOLOGY
BOON LAY SECONDARY SCHOOL,"COMBINED HUMANITIES (S,G)"
BOON LAY SECONDARY SCHOOL,"COMBINED HUMANITIES (S,H)"
BOON LAY SECONDARY SCHOOL,"COMBINED HUMANITIES (S,L)"
BOON LAY SECONDARY SCHOOL,GEOGRAPHY
BOON LAY SECONDARY SCHOOL,HISTORY
BOON LAY SECONDARY SCHOOL,LITERATURE IN ENGLISH
BOON LAY SECONDARY SCHOOL,PRINCIPLES OF ACCOUNTS
BOON LAY SECONDARY SCHOOL,DESIGN & TECHNOLOGY
BOON LAY SECONDARY SCHOOL,FOOD & CONSUMER EDUCATION
BOON LAY SECONDARY SCHOOL,ART
BOON LAY SECONDARY SCHOOL,MUSIC
BOON LAY SECONDARY SCHOOL,CHINESE
BOON LAY SECONDARY SCHOOL,MALAY
BOON LAY SECONDARY SCHOOL,TAMIL
BOON LAY SECONDARY SCHOOL,HIGHER CHINESE
BOON LAY SECONDARY SCHOOL,HIGHER MALAY
BOON LAY SECONDARY SCHOOL,HIGHER TAMIL
BOON LAY SECONDARY SCHOOL,COMPUTING
BOWEN SECONDARY SCHOOL,ENGLISH LANGUAGE
BOWEN SECONDARY SCHOOL,MATHEMATICS
BOWEN SECONDARY SCHOOL,ADDITIONAL MATHEMATICS
BOWEN SECONDARY SCHOOL,SCIENCE (PHY/CHEM)
BOWEN SECONDARY SCHOOL,SCIENCE (CHEM/BIO)
BOWEN SECONDARY SCHOOL,PHYSICS
BOWEN SECONDARY SCHOOL,CHEMISTRY
BOWEN SECONDARY SCHOOL,BIOLOGY
BOWEN SECONDARY SCHOOL,"COMBINED HUMANITIES (S,G)"
BOWEN SECONDARY SCHOOL,"COMBINED HUMANITIES (S,H)"
BOWEN SECONDARY SCHOOL,"COMBINED HUMANITIES (S,L)"
BOWEN SECONDARY SCHOOL,GEOGRAPHY
BOWEN SECONDARY SCHOOL,HISTORY
BOWEN SECONDARY SCHOOL,LITERATURE IN ENGLISH
BOWEN SECONDARY SCHOOL,PRINCIPLES OF ACCOUNTS
BOWEN SECONDARY SCHOOL,DESIGN & TECHNOLOGY
BOWEN SECONDARY SCHOOL,FOOD & CONSUMER EDUCATION
BOWEN SECONDARY SCHOOL,ART
BOWEN SECONDARY SCHOOL,MUSIC
BOWEN SECONDARY SCHOOL,CHINESE
BOWEN SECONDARY SCHOOL,MALAY
BOWEN SECONDARY SCHOOL,TAMIL
BOWEN SECONDARY SCHOOL,HIGHER CHINESE
BOWEN SECONDARY SCHOOL,HIGHER MALAY
BOWEN SECONDARY SCHOOL,HIGHER TAMIL
BOWEN SECONDARY SCHOOL,COMPUTING
BROADRICK SECONDARY SCHOOL,ENGLISH LANGUAGE
BROADRICK SECONDARY SCHOOL,MATHEMATICS
BROADRICK SECONDARY SCHOOL,ADDITIONAL MATHEMATICS
BROADRICK SECONDARY SCHOOL,SCIENCE (PHY/CHEM)
BROADRICK SECONDARY SCHOOL,SCIENCE (CHEM/BIO)
BROADRICK SECONDARY SCHOOL,PHYSICS
BROADRICK SECONDARY SCHOOL,CHEMISTRY
BROADRICK SECONDARY SCHOOL,BIOLOGY
BROADRICK SECONDARY SCHOOL,"COMBINED HUMANITIES (S,G)"
BROADRICK SECONDARY SCHOOL,"COMBINED HUMANITIES (S,H)"
BROADRICK SECONDARY SCHOOL,"COMBINED HUMANITIES (S,L)"
BROADRICK SECONDARY SCHOOL,GEOGRAPHY
BROADRICK SECONDARY SCHOOL,HISTORY
BROADRICK SECONDARY SCHOOL,LITERATURE IN ENGLISH
BROADRICK SECONDARY SCHOOL,PRINCIPLES OF ACCOUNTS
BROADRICK SECONDARY SCHOOL,DESIGN & TECHNOLOGY
BROADRICK SECONDARY SCHOOL,FOOD & CONSUMER EDUCATION
BROADRICK SECONDARY SCHOOL,ART
BROADRICK SECONDARY SCHOOL,MUSIC
BROADRICK SECONDARY SCHOOL,CHINESE
BROADRICK SECONDARY SCHOOL,MALAY
BROADRICK SECONDARY SCHOOL,TAMIL
BROADRICK SECONDARY SCHOOL,HIGHER CHINESE
BROADRICK SECONDARY SCHOOL,HIGHER MALAY
BROADRICK SECONDARY SCHOOL,HIGHER TAMIL
BROADRICK SECONDARY SCHOOL,COMPUTING
BUKIT BATOK SECONDARY SCHOOL,ENGLISH LANGUAGE
BUKIT BATOK SECONDARY SCHOOL,MATHEMATICS
BUKIT BATOK SECONDARY SCHOOL,ADDITIONAL MATHEMATICS
BUKIT BATOK SECONDARY SCHOOL,SCIENCE (PHY/CHEM)
BUKIT BATOK SECONDARY SCHOOL,SCIENCE (CHEM/BIO)
BUKIT BATOK SECONDARY SCHOOL,PHYSICS
BUKIT BATOK SECONDARY SCHOOL,CHEMISTRY
BUKIT BATOK SECONDARY SCHOOL,BIOLOGY
BUKIT BATOK SECONDARY SCHOOL,"COMBINED HUMANITIES (S,G)"
BUKIT BATOK SECONDARY SCHOOL,"COMBINED HUMANITIES (S,H)"
BUKIT BATOK SECONDARY SCHOOL,"COMBINED HUMANITIES (S,L)"
BUKIT BATOK SECONDARY SCHOOL,GEOGRAPHY
BUKIT BATOK SECONDARY SCHOOL,HISTORY
BUKIT BATOK SECONDARY SCHOOL,LITERATURE IN ENGLISH
BUKIT BATOK SECONDARY SCHOOL,PRINCIPLES OF ACCOUNTS
BUKIT BATOK SECONDARY SCHOOL,DESIGN & TECHNOLOGY
BUKIT BATOK SECONDARY SCHOOL,FOOD & CONSUMER EDUCATION
BUKIT BATOK SECONDARY SCHOOL,ART
BUKIT BATOK SECONDARY SCHOOL,MUSIC
BUKIT BATOK SECONDARY SCHOOL,CHINESE
BUKIT BATOK SECONDARY SCHOOL,MALAY
BUKIT BATOK SECONDARY SCHOOL,TAMIL
BUKIT BATOK SECONDARY SCHOOL,HIGHER CHINESE
BUKIT BATOK SECONDARY SCHOOL,HIGHER MALAY
BUKIT BATOK SECONDARY SCHOOL,HIGHER TAMIL
BUKIT BATOK SECONDARY SCHOOL,COMPUTING
BUKIT MERAH SECONDARY SCHOOL,ENGLISH LANGUAGE
BUKIT MERAH SECONDARY SCHOOL,MATHEMATICS
BUKIT MERAH SECONDARY SCHOOL,ADDITIONAL MATHEMATICS
BUKIT MERAH SECONDARY SCHOOL,SCIENCE (PHY/CHEM)
BUKIT MERAH SECONDARY SCHOOL,SCIENCE (CHEM/BIO)
BUKIT MERAH SECONDARY SCHOOL,PHYSICS
BUKIT MERAH SECONDARY SCHOOL,CHEMISTRY
BUKIT MERAH SECONDARY SCHOOL,BIOLOGY
BUKIT MERAH SECONDARY SCHOOL,"COMBINED HUMANITIES (S,G)"
BUKIT MERAH SECONDARY SCHOOL,"COMBINED HUMANITIES (S,H)"
BUKIT MERAH SECONDARY SCHOOL,"COMBINED HUMANITIES (S,L)"
BUKIT MERAH SECONDARY SCHOOL,GEOGRAPHY
BUKIT MERAH SECONDARY SCHOOL,HISTORY
BUKIT MERAH SECONDARY SCHOOL,LITERATURE IN ENGLISH
BUKIT MERAH SECONDARY SCHOOL,PRINCIPLES OF ACCOUNTS
BUKIT MERAH SECONDARY SCHOOL,DESIGN & TECHNOLOGY
BUKIT MERAH SECONDARY SCHOOL,FOOD & CONSUMER EDUCATION
BUKIT MERAH SECONDARY SCHOOL,ART
BUKIT MERAH SECONDARY SCHOOL,MUSIC
BUKIT MERAH SECONDARY SCHOOL,CHINESE
BUKIT MERAH SECONDARY SCHOOL,MALAY
BUKIT MERAH SECONDARY SCHOOL,TAMIL
BUKIT MERAH SECONDARY SCHOOL,HIGHER CHINESE
BUKIT MERAH SECONDARY SCHOOL,HIGHER MALAY
BUKIT MERAH SECONDARY SCHOOL,HIGHER TAMIL
BUKIT MERAH SECONDARY SCHOOL,COMPUTING
BUKIT PANJANG GOVT. HIGH SCHOOL,ENGLISH LANGUAGE
BUKIT PANJANG GOVT. HIGH SCHOOL,MATHEMATICS
BUKIT PANJANG GOVT. HIGH SCHOOL,ADDITIONAL MATHEMATICS
BUKIT PANJANG GOVT. HIGH SCHOOL,SCIENCE (PHY/CHEM)
BUKIT PANJANG GOVT. HIGH SCHOOL,SCIENCE (CHEM/BIO)
BUKIT PANJANG GOVT. HIGH SCHOOL,PHYSICS
BUKIT PANJANG GOVT. HIGH SCHOOL,CHEMISTRY
BUKIT PANJANG GOVT. HIGH SCHOOL,BIOLOGY
BUKIT PANJANG GOVT. HIGH SCHOOL,"COMBINED HUMANITIES (S,G)"
BUKIT PANJANG GOVT. HIGH SCHOOL,"COMBINED HUMANITIES (S,H)"
BUKIT PANJANG GOVT. HIGH SCHOOL,"COMBINED HUMANITIES (S,L)"
BUKIT PANJANG GOVT. HIGH SCHOOL,GEOGRAPHY
BUKIT PANJANG GOVT. HIGH SCHOOL,HISTORY
BUKIT PANJANG GOVT. HIGH SCHOOL,LITERATURE IN ENGLISH
BUKIT PANJANG GOVT. HIGH SCHOOL,PRINCIPLES OF ACCOUNTS
BUKIT PANJANG GOVT. HIGH SCHOOL,DESIGN & TECHNOLOGY
BUKIT PANJANG GOVT. HIGH SCHOOL,FOOD & CONSUMER EDUCATION
BUKIT PANJANG GOVT. HIGH SCHOOL,ART
BUKIT PANJANG GOVT. HIGH SCHOOL,MUSIC
BUKIT PANJANG GOVT. HIGH SCHOOL,CHINESE
BUKIT PANJANG GOVT. HIGH SCHOOL,MALAY
BUKIT PANJANG GOVT. HIGH SCHOOL,TAMIL
BUKIT PANJANG GOVT. HIGH SCHOOL,HIGHER CHINESE
BUKIT PANJANG GOVT. HIGH SCHOOL,HIGHER MALAY
BUKIT PANJANG GOVT. HIGH SCHOOL,HIGHER TAMIL
BUKIT PANJANG GOVT. HIGH SCHOOL,COMPUTING
BUKIT PANJANG PRIMARY SCHOOL,ENGLISH LANGUAGE
BUKIT PANJANG PRIMARY SCHOOL,MATHEMATICS
BUKIT PANJANG PRIMARY SCHOOL,SCIENCE
BUKIT PANJANG PRIMARY SCHOOL,CHINESE
BUKIT PANJANG PRIMARY SCHOOL,MALAY
BUKIT PANJANG PRIMARY SCHOOL,TAMIL
BUKIT PANJANG PRIMARY SCHOOL,HIGHER CHINESE
BUKIT PANJANG PRIMARY SCHOOL,HIGHER MALAY
BUKIT PANJANG PRIMARY SCHOOL,HIGHER TAMIL
BUKIT PANJANG PRIMARY SCHOOL,ART
BUKIT PANJANG PRIMARY SCHOOL,MUSIC
BUKIT PANJANG PRIMARY SCHOOL,PHYSICAL EDUCATION
BUKIT PANJANG PRIMARY SCHOOL,SOCIAL STUDIES
BUKIT TIMAH PRIMARY SCHOOL,ENGLISH LANGUAGE
BUKIT TIMAH PRIMARY SCHOOL,MATHEMATICS
BUKIT TIMAH PRIMARY SCHOOL,SCIENCE
BUKIT TIMAH PRIMARY SCHOOL,CHINESE
BUKIT TIMAH PRIMARY SCHOOL,MALAY
BUKIT TIMAH PRIMARY SCHOOL,TAMIL
BUKIT TIMAH PRIMARY SCHOOL,HIGHER CHINESE
BUKIT TIMAH PRIMARY SCHOOL,HIGHER MALAY
BUKIT TIMAH PRIMARY SCHOOL,HIGHER TAMIL
BUKIT TIMAH PRIMARY SCHOOL,ART
BUKIT TIMAH PRIMARY SCHOOL,MUSIC
BUKIT TIMAH PRIMARY SCHOOL,PHYSICAL EDUCATION
BUKIT TIMAH PRIMARY SCHOOL,SOCIAL STUDIES
BUKIT VIEW PRIMARY SCHOOL,ENGLISH LANGUAGE
BUKIT VIEW PRIMARY SCHOOL,MATHEMATICS
BUKIT VIEW PRIMARY SCHOOL,SCIENCE
BUKIT VIEW PRIMARY SCHOOL,CHINESE
BUKIT VIEW PRIMARY SCHOOL,MALAY
BUKIT VIEW PRIMARY SCHOOL,TAMIL
BUKIT VIEW PRIMARY SCHOOL,HIGHER CHINESE
BUKIT VIEW PRIMARY SCHOOL,HIGHER MALAY
BUKIT VIEW PRIMARY SCHOOL,HIGHER TAMIL
BUKIT VIEW PRIMARY SCHOOL,ART
BUKIT VIEW PRIMARY SCHOOL,MUSIC
BUKIT VIEW PRIMARY SCHOOL,PHYSICAL EDUCATION
BUKIT VIEW PRIMARY SCHOOL,SOCIAL STUDIES
BUKIT VIEW SECONDARY SCHOOL,ENGLISH LANGUAGE
BUKIT VIEW SECONDARY SCHOOL,MATHEMATICS
BUKIT VIEW SECONDARY SCHOOL,ADDITIONAL MATHEMATICS
BUKIT VIEW SECONDARY SCHOOL,SCIENCE (PHY/CHEM)
BUKIT VIEW SECONDARY SCHOOL,SCIENCE (CHEM/BIO)
BUKIT VIEW SECONDARY SCHOOL,PHYSICS
BUKIT VIEW SECONDARY SCHOOL,CHEMISTRY
BUKIT VIEW SECONDARY SCHOOL,BIOLOGY
BUKIT VIEW SECONDARY SCHOOL,"COMBINED HUMANITIES (S,G)"
BUKIT VIEW SECONDARY SCHOOL,"COMBINED HUMANITIES (S,H)"
BUKIT VIEW SECONDARY SCHOOL,"COMBINED HUMANITIES (S,L)"
BUKIT VIEW SECONDARY SCHOOL,GEOGRAPHY
BUKIT VIEW SECONDARY SCHOOL,HISTORY
BUKIT VIEW SECONDARY SCHOOL,LITERATURE IN ENGLISH
BUKIT VIEW SECONDARY SCHOOL,PRINCIPLES OF ACCOUNTS
BUKIT VIEW SECONDARY SCHOOL,DESIGN & TECHNOLOGY
BUKIT VIEW SECONDARY SCHOOL,FOOD & CONSUMER EDUCATION
BUKIT VIEW SECONDARY SCHOOL,ART
BUKIT VIEW SECONDARY SCHOOL,MUSIC
BUKIT VIEW SECONDARY SCHOOL,CHINESE
BUKIT VIEW SECONDARY SCHOOL,MALAY
BUKIT VIEW SECONDARY SCHOOL,TAMIL
BUKIT VIEW SECONDARY SCHOOL,HIGHER CHINESE
BUKIT VIEW SECONDARY SCHOOL,HIGHER MALAY
BUKIT VIEW SECONDARY SCHOOL,HIGHER TAMIL
BUKIT VIEW SECONDARY SCHOOL,COMPUTING
CANBERRA PRIMARY SCHOOL,ENGLISH LANGUAGE
CANBERRA PRIMARY SCHOOL,MATHEMATICS
CANBERRA PRIMARY SCHOOL,SCIENCE
CANBERRA PRIMARY SCHOOL,CHINESE
CANBERRA PRIMARY SCHOOL,MALAY
CANBERRA PRIMARY SCHOOL,TAMIL
CANBERRA PRIMARY SCHOOL,HIGHER CHINESE
CANBERRA PRIMARY SCHOOL,HIGHER MALAY
CANBERRA PRIMARY SCHOOL,HIGHER TAMIL
CANBERRA PRIMARY SCHOOL,ART
CANBERRA PRIMARY SCHOOL,MUSIC
CANBERRA PRIMARY SCHOOL,PHYSICAL EDUCATION
CANBERRA PRIMARY SCHOOL,SOCIAL STUDIES
CANBERRA SECONDARY SCHOOL,ENGLISH LANGUAGE
CANBERRA SECONDARY SCHOOL,MATHEMATICS
CANBERRA SECONDARY SCHOOL,ADDITIONAL MATHEMATICS
CANBERRA SECONDARY SCHOOL,SCIENCE (PHY/CHEM)
CANBERRA SECONDARY SCHOOL,SCIENCE (CHEM/BIO)
CANBERRA SECONDARY SCHOOL,PHYSICS
CANBERRA SECONDARY SCHOOL,CHEMISTRY
CANBERRA SECONDARY SCHOOL,BIOLOGY
CANBERRA SECONDARY SCHOOL,"COMBINED HUMANITIES (S,G)"
CANBERRA SECONDARY SCHOOL,"COMBINED HUMANITIES (S,H)"
CANBERRA SECONDARY SCHOOL,"COMBINED HUMANITIES (S,L)"
CANBERRA SECONDARY SCHOOL,GEOGRAPHY
CANBERRA SECONDARY SCHOOL,HISTORY
CANBERRA SECONDARY SCHOOL,LITERATURE IN ENGLISH
CANBERRA SECONDARY SCHOOL,PRINCIPLES OF ACCOUNTS
CANBERRA SECONDARY SCHOOL,DESIGN & TECHNOLOGY
CANBERRA SECONDARY SCHOOL,FOOD & CONSUMER EDUCATION
CANBERRA SECONDARY SCHOOL,ART
CANBERRA SECONDARY SCHOOL,MUSIC
CANBERRA SECONDARY SCHOOL,CHINESE
CANBERRA SECONDARY SCHOOL,MALAY
CANBERRA SECONDARY SCHOOL,TAMIL
CANBERRA SECONDARY SCHOOL,HIGHER CHINESE
CANBERRA SECONDARY SCHOOL,HIGHER MALAY
CANBERRA SECONDARY SCHOOL,HIGHER TAMIL
CANBERRA SECONDARY SCHOOL,COMPUTING
CANOSSA CATHOLIC PRIMARY SCHOOL,ENGLISH LANGUAGE
CANOSSA CATHOLIC PRIMARY SCHOOL,MATHEMATICS
CANOSSA CATHOLIC PRIMARY SCHOOL,SCIENCE
CANOSSA CATHOLIC PRIMARY SCHOOL,CHINESE
CANOSSA CATHOLIC PRIMARY SCHOOL,MALAY
CANOSSA CATHOLIC PRIMARY SCHOOL,TAMIL
CANOSSA CATHOLIC PRIMARY SCHOOL,HIGHER CHINESE
CANOSSA CATHOLIC PRIMARY SCHOOL,HIGHER MALAY
CANOSSA CATHOLIC PRIMARY SCHOOL,HIGHER TAMIL
CANOSSA CATHOLIC PRIMARY SCHOOL,ART
CANOSSA CATHOLIC PRIMARY SCHOOL,MUSIC
CANOSSA CATHOLIC PRIMARY SCHOOL,PHYSICAL EDUCATION
CANOSSA CATHOLIC PRIMARY SCHOOL,SOCIAL STUDIES
CANTONMENT PRIMARY SCHOOL,ENGLISH LANGUAGE
CANTONMENT PRIMARY SCHOOL,MATHEMATICS
CANTONMENT PRIMARY SCHOOL,SCIENCE
CANTONMENT PRIMARY SCHOOL,CHINESE
CANTONMENT PRIMARY SCHOOL,MALAY
CANTONMENT PRIMARY SCHOOL,TAMIL
CANTONMENT PRIMARY SCHOOL,HIGHER CHINESE
CANTONMENT PRIMARY SCHOOL,HIGHER MALAY
CANTONMENT PRIMARY SCHOOL,HIGHER TAMIL
CANTONMENT PRIMARY SCHOOL,ART
CANTONMENT PRIMARY SCHOOL,MUSIC
CANTONMENT PRIMARY SCHOOL,PHYSICAL EDUCATION
CANTONMENT PRIMARY SCHOOL,SOCIAL STUDIES
CASUARINA PRIMARY SCHOOL,ENGLISH LANGUAGE
CASUARINA PRIMARY SCHOOL,MATHEMATICS
CASUARINA PRIMARY SCHOOL,SCIENCE
CASUARINA PRIMARY SCHOOL,CHINESE
CASUARINA PRIMARY SCHOOL,MALAY
CASUARINA PRIMARY SCHOOL,TAMIL
CASUARINA PRIMARY SCHOOL,HIGHER CHINESE
CASUARINA PRIMARY SCHOOL,HIGHER MALAY
CASUARINA PRIMARY SCHOOL,HIGHER TAMIL
CASUARINA PRIMARY SCHOOL,ART
CASUARINA PRIMARY SCHOOL,MUSIC
CASUARINA PRIMARY SCHOOL,PHYSICAL EDUCATION
CASUARINA PRIMARY SCHOOL,SOCIAL STUDIES
CATHOLIC HIGH SCHOOL,H1 GENERAL PAPER
CATHOLIC HIGH SCHOOL,H1 PROJECT WORK
CATHOLIC HIGH SCHOOL,H2 MATHEMATICS
CATHOLIC HIGH SCHOOL,H2 FURTHER MATHEMATICS
CATHOLIC HIGH SCHOOL,H2 PHYSICS
CATHOLIC HIGH SCHOOL,H2 CHEMISTRY
CATHOLIC HIGH SCHOOL,H2 BIOLOGY
CATHOLIC HIGH SCHOOL,H2 ECONOMICS
CATHOLIC HIGH SCHOOL,H2 HISTORY
CATHOLIC HIGH SCHOOL,H2 GEOGRAPHY
CATHOLIC HIGH SCHOOL,H2 LITERATURE IN ENGLISH
CATHOLIC HIGH SCHOOL,H2 COMPUTING
CATHOLIC HIGH SCHOOL,H2 ART
CATHOLIC HIGH SCHOOL,H2 MUSIC
CATHOLIC HIGH SCHOOL,H2 MANAGEMENT OF BUSINESS
CATHOLIC HIGH SCHOOL,H2 PRINCIPLES OF ACCOUNTING
CATHOLIC HIGH SCHOOL,H1 CHINESE
CATHOLIC HIGH SCHOOL,H1 MALAY
CATHOLIC HIGH SCHOOL,H1 TAMIL
CATHOLIC JUNIOR COLLEGE,H1 GENERAL PAPER
CATHOLIC JUNIOR COLLEGE,H1 PROJECT WORK
CATHOLIC JUNIOR COLLEGE,H2 MATHEMATICS
CATHOLIC JUNIOR COLLEGE,H2 FURTHER MATHEMATICS
CATHOLIC JUNIOR COLLEGE,H2 PHYSICS
CATHOLIC JUNIOR COLLEGE,H2 CHEMISTRY
CATHOLIC JUNIOR COLLEGE,H2 BIOLOGY
CATHOLIC JUNIOR COLLEGE,H2 ECONOMICS
CATHOLIC JUNIOR COLLEGE,H2 HISTORY
CATHOLIC JUNIOR COLLEGE,H2 GEOGRAPHY
CATHOLIC JUNIOR COLLEGE,H2 LITERATURE IN ENGLISH
CATHOLIC JUNIOR COLLEGE,H2 COMPUTING
CATHOLIC JUNIOR COLLEGE,H2 ART
CATHOLIC JUNIOR COLLEGE,H2 MUSIC
CATHOLIC JUNIOR COLLEGE,H2 MANAGEMENT OF BUSINESS
CATHOLIC JUNIOR COLLEGE,H2 PRINCIPLES OF ACCOUNTING
CATHOLIC JUNIOR COLLEGE,H1 CHINESE
CATHOLIC JUNIOR COLLEGE,H1 MALAY
CATHOLIC JUNIOR COLLEGE,H1 TAMIL
CEDAR GIRLS' SECONDARY SCHOOL,ENGLISH LANGUAGE
CEDAR GIRLS' SECONDARY SCHOOL,MATHEMATICS
CEDAR GIRLS' SECONDARY SCHOOL,ADDITIONAL MATHEMATICS
CEDAR GIRLS' SECONDARY SCHOOL,SCIENCE (PHY/CHEM)
CEDAR GIRLS' SECONDARY SCHOOL,SCIENCE (CHEM/BIO)
CEDAR GIRLS' SECONDARY SCHOOL,PHYSICS
CEDAR GIRLS' SECONDARY SCHOOL,CHEMISTRY
CEDAR GIRLS' SECONDARY SCHOOL,BIOLOGY
CEDAR GIRLS' SECONDARY SCHOOL,"COMBINED HUMANITIES (S,G)"
CEDAR GIRLS' SECONDARY SCHOOL,"COMBINED HUMANITIES (S,H)"
CEDAR GIRLS' SECONDARY SCHOOL,"COMBINED HUMANITIES (S,L)"
CEDAR GIRLS' SECONDARY SCHOOL,GEOGRAPHY
CEDAR GIRLS' SECONDARY SCHOOL,HISTORY
CEDAR GIRLS' SECONDARY SCHOOL,LITERATURE IN ENGLISH
CEDAR GIRLS' SECONDARY SCHOOL,PRINCIPLES OF ACCOUNTS
CEDAR GIRLS' SECONDARY SCHOOL,DESIGN & TECHNOLOGY
CEDAR GIRLS' SECONDARY SCHOOL,FOOD & CONSUMER EDUCATION
CEDAR GIRLS' SECONDARY SCHOOL,ART
CEDAR GIRLS' SECONDARY SCHOOL,MUSIC
CEDAR GIRLS' SECONDARY SCHOOL,CHINESE
CEDAR GIRLS' SECONDARY SCHOOL,MALAY
CEDAR GIRLS' SECONDARY SCHOOL,TAMIL
CEDAR GIRLS' SECONDARY SCHOOL,HIGHER CHINESE
CEDAR GIRLS' SECONDARY SCHOOL,HIGHER MALAY
CEDAR GIRLS' SECONDARY SCHOOL,HIGHER TAMIL
CEDAR GIRLS' SECONDARY SCHOOL,COMPUTING
CEDAR PRIMARY SCHOOL,ENGLISH LANGUAGE
CEDAR PRIMARY SCHOOL,MATHEMATICS
CEDAR PRIMARY SCHOOL,SCIENCE
CEDAR PRIMARY SCHOOL,CHINESE
CEDAR PRIMARY SCHOOL,MALAY
CEDAR PRIMARY SCHOOL,TAMIL
CEDAR PRIMARY SCHOOL,HIGHER CHINESE
CEDAR PRIMARY SCHOOL,HIGHER MALAY
CEDAR PRIMARY SCHOOL,HIGHER TAMIL
CEDAR PRIMARY SCHOOL,ART
CEDAR PRIMARY SCHOOL,MUSIC
CEDAR PRIMARY SCHOOL,PHYSICAL EDUCATION
CEDAR PRIMARY SCHOOL,SOCIAL STUDIES
CHANGKAT CHANGI SECONDARY SCHOOL,ENGLISH LANGUAGE
CHANGKAT CHANGI SECONDARY SCHOOL,MATHEMATICS
CHANGKAT CHANGI SECONDARY SCHOOL,ADDITIONAL MATHEMATICS
CHANGKAT CHANGI SECONDARY SCHOOL,SCIENCE (PHY/CHEM)
CHANGKAT CHANGI SECONDARY SCHOOL,SCIENCE (CHEM/BIO)
CHANGKAT CHANGI SECONDARY SCHOOL,PHYSICS
CHANGKAT CHANGI SECONDARY SCHOOL,CHEMISTRY
CHANGKAT CHANGI SECONDARY SCHOOL,BIOLOGY
CHANGKAT CHANGI SECONDARY SCHOOL,"COMBINED HUMANITIES (S,G)"
CHANGKAT CHANGI SECONDARY SCHOOL,"COMBINED HUMANITIES (S,H)"
CHANGKAT CHANGI SECONDARY SCHOOL,"COMBINED HUMANITIES (S,L)"
CHANGKAT CHANGI SECONDARY SCHOOL,GEOGRAPHY
CHANGKAT CHANGI SECONDARY SCHOOL,HISTORY
CHANGKAT CHANGI SECONDARY SCHOOL,LITERATURE IN ENGLISH
CHANGKAT CHANGI SECONDARY SCHOOL,PRINCIPLES OF ACCOUNTS
CHANGKAT CHANGI SECONDARY SCHOOL,DESIGN & TECHNOLOGY
CHANGKAT CHANGI SECONDARY SCHOOL,FOOD & CONSUMER EDUCATION
CHANGKAT CHANGI SECONDARY SCHOOL,ART
CHANGKAT CHANGI SECONDARY SCHOOL,MUSIC
CHANGKAT CHANGI SECONDARY SCHOOL,CHINESE
CHANGKAT CHANGI SECONDARY SCHOOL,MALAY
CHANGKAT CHANGI SECONDARY SCHOOL,TAMIL
CHANGKAT CHANGI SECONDARY SCHOOL,HIGHER CHINESE
CHANGKAT CHANGI SECONDARY SCHOOL,HIGHER MALAY
CHANGKAT CHANGI SECONDARY SCHOOL,HIGHER TAMIL
CHANGKAT CHANGI SECONDARY SCHOOL,COMPUTING
CHANGKAT PRIMARY SCHOOL,ENGLISH LANGUAGE
CHANGKAT PRIMARY SCHOOL,MATHEMATICS
CHANGKAT PRIMARY SCHOOL,SCIENCE
CHANGKAT PRIMARY SCHOOL,CHINESE
CHANGKAT PRIMARY SCHOOL,MALAY
CHANGKAT PRIMARY SCHOOL,TAMIL
CHANGKAT PRIMARY SCHOOL,HIGHER CHINESE
CHANGKAT PRIMARY SCHOOL,HIGHER MALAY
CHANGKAT PRIMARY SCHOOL,HIGHER TAMIL
CHANGKAT PRIMARY SCHOOL,ART
CHANGKAT PRIMARY SCHOOL,MUSIC
CHANGKAT PRIMARY SCHOOL,PHYSICAL EDUCATION
CHANGKAT PRIMARY SCHOOL,SOCIAL STUDIES
CHIJ (KATONG) PRIMARY,ENGLISH LANGUAGE
CHIJ (KATONG) PRIMARY,MATHEMATICS
CHIJ (KATONG) PRIMARY,SCIENCE
CHIJ (KATONG) PRIMARY,CHINESE
CHIJ (KATONG) PRIMARY,MALAY
CHIJ (KATONG) PRIMARY,TAMIL
CHIJ (KATONG) PRIMARY,HIGHER CHINESE
CHIJ (KATONG) PRIMARY,HIGHER MALAY
CHIJ (KATONG) PRIMARY,HIGHER TAMIL
CHIJ (KATONG) PRIMARY,ART
CHIJ (KATONG) PRIMARY,MUSIC
CHIJ (KATONG) PRIMARY,PHYSICAL EDUCATION
CHIJ (KATONG) PRIMARY,SOCIAL STUDIES
CHIJ (KELLOCK),ENGLISH LANGUAGE
CHIJ (KELLOCK),MATHEMATICS
CHIJ (KELLOCK),SCIENCE
CHIJ (KELLOCK),CHINESE
CHIJ (KELLOCK),MALAY
CHIJ (KELLOCK),TAMIL
CHIJ (KELLOCK),HIGHER CHINESE
CHIJ (KELLOCK),HIGHER MALAY
CHIJ (KELLOCK),HIGHER TAMIL
CHIJ (KELLOCK),ART
CHIJ (KELLOCK),MUSIC
CHIJ (KELLOCK),PHYSICAL EDUCATION
CHIJ (KELLOCK),SOCIAL STUDIES
CHIJ KATONG CONVENT,ENGLISH LANGUAGE
CHIJ KATONG CONVENT,MATHEMATICS
CHIJ KATONG CONVENT,ADDITIONAL MATHEMATICS
CHIJ KATONG CONVENT,SCIENCE (PHY/CHEM)
CHIJ KATONG CONVENT,SCIENCE (CHEM/BIO)
CHIJ KATONG CONVENT,PHYSICS
CHIJ KATONG CONVENT,CHEMISTRY
CHIJ KATONG CONVENT,BIOLOGY
CHIJ KATONG CONVENT,"COMBINED HUMANITIES (S,G)"
CHIJ KATONG CONVENT,"COMBINED HUMANITIES (S,H)"
CHIJ KATONG CONVENT,"COMBINED HUMANITIES (S,L)"
CHIJ KATONG CONVENT,GEOGRAPHY
CHIJ KATONG CONVENT,HISTORY
CHIJ KATONG CONVENT,LITERATURE IN ENGLISH
CHIJ KATONG CONVENT,PRINCIPLES OF ACCOUNTS
CHIJ KATONG CONVENT,DESIGN & TECHNOLOGY
CHIJ KATONG CONVENT,FOOD & CONSUMER EDUCATION
CHIJ KATONG CONVENT,ART
CHIJ KATONG CONVENT,MUSIC
CHIJ KATONG CONVENT,CHINESE
CHIJ KATONG CONVENT,MALAY
CHIJ KATONG CONVENT,TAMIL
CHIJ KATONG CONVENT,HIGHER CHINESE
CHIJ KATONG CONVENT,HIGHER MALAY
CHIJ KATONG CONVENT,HIGHER TAMIL
CHIJ KATONG CONVENT,COMPUTING
CHIJ OUR LADY OF GOOD COUNSEL,ENGLISH LANGUAGE
CHIJ OUR LADY OF GOOD COUNSEL,MATHEMATICS
CHIJ OUR LADY OF GOOD COUNSEL,SCIENCE
CHIJ OUR LADY OF GOOD COUNSEL,CHINESE
CHIJ OUR LADY OF GOOD COUNSEL,MALAY
CHIJ OUR LADY OF GOOD COUNSEL,TAMIL
CHIJ OUR LADY OF GOOD COUNSEL,HIGHER CHINESE
CHIJ OUR LADY OF GOOD COUNSEL,HIGHER MALAY
CHIJ OUR LADY OF GOOD COUNSEL,HIGHER TAMIL
CHIJ OUR LADY OF GOOD COUNSEL,ART
CHIJ OUR LADY OF GOOD COUNSEL,MUSIC
CHIJ OUR LADY OF GOOD COUNSEL,PHYSICAL EDUCATION
CHIJ OUR LADY OF GOOD COUNSEL,SOCIAL STUDIES
CHIJ OUR LADY OF THE NATIVITY,ENGLISH LANGUAGE
CHIJ OUR LADY OF THE NATIVITY,MATHEMATICS
CHIJ OUR LADY OF THE NATIVITY,SCIENCE
CHIJ OUR LADY OF THE NATIVITY,CHINESE
CHIJ OUR LADY OF THE NATIVITY,MALAY
CHIJ OUR LADY OF THE NATIVITY,TAMIL
CHIJ OUR LADY OF THE NATIVITY,HIGHER CHINESE
CHIJ OUR LADY OF THE NATIVITY,HIGHER MALAY
CHIJ OUR LADY OF THE NATIVITY,HIGHER TAMIL
CHIJ OUR LADY OF THE NATIVITY,ART
CHIJ OUR LADY OF THE NATIVITY,MUSIC
CHIJ OUR LADY OF THE NATIVITY,PHYSICAL EDUCATION
CHIJ OUR LADY OF THE NATIVITY,SOCIAL STUDIES
CHIJ OUR LADY QUEEN OF PEACE,ENGLISH LANGUAGE
CHIJ OUR LADY QUEEN OF PEACE,MATHEMATICS
CHIJ OUR LADY QUEEN OF PEACE,SCIENCE
CHIJ OUR LADY QUEEN OF PEACE,CHINESE
CHIJ OUR LADY QUEEN OF PEACE,MALAY
CHIJ OUR LADY QUEEN OF PEACE,TAMIL
CHIJ OUR LADY QUEEN OF PEACE,HIGHER CHINESE
CHIJ OUR LADY QUEEN OF PEACE,HIGHER MALAY
CHIJ OUR LADY QUEEN OF PEACE,HIGHER TAMIL
CHIJ OUR LADY QUEEN OF PEACE,ART
CHIJ OUR LADY QUEEN OF PEACE,MUSIC
CHIJ OUR LADY QUEEN OF PEACE,PHYSICAL EDUCATION
CHIJ OUR LADY QUEEN OF PEACE,SOCIAL STUDIES
CHIJ PRIMARY (TOA PAYOH),ENGLISH LANGUAGE
CHIJ PRIMARY (TOA PAYOH),MATHEMATICS
CHIJ PRIMARY (TOA PAYOH),SCIENCE
CHIJ PRIMARY (TOA PAYOH),CHINESE
CHIJ PRIMARY (TOA PAYOH),MALAY
CHIJ PRIMARY (TOA PAYOH),TAMIL
CHIJ PRIMARY (TOA PAYOH),HIGHER CHINESE
CHIJ PRIMARY (TOA PAYOH),HIGHER MALAY
CHIJ PRIMARY (TOA PAYOH),HIGHER TAMIL
CHIJ PRIMARY (TOA PAYOH),ART
CHIJ PRIMARY (TOA PAYOH),MUSIC
CHIJ PRIMARY (TOA PAYOH),PHYSICAL EDUCATION
CHIJ PRIMARY (TOA PAYOH),SOCIAL STUDIES
CHIJ SECONDARY (TOA PAYOH),ENGLISH LANGUAGE
CHIJ SECONDARY (TOA PAYOH),MATHEMATICS
CHIJ SECONDARY (TOA PAYOH),ADDITIONAL MATHEMATICS
CHIJ SECONDARY (TOA PAYOH),SCIENCE (PHY/CHEM)
CHIJ SECONDARY (TOA PAYOH),SCIENCE (CHEM/BIO)
CHIJ SECONDARY (TOA PAYOH),PHYSICS
CHIJ SECONDARY (TOA PAYOH),CHEMISTRY
CHIJ SECONDARY (TOA PAYOH),BIOLOGY
CHIJ SECONDARY (TOA PAYOH),"COMBINED HUMANITIES (S,G)"
CHIJ SECONDARY (TOA PAYOH),"COMBINED HUMANITIES (S,H)"
CHIJ SECONDARY (TOA PAYOH),"COMBINED HUMANITIES (S,L)"
CHIJ SECONDARY (TOA PAYOH),GEOGRAPHY
CHIJ SECONDARY (TOA PAYOH),HISTORY
CHIJ SECONDARY (TOA PAYOH),LITERATURE IN ENGLISH
CHIJ SECONDARY (TOA PAYOH),PRINCIPLES OF ACCOUNTS
CHIJ SECONDARY (TOA PAYOH),DESIGN & TECHNOLOGY
CHIJ SECONDARY (TOA PAYOH),FOOD & CONSUMER EDUCATION
CHIJ SECONDARY (TOA PAYOH),ART
CHIJ SECONDARY (TOA PAYOH),MUSIC
CHIJ SECONDARY (TOA PAYOH),CHINESE
CHIJ SECONDARY (TOA PAYOH),MALAY
CHIJ SECONDARY (TOA PAYOH),TAMIL
CHIJ SECONDARY (TOA PAYOH),HIGHER CHINESE
CHIJ SECONDARY (TOA PAYOH),HIGHER MALAY
CHIJ SECONDARY (TOA PAYOH),HIGHER TAMIL
CHIJ SECONDARY (TOA PAYOH),COMPUTING
CHIJ ST. JOSEPH'S CONVENT,ENGLISH LANGUAGE
CHIJ ST. JOSEPH'S CONVENT,MATHEMATICS
CHIJ ST. JOSEPH'S CONVENT,ADDITIONAL MATHEMATICS
CHIJ ST. JOSEPH'S CONVENT,SCIENCE (PHY/CHEM)
CHIJ ST. JOSEPH'S CONVENT,SCIENCE (CHEM/BIO)
CHIJ ST. JOSEPH'S CONVENT,PHYSICS
CHIJ ST. JOSEPH'S CONVENT,CHEMISTRY
CHIJ ST. JOSEPH'S CONVENT,BIOLOGY
CHIJ ST. JOSEPH'S CONVENT,"COMBINED HUMANITIES (S,G)"
CHIJ ST. JOSEPH'S CONVENT,"COMBINED HUMANITIES (S,H)"
CHIJ ST. JOSEPH'S CONVENT,"COMBINED HUMANITIES (S,L)"
CHIJ ST. JOSEPH'S CONVENT,GEOGRAPHY
CHIJ ST. JOSEPH'S CONVENT,HISTORY
CHIJ ST. JOSEPH'S CONVENT,LITERATURE IN ENGLISH
CHIJ ST. JOSEPH'S CONVENT,PRINCIPLES OF ACCOUNTS
CHIJ ST. JOSEPH'S CONVENT,DESIGN & TECHNOLOGY
CHIJ ST. JOSEPH'S CONVENT,FOOD & CONSUMER EDUCATION
CHIJ ST. JOSEPH'S CONVENT,ART
CHIJ ST. JOSEPH'S CONVENT,MUSIC
CHIJ ST. JOSEPH'S CONVENT,CHINESE
CHIJ ST. JOSEPH'S CONVENT,MALAY
CHIJ ST. JOSEPH'S CONVENT,TAMIL
CHIJ ST. JOSEPH'S CONVENT,HIGHER CHINESE
CHIJ ST. JOSEPH'S CONVENT,HIGHER MALAY
CHIJ ST. JOSEPH'S CONVENT,HIGHER TAMIL
CHIJ ST. JOSEPH'S CONVENT,COMPUTING
CHIJ ST. NICHOLAS GIRLS' SCHOOL,H1 GENERAL PAPER
CHIJ ST. NICHOLAS GIRLS' SCHOOL,H1 PROJECT WORK
CHIJ ST. NICHOLAS GIRLS' SCHOOL,H2 MATHEMATICS
CHIJ ST. NICHOLAS GIRLS' SCHOOL,H2 FURTHER MATHEMATICS
CHIJ ST. NICHOLAS GIRLS' SCHOOL,H2 PHYSICS
CHIJ ST. NICHOLAS GIRLS' SCHOOL,H2 CHEMISTRY
CHIJ ST. NICHOLAS GIRLS' SCHOOL,H2 BIOLOGY
CHIJ ST. NICHOLAS GIRLS' SCHOOL,H2 ECONOMICS
CHIJ ST. NICHOLAS GIRLS' SCHOOL,H2 HISTORY
CHIJ ST. NICHOLAS GIRLS' SCHOOL,H2 GEOGRAPHY
CHIJ ST. NICHOLAS GIRLS' SCHOOL,H2 LITERATURE IN ENGLISH
CHIJ ST. NICHOLAS GIRLS' SCHOOL,H2 COMPUTING
CHIJ ST. NICHOLAS GIRLS' SCHOOL,H2 ART
CHIJ ST. NICHOLAS GIRLS' SCHOOL,H2 MUSIC
CHIJ ST. NICHOLAS GIRLS' SCHOOL,H2 MANAGEMENT OF BUSINESS
CHIJ ST. NICHOLAS GIRLS' SCHOOL,H2 PRINCIPLES OF ACCOUNTING
CHIJ ST. NICHOLAS GIRLS' SCHOOL,H1 CHINESE
CHIJ ST. NICHOLAS GIRLS' SCHOOL,H1 MALAY
CHIJ ST. NICHOLAS GIRLS' SCHOOL,H1 TAMIL
CHIJ ST. THERESA'S CONVENT,ENGLISH LANGUAGE
CHIJ ST. THERESA'S CONVENT,MATHEMATICS
CHIJ ST. THERESA'S CONVENT,ADDITIONAL MATHEMATICS
CHIJ ST. THERESA'S CONVENT,SCIENCE (PHY/CHEM)
CHIJ ST. THERESA'S CONVENT,SCIENCE (CHEM/BIO)
CHIJ ST. THERESA'S CONVENT,PHYSICS
CHIJ ST. THERESA'S CONVENT,CHEMISTRY
CHIJ ST. THERESA'S CONVENT,BIOLOGY
CHIJ ST. THERESA'S CONVENT,"COMBINED HUMANITIES (S,G)"
CHIJ ST. THERESA'S CONVENT,"COMBINED HUMANITIES (S,H)"
CHIJ ST. THERESA'S CONVENT,"COMBINED HUMANITIES (S,L)"
CHIJ ST. THERESA'S CONVENT,GEOGRAPHY
CHIJ ST. THERESA'S CONVENT,HISTORY
CHIJ ST. THERESA'S CONVENT,LITERATURE IN ENGLISH
CHIJ ST. THERESA'S CONVENT,PRINCIPLES OF ACCOUNTS
CHIJ ST. THERESA'S CONVENT,DESIGN & TECHNOLOGY
CHIJ ST. THERESA'S CONVENT,FOOD & CONSUMER EDUCATION
CHIJ ST. THERESA'S CONVENT,ART
CHIJ ST. THERESA'S CONVENT,MUSIC
CHIJ ST. THERESA'S CONVENT,CHINESE
CHIJ ST. THERESA'S CONVENT,MALAY
CHIJ ST. THERESA'S CONVENT,TAMIL
CHIJ ST. THERESA'S CONVENT,HIGHER CHINESE
CHIJ ST. THERESA'S CONVENT,HIGHER MALAY
CHIJ ST. THERESA'S CONVENT,HIGHER TAMIL
CHIJ ST. THERESA'S CONVENT,COMPUTING
CHONGFU SCHOOL,ENGLISH LANGUAGE
CHONGFU SCHOOL,MATHEMATICS
CHONGFU SCHOOL,SCIENCE
CHONGFU SCHOOL,CHINESE
CHONGFU SCHOOL,MALAY
CHONGFU SCHOOL,TAMIL
CHONGFU SCHOOL,HIGHER CHINESE
CHONGFU SCHOOL,HIGHER MALAY
CHONGFU SCHOOL,HIGHER TAMIL
CHONGFU SCHOOL,ART
CHONGFU SCHOOL,MUSIC
CHONGFU SCHOOL,PHYSICAL EDUCATION
CHONGFU SCHOOL,SOCIAL STUDIES
CHONGZHENG PRIMARY SCHOOL,ENGLISH LANGUAGE
CHONGZHENG PRIMARY SCHOOL,MATHEMATICS
CHONGZHENG PRIMARY SCHOOL,SCIENCE
CHONGZHENG PRIMARY SCHOOL,CHINESE
CHONGZHENG PRIMARY SCHOOL,MALAY
CHONGZHENG PRIMARY SCHOOL,TAMIL
CHONGZHENG PRIMARY SCHOOL,HIGHER CHINESE
CHONGZHENG PRIMARY SCHOOL,HIGHER MALAY
CHONGZHENG PRIMARY SCHOOL,HIGHER TAMIL
CHONGZHENG PRIMARY SCHOOL,ART
CHONGZHENG PRIMARY SCHOOL,MUSIC
CHONGZHENG PRIMARY SCHOOL,PHYSICAL EDUCATION
CHONGZHENG PRIMARY SCHOOL,SOCIAL STUDIES
CHRIST CHURCH SECONDARY SCHOOL,ENGLISH LANGUAGE
CHRIST CHURCH SECONDARY SCHOOL,MATHEMATICS
CHRIST CHURCH SECONDARY SCHOOL,ADDITIONAL MATHEMATICS
CHRIST CHURCH SECONDARY SCHOOL,SCIENCE (PHY/CHEM)
CHRIST CHURCH SECONDARY SCHOOL,SCIENCE (CHEM/BIO)
CHRIST CHURCH SECONDARY SCHOOL,PHYSICS
CHRIST CHURCH SECONDARY SCHOOL,CHEMISTRY
CHRIST CHURCH SECONDARY SCHOOL,BIOLOGY
CHRIST CHURCH SECONDARY SCHOOL,"COMBINED HUMANITIES (S,G)"
CHRIST CHURCH SECONDARY SCHOOL,"COMBINED HUMANITIES (S,H)"
CHRIST CHURCH SECONDARY SCHOOL,"COMBINED HUMANITIES (S,L)"
CHRIST CHURCH SECONDARY SCHOOL,GEOGRAPHY
CHRIST CHURCH SECONDARY SCHOOL,HISTORY
CHRIST CHURCH SECONDARY SCHOOL,LITERATURE IN ENGLISH
CHRIST CHURCH SECONDARY SCHOOL,PRINCIPLES OF ACCOUNTS
CHRIST CHURCH SECONDARY SCHOOL,DESIGN & TECHNOLOGY
CHRIST CHURCH SECONDARY SCHOOL,FOOD & CONSUMER EDUCATION
CHRIST CHURCH SECONDARY SCHOOL,ART
CHRIST CHURCH SECONDARY SCHOOL,MUSIC
CHRIST CHURCH SECONDARY SCHOOL,CHINESE
CHRIST CHURCH SECONDARY SCHOOL,MALAY
CHRIST CHURCH SECONDARY SCHOOL,TAMIL
CHRIST CHURCH SECONDARY SCHOOL,HIGHER CHINESE
CHRIST CHURCH SECONDARY SCHOOL,HIGHER MALAY
CHRIST CHURCH SECONDARY SCHOOL,HIGHER TAMIL
CHRIST CHURCH SECONDARY SCHOOL,COMPUTING
CHUA CHU KANG PRIMARY SCHOOL,ENGLISH LANGUAGE
CHUA CHU KANG PRIMARY SCHOOL,MATHEMATICS
CHUA CHU KANG PRIMARY SCHOOL,SCIENCE
CHUA CHU KANG PRIMARY SCHOOL,CHINESE
CHUA CHU KANG PRIMARY SCHOOL,MALAY
CHUA CHU KANG PRIMARY SCHOOL,TAMIL
CHUA CHU KANG PRIMARY SCHOOL,HIGHER CHINESE
CHUA CHU KANG PRIMARY SCHOOL,HIGHER MALAY
CHUA CHU KANG PRIMARY SCHOOL,HIGHER TAMIL
CHUA CHU KANG PRIMARY SCHOOL,ART
CHUA CHU KANG PRIMARY SCHOOL,MUSIC
CHUA CHU KANG PRIMARY SCHOOL,PHYSICAL EDUCATION
CHUA CHU KANG PRIMARY SCHOOL,SOCIAL STUDIES
CHUA CHU KANG SECONDARY SCHOOL,ENGLISH LANGUAGE
CHUA CHU KANG SECONDARY SCHOOL,MATHEMATICS
CHUA CHU KANG SECONDARY SCHOOL,ADDITIONAL MATHEMATICS
CHUA CHU KANG SECONDARY SCHOOL,SCIENCE (PHY/CHEM)
CHUA CHU KANG SECONDARY SCHOOL,SCIENCE (CHEM/BIO)
CHUA CHU KANG SECONDARY SCHOOL,PHYSICS
CHUA CHU KANG SECONDARY SCHOOL,CHEMISTRY
CHUA CHU KANG SECONDARY SCHOOL,BIOLOGY
CHUA CHU KANG SECONDARY SCHOOL,"COMBINED HUMANITIES (S,G)"
CHUA CHU KANG SECONDARY SCHOOL,"COMBINED HUMANITIES (S,H)"
CHUA CHU KANG SECONDARY SCHOOL,"COMBINED HUMANITIES (S,L)"
CHUA CHU KANG SECONDARY SCHOOL,GEOGRAPHY
CHUA CHU KANG SECONDARY SCHOOL,HISTORY
CHUA CHU KANG SECONDARY SCHOOL,LITERATURE IN ENGLISH
CHUA CHU KANG SECONDARY SCHOOL,PRINCIPLES OF ACCOUNTS
CHUA CHU KANG SECONDARY SCHOOL,DESIGN & TECHNOLOGY
CHUA CHU KANG SECONDARY SCHOOL,FOOD & CONSUMER EDUCATION
CHUA CHU KANG SECONDARY SCHOOL,ART
CHUA CHU KANG SECONDARY SCHOOL,MUSIC
CHUA CHU KANG SECONDARY SCHOOL,CHINESE
CHUA CHU KANG SECONDARY SCHOOL,MALAY
CHUA CHU KANG SECONDARY SCHOOL,TAMIL
CHUA CHU KANG SECONDARY SCHOOL,HIGHER CHINESE
CHUA CHU KANG SECONDARY SCHOOL,HIGHER MALAY
CHUA CHU KANG SECONDARY SCHOOL,HIGHER TAMIL
CHUA CHU KANG SECONDARY SCHOOL,COMPUTING
CHUNG CHENG HIGH SCHOOL (MAIN),ENGLISH LANGUAGE
CHUNG CHENG HIGH SCHOOL (MAIN),MATHEMATICS
CHUNG CHENG HIGH SCHOOL (MAIN),ADDITIONAL MATHEMATICS
CHUNG CHENG HIGH SCHOOL (MAIN),SCIENCE (PHY/CHEM)
CHUNG CHENG HIGH SCHOOL (MAIN),SCIENCE (CHEM/BIO)
CHUNG CHENG HIGH SCHOOL (MAIN),PHYSICS
CHUNG CHENG HIGH SCHOOL (MAIN),CHEMISTRY
CHUNG CHENG HIGH SCHOOL (MAIN),BIOLOGY
CHUNG CHENG HIGH SCHOOL (MAIN),"COMBINED HUMANITIES (S,G)"
CHUNG CHENG HIGH SCHOOL (MAIN),"COMBINED HUMANITIES (S,H)"
CHUNG CHENG HIGH SCHOOL (MAIN),"COMBINED HUMANITIES (S,L)"
CHUNG CHENG HIGH SCHOOL (MAIN),GEOGRAPHY
CHUNG CHENG HIGH SCHOOL (MAIN),HISTORY
CHUNG CHENG HIGH SCHOOL (MAIN),LITERATURE IN ENGLISH
CHUNG CHENG HIGH SCHOOL (MAIN),PRINCIPLES OF ACCOUNTS
CHUNG CHENG HIGH SCHOOL (MAIN),DESIGN & TECHNOLOGY
CHUNG CHENG HIGH SCHOOL (MAIN),FOOD & CONSUMER EDUCATION
CHUNG CHENG HIGH SCHOOL (MAIN),ART
CHUNG CHENG HIGH SCHOOL (MAIN),MUSIC
CHUNG CHENG HIGH SCHOOL (MAIN),CHINESE
CHUNG CHENG HIGH SCHOOL (MAIN),MALAY
CHUNG CHENG HIGH SCHOOL (MAIN),TAMIL
CHUNG CHENG HIGH SCHOOL (MAIN),HIGHER CHINESE
CHUNG CHENG HIGH SCHOOL (MAIN),HIGHER MALAY
CHUNG CHENG HIGH SCHOOL (MAIN),HIGHER TAMIL
CHUNG CHENG HIGH SCHOOL (MAIN),COMPUTING
CHUNG CHENG HIGH SCHOOL (YISHUN),ENGLISH LANGUAGE
CHUNG CHENG HIGH SCHOOL (YISHUN),MATHEMATICS
CHUNG CHENG HIGH SCHOOL (YISHUN),ADDITIONAL MATHEMATICS
CHUNG CHENG HIGH SCHOOL (YISHUN),SCIENCE (PHY/CHEM)
CHUNG CHENG HIGH SCHOOL (YISHUN),SCIENCE (CHEM/BIO)
CHUNG CHENG HIGH SCHOOL (YISHUN),PHYSICS
CHUNG CHENG HIGH SCHOOL (YISHUN),CHEMISTRY
CHUNG CHENG HIGH SCHOOL (YISHUN),BIOLOGY
CHUNG CHENG HIGH SCHOOL (YISHUN),"COMBINED HUMANITIES (S,G)"
CHUNG CHENG HIGH SCHOOL (YISHUN),"COMBINED HUMANITIES (S,H)"
CHUNG CHENG HIGH SCHOOL (YISHUN),"COMBINED HUMANITIES (S,L)"
CHUNG CHENG HIGH SCHOOL (YISHUN),GEOGRAPHY
CHUNG CHENG HIGH SCHOOL (YISHUN),HISTORY
CHUNG CHENG HIGH SCHOOL (YISHUN),LITERATURE IN ENGLISH
CHUNG CHENG HIGH SCHOOL (YISHUN),PRINCIPLES OF ACCOUNTS
CHUNG CHENG HIGH SCHOOL (YISHUN),DESIGN & TECHNOLOGY
CHUNG CHENG HIGH SCHOOL (YISHUN),FOOD & CONSUMER EDUCATION
CHUNG CHENG HIGH SCHOOL (YISHUN),ART
CHUNG CHENG HIGH SCHOOL (YISHUN),MUSIC
CHUNG CHENG HIGH SCHOOL (YISHUN),CHINESE
CHUNG CHENG HIGH SCHOOL (YISHUN),MALAY
CHUNG CHENG HIGH SCHOOL (YISHUN),TAMIL
CHUNG CHENG HIGH SCHOOL (YISHUN),HIGHER CHINESE
CHUNG CHENG HIGH SCHOOL (YISHUN),HIGHER MALAY
CHUNG CHENG HIGH SCHOOL (YISHUN),HIGHER TAMIL
CHUNG CHENG HIGH SCHOOL (YISHUN),COMPUTING
CLEMENTI PRIMARY SCHOOL,ENGLISH LANGUAGE
CLEMENTI PRIMARY SCHOOL,MATHEMATICS
CLEMENTI PRIMARY SCHOOL,SCIENCE
CLEMENTI PRIMARY SCHOOL,CHINESE
CLEMENTI PRIMARY SCHOOL,MALAY
CLEMENTI PRIMARY SCHOOL,TAMIL
CLEMENTI PRIMARY SCHOOL,HIGHER CHINESE
CLEMENTI PRIMARY SCHOOL,HIGHER MALAY
CLEMENTI PRIMARY SCHOOL,HIGHER TAMIL
CLEMENTI PRIMARY SCHOOL,ART
CLEMENTI PRIMARY SCHOOL,MUSIC
CLEMENTI PRIMARY SCHOOL,PHYSICAL EDUCATION
CLEMENTI PRIMARY SCHOOL,SOCIAL STUDIES
CLEMENTI TOWN SECONDARY SCHOOL,ENGLISH LANGUAGE
CLEMENTI TOWN SECONDARY SCHOOL,MATHEMATICS
CLEMENTI TOWN SECONDARY SCHOOL,ADDITIONAL MATHEMATICS
CLEMENTI TOWN SECONDARY SCHOOL,SCIENCE (PHY/CHEM)
CLEMENTI TOWN SECONDARY SCHOOL,SCIENCE (CHEM/BIO)
CLEMENTI TOWN SECONDARY SCHOOL,PHYSICS
CLEMENTI TOWN SECONDARY SCHOOL,CHEMISTRY
CLEMENTI TOWN SECONDARY SCHOOL,BIOLOGY
CLEMENTI TOWN SECONDARY SCHOOL,"COMBINED HUMANITIES (S,G)"
CLEMENTI TOWN SECONDARY SCHOOL,"COMBINED HUMANITIES (S,H)"
CLEMENTI TOWN SECONDARY SCHOOL,"COMBINED HUMANITIES (S,L)"
CLEMENTI TOWN SECONDARY SCHOOL,GEOGRAPHY
CLEMENTI TOWN SECONDARY SCHOOL,HISTORY
CLEMENTI TOWN SECONDARY SCHOOL,LITERATURE IN ENGLISH
CLEMENTI TOWN SECONDARY SCHOOL,PRINCIPLES OF ACCOUNTS
CLEMENTI TOWN SECONDARY SCHOOL,DESIGN & TECHNOLOGY
CLEMENTI TOWN SECONDARY SCHOOL,FOOD & CONSUMER EDUCATION
CLEMENTI TOWN SECONDARY SCHOOL,ART
CLEMENTI TOWN SECONDARY SCHOOL,MUSIC
CLEMENTI TOWN SECONDARY SCHOOL,CHINESE
CLEMENTI TOWN SECONDARY SCHOOL,MALAY
CLEMENTI TOWN SECONDARY SCHOOL,TAMIL
CLEMENTI TOWN SECONDARY SCHOOL,HIGHER CHINESE
CLEMENTI TOWN SECONDARY SCHOOL,HIGHER MALAY
CLEMENTI TOWN SECONDARY SCHOOL,HIGHER TAMIL
CLEMENTI TOWN SECONDARY SCHOOL,COMPUTING
COMMONWEALTH SECONDARY SCHOOL,ENGLISH LANGUAGE
COMMONWEALTH SECONDARY SCHOOL,MATHEMATICS
COMMONWEALTH SECONDARY SCHOOL,ADDITIONAL MATHEMATICS
COMMONWEALTH SECONDARY SCHOOL,SCIENCE (PHY/CHEM)
COMMONWEALTH SECONDARY SCHOOL,SCIENCE (CHEM/BIO)
COMMONWEALTH SECONDARY SCHOOL,PHYSICS
COMMONWEALTH SECONDARY SCHOOL,CHEMISTRY
COMMONWEALTH SECONDARY SCHOOL,BIOLOGY
COMMONWEALTH SECONDARY SCHOOL,"COMBINED HUMANITIES (S,G)"
COMMONWEALTH SECONDARY SCHOOL,"COMBINED HUMANITIES (S,H)"
COMMONWEALTH SECONDARY SCHOOL,"COMBINED HUMANITIES (S,L)"
COMMONWEALTH SECONDARY SCHOOL,GEOGRAPHY
COMMONWEALTH SECONDARY SCHOOL,HISTORY
COMMONWEALTH SECONDARY SCHOOL,LITERATURE IN ENGLISH
COMMONWEALTH SECONDARY SCHOOL,PRINCIPLES OF ACCOUNTS
COMMONWEALTH SECONDARY SCHOOL,DESIGN & TECHNOLOGY
COMMONWEALTH SECONDARY SCHOOL,FOOD & CONSUMER EDUCATION
COMMONWEALTH SECONDARY SCHOOL,ART
COMMONWEALTH SECONDARY SCHOOL,MUSIC
COMMONWEALTH SECONDARY SCHOOL,CHINESE
COMMONWEALTH SECONDARY SCHOOL,MALAY
COMMONWEALTH SECONDARY SCHOOL,TAMIL
COMMONWEALTH SECONDARY SCHOOL,HIGHER CHINESE
COMMONWEALTH SECONDARY SCHOOL,HIGHER MALAY
COMMONWEALTH SECONDARY SCHOOL,HIGHER TAMIL
COMMONWEALTH SECONDARY SCHOOL,COMPUTING
COMPASSVALE PRIMARY SCHOOL,ENGLISH LANGUAGE
COMPASSVALE PRIMARY SCHOOL,MATHEMATICS
COMPASSVALE PRIMARY SCHOOL,SCIENCE
COMPASSVALE PRIMARY SCHOOL,CHINESE
COMPASSVALE PRIMARY SCHOOL,MALAY
COMPASSVALE PRIMARY SCHOOL,TAMIL
COMPASSVALE PRIMARY SCHOOL,HIGHER CHINESE
COMPASSVALE PRIMARY SCHOOL,HIGHER MALAY
COMPASSVALE PRIMARY SCHOOL,HIGHER TAMIL
COMPASSVALE PRIMARY SCHOOL,ART
COMPASSVALE PRIMARY SCHOOL,MUSIC
COMPASSVALE PRIMARY SCHOOL,PHYSICAL EDUCATION
COMPASSVALE PRIMARY SCHOOL,SOCIAL STUDIES
COMPASSVALE SECONDARY SCHOOL,ENGLISH LANGUAGE
COMPASSVALE SECONDARY SCHOOL,MATHEMATICS
COMPASSVALE SECONDARY SCHOOL,ADDITIONAL MATHEMATICS
COMPASSVALE SECONDARY SCHOOL,SCIENCE (PHY/CHEM)
COMPASSVALE SECONDARY SCHOOL,SCIENCE (CHEM/BIO)
COMPASSVALE SECONDARY SCHOOL,PHYSICS
COMPASSVALE SECONDARY SCHOOL,CHEMISTRY
COMPASSVALE SECONDARY SCHOOL,BIOLOGY
COMPASSVALE SECONDARY SCHOOL,"COMBINED HUMANITIES (S,G)"
COMPASSVALE SECONDARY SCHOOL,"COMBINED HUMANITIES (S,H)"
COMPASSVALE SECONDARY SCHOOL,"COMBINED HUMANITIES (S,L)"
COMPASSVALE SECONDARY SCHOOL,GEOGRAPHY
COMPASSVALE SECONDARY SCHOOL,HISTORY
COMPASSVALE SECONDARY SCHOOL,LITERATURE IN ENGLISH
COMPASSVALE SECONDARY SCHOOL,PRINCIPLES OF ACCOUNTS
COMPASSVALE SECONDARY SCHOOL,DESIGN & TECHNOLOGY
COMPASSVALE SECONDARY SCHOOL,FOOD & CONSUMER EDUCATION
COMPASSVALE SECONDARY SCHOOL,ART
COMPASSVALE SECONDARY SCHOOL,MUSIC
COMPASSVALE SECONDARY SCHOOL,CHINESE
COMPASSVALE SECONDARY SCHOOL,MALAY
COMPASSVALE SECONDARY SCHOOL,TAMIL
COMPASSVALE SECONDARY SCHOOL,HIGHER CHINESE
COMPASSVALE SECONDARY SCHOOL,HIGHER MALAY
COMPASSVALE SECONDARY SCHOOL,HIGHER TAMIL
COMPASSVALE SECONDARY SCHOOL,COMPUTING
CONCORD PRIMARY SCHOOL,ENGLISH LANGUAGE
CONCORD PRIMARY SCHOOL,MATHEMATICS
CONCORD PRIMARY SCHOOL,SCIENCE
CONCORD PRIMARY SCHOOL,CHINESE
CONCORD PRIMARY SCHOOL,MALAY
CONCORD PRIMARY SCHOOL,TAMIL
CONCORD PRIMARY SCHOOL,HIGHER CHINESE
CONCORD PRIMARY SCHOOL,HIGHER MALAY
CONCORD PRIMARY SCHOOL,HIGHER TAMIL
CONCORD PRIMARY SCHOOL,ART
CONCORD PRIMARY SCHOOL,MUSIC
CONCORD PRIMARY SCHOOL,PHYSICAL EDUCATION
CONCORD PRIMARY SCHOOL,SOCIAL STUDIES
CORPORATION PRIMARY SCHOOL,ENGLISH LANGUAGE
CORPORATION PRIMARY SCHOOL,MATHEMATICS
CORPORATION PRIMARY SCHOOL,SCIENCE
CORPORATION PRIMARY SCHOOL,CHINESE
CORPORATION PRIMARY SCHOOL,MALAY
CORPORATION PRIMARY SCHOOL,TAMIL
CORPORATION PRIMARY SCHOOL,HIGHER CHINESE
CORPORATION PRIMARY SCHOOL,HIGHER MALAY
CORPORATION PRIMARY SCHOOL,HIGHER TAMIL
CORPORATION PRIMARY SCHOOL,ART
CORPORATION PRIMARY SCHOOL,MUSIC
CORPORATION PRIMARY SCHOOL,PHYSICAL EDUCATION
CORPORATION PRIMARY SCHOOL,SOCIAL STUDIES
CRESCENT GIRLS' SCHOOL,ENGLISH LANGUAGE
CRESCENT GIRLS' SCHOOL,MATHEMATICS
CRESCENT GIRLS' SCHOOL,ADDITIONAL MATHEMATICS
CRESCENT GIRLS' SCHOOL,SCIENCE (PHY/CHEM)
CRESCENT GIRLS' SCHOOL,SCIENCE (CHEM/BIO)
CRESCENT GIRLS' SCHOOL,PHYSICS
CRESCENT GIRLS' SCHOOL,CHEMISTRY
CRESCENT GIRLS' SCHOOL,BIOLOGY
CRESCENT GIRLS' SCHOOL,"COMBINED HUMANITIES (S,G)"
CRESCENT GIRLS' SCHOOL,"COMBINED HUMANITIES (S,H)"
CRESCENT GIRLS' SCHOOL,"COMBINED HUMANITIES (S,L)"
CRESCENT GIRLS' SCHOOL,GEOGRAPHY
CRESCENT GIRLS' SCHOOL,HISTORY
CRESCENT GIRLS' SCHOOL,LITERATURE IN ENGLISH
CRESCENT GIRLS' SCHOOL,PRINCIPLES OF ACCOUNTS
CRESCENT GIRLS' SCHOOL,DESIGN & TECHNOLOGY
CRESCENT GIRLS' SCHOOL,FOOD & CONSUMER EDUCATION
CRESCENT GIRLS' SCHOOL,ART
CRESCENT GIRLS' SCHOOL,MUSIC
CRESCENT GIRLS' SCHOOL,CHINESE
CRESCENT GIRLS' SCHOOL,MALAY
CRESCENT GIRLS' SCHOOL,TAMIL
CRESCENT GIRLS' SCHOOL,HIGHER CHINESE
CRESCENT GIRLS' SCHOOL,HIGHER MALAY
CRESCENT GIRLS' SCHOOL,HIGHER TAMIL
CRESCENT GIRLS' SCHOOL,COMPUTING
CREST SECONDARY SCHOOL,ENGLISH LANGUAGE
CREST SECONDARY SCHOOL,MATHEMATICS
CREST SECONDARY SCHOOL,ADDITIONAL MATHEMATICS
CREST SECONDARY SCHOOL,SCIENCE (PHY/CHEM)
CREST SECONDARY SCHOOL,SCIENCE (CHEM/BIO)
CREST SECONDARY SCHOOL,PHYSICS
CREST SECONDARY SCHOOL,CHEMISTRY
CREST SECONDARY SCHOOL,BIOLOGY
CREST SECONDARY SCHOOL,"COMBINED HUMANITIES (S,G)"
CREST SECONDARY SCHOOL,"COMBINED HUMANITIES (S,H)"
CREST SECONDARY SCHOOL,"COMBINED HUMANITIES (S,L)"
CREST SECONDARY SCHOOL,GEOGRAPHY
CREST SECONDARY SCHOOL,HISTORY
CREST SECONDARY SCHOOL,LITERATURE IN ENGLISH
CREST SECONDARY SCHOOL,PRINCIPLES OF ACCOUNTS
CREST SECONDARY SCHOOL,DESIGN & TECHNOLOGY
CREST SECONDARY SCHOOL,FOOD & CONSUMER EDUCATION
CREST SECONDARY SCHOOL,ART
CREST SECONDARY SCHOOL,MUSIC
CREST SECONDARY SCHOOL,CHINESE
CREST SECONDARY SCHOOL,MALAY
CREST SECONDARY SCHOOL,TAMIL
CREST SECONDARY SCHOOL,HIGHER CHINESE
CREST SECONDARY SCHOOL,HIGHER MALAY
CREST SECONDARY SCHOOL,HIGHER TAMIL
CREST SECONDARY SCHOOL,COMPUTING
DAMAI PRIMARY SCHOOL,ENGLISH LANGUAGE
DAMAI PRIMARY SCHOOL,MATHEMATICS
DAMAI PRIMARY SCHOOL,SCIENCE
DAMAI PRIMARY SCHOOL,CHINESE
DAMAI PRIMARY SCHOOL,MALAY
DAMAI PRIMARY SCHOOL,TAMIL
DAMAI PRIMARY SCHOOL,HIGHER CHINESE
DAMAI PRIMARY SCHOOL,HIGHER MALAY
DAMAI PRIMARY SCHOOL,HIGHER TAMIL
DAMAI PRIMARY SCHOOL,ART
DAMAI PRIMARY SCHOOL,MUSIC
DAMAI PRIMARY SCHOOL,PHYSICAL EDUCATION
DAMAI PRIMARY SCHOOL,SOCIAL STUDIES
DAMAI SECONDARY SCHOOL,ENGLISH LANGUAGE
DAMAI SECONDARY SCHOOL,MATHEMATICS
DAMAI SECONDARY SCHOOL,ADDITIONAL MATHEMATICS
DAMAI SECONDARY SCHOOL,SCIENCE (PHY/CHEM)
DAMAI SECONDARY SCHOOL,SCIENCE (CHEM/BIO)
DAMAI SECONDARY SCHOOL,PHYSICS
DAMAI SECONDARY SCHOOL,CHEMISTRY
DAMAI SECONDARY SCHOOL,BIOLOGY
DAMAI SECONDARY SCHOOL,"COMBINED HUMANITIES (S,G)"
DAMAI SECONDARY SCHOOL,"COMBINED HUMANITIES (S,H)"
DAMAI SECONDARY SCHOOL,"COMBINED HUMANITIES (S,L)"
DAMAI SECONDARY SCHOOL,GEOGRAPHY
DAMAI SECONDARY SCHOOL,HISTORY
DAMAI SECONDARY SCHOOL,LITERATURE IN ENGLISH
DAMAI SECONDARY SCHOOL,PRINCIPLES OF ACCOUNTS
DAMAI SECONDARY SCHOOL,DESIGN & TECHNOLOGY
DAMAI SECONDARY SCHOOL,FOOD & CONSUMER EDUCATION
DAMAI SECONDARY SCHOOL,ART
DAMAI SECONDARY SCHOOL,MUSIC
DAMAI SECONDARY SCHOOL,CHINESE
DAMAI SECONDARY SCHOOL,MALAY
DAMAI SECONDARY SCHOOL,TAMIL
DAMAI SECONDARY SCHOOL,HIGHER CHINESE
DAMAI SECONDARY SCHOOL,HIGHER MALAY
DAMAI SECONDARY SCHOOL,HIGHER TAMIL
DAMAI SECONDARY SCHOOL,COMPUTING
DAZHONG PRIMARY SCHOOL,ENGLISH LANGUAGE
DAZHONG PRIMARY SCHOOL,MATHEMATICS
DAZHONG PRIMARY SCHOOL,SCIENCE
DAZHONG PRIMARY SCHOOL,CHINESE
DAZHONG PRIMARY SCHOOL,MALAY
DAZHONG PRIMARY SCHOOL,TAMIL
DAZHONG PRIMARY SCHOOL,HIGHER CHINESE
DAZHONG PRIMARY SCHOOL,HIGHER MALAY
DAZHONG PRIMARY SCHOOL,HIGHER TAMIL
DAZHONG PRIMARY SCHOOL,ART
DAZHONG PRIMARY SCHOOL,MUSIC
DAZHONG PRIMARY SCHOOL,PHYSICAL EDUCATION
DAZHONG PRIMARY SCHOOL,SOCIAL STUDIES
DE LA SALLE SCHOOL,ENGLISH LANGUAGE
DE LA SALLE SCHOOL,MATHEMATICS
DE LA SALLE SCHOOL,SCIENCE
DE LA SALLE SCHOOL,CHINESE
DE LA SALLE SCHOOL,MALAY
DE LA SALLE SCHOOL,TAMIL
DE LA SALLE SCHOOL,HIGHER CHINESE
DE LA SALLE SCHOOL,HIGHER MALAY
DE LA SALLE SCHOOL,HIGHER TAMIL
DE LA SALLE SCHOOL,ART
DE LA SALLE SCHOOL,MUSIC
DE LA SALLE SCHOOL,PHYSICAL EDUCATION
DE LA SALLE SCHOOL,SOCIAL STUDIES
DEYI SECONDARY SCHOOL,ENGLISH LANGUAGE
DEYI SECONDARY SCHOOL,MATHEMATICS
DEYI SECONDARY SCHOOL,ADDITIONAL MATHEMATICS
DEYI SECONDARY SCHOOL,SCIENCE (PHY/CHEM)
DEYI SECONDARY SCHOOL,SCIENCE (CHEM/BIO)
DEYI SECONDARY SCHOOL,PHYSICS
DEYI SECONDARY SCHOOL,CHEMISTRY
DEYI SECONDARY SCHOOL,BIOLOGY
DEYI SECONDARY SCHOOL,"COMBINED HUMANITIES (S,G)"
DEYI SECONDARY SCHOOL,"COMBINED HUMANITIES (S,H)"
DEYI SECONDARY SCHOOL,"COMBINED HUMANITIES (S,L)"
DEYI SECONDARY SCHOOL,GEOGRAPHY
DEYI SECONDARY SCHOOL,HISTORY
DEYI SECONDARY SCHOOL,LITERATURE IN ENGLISH
DEYI SECONDARY SCHOOL,PRINCIPLES OF ACCOUNTS
DEYI SECONDARY SCHOOL,DESIGN & TECHNOLOGY
DEYI SECONDARY SCHOOL,FOOD & CONSUMER EDUCATION
DEYI SECONDARY SCHOOL,ART
DEYI SECONDARY SCHOOL,MUSIC
DEYI SECONDARY SCHOOL,CHINESE
DEYI SECONDARY SCHOOL,MALAY
DEYI SECONDARY SCHOOL,TAMIL
DEYI SECONDARY SCHOOL,HIGHER CHINESE
DEYI SECONDARY SCHOOL,HIGHER MALAY
DEYI SECONDARY SCHOOL,HIGHER TAMIL
DEYI SECONDARY SCHOOL,COMPUTING
DUNEARN SECONDARY SCHOOL,ENGLISH LANGUAGE
DUNEARN SECONDARY SCHOOL,MATHEMATICS
DUNEARN SECONDARY SCHOOL,ADDITIONAL MATHEMATICS
DUNEARN SECONDARY SCHOOL,SCIENCE (PHY/CHEM)
DUNEARN SECONDARY SCHOOL,SCIENCE (CHEM/BIO)
DUNEARN SECONDARY SCHOOL,PHYSICS
DUNEARN SECONDARY SCHOOL,CHEMISTRY
DUNEARN SECONDARY SCHOOL,BIOLOGY
DUNEARN SECONDARY SCHOOL,"COMBINED HUMANITIES (S,G)"
DUNEARN SECONDARY SCHOOL,"COMBINED HUMANITIES (S,H)"
DUNEARN SECONDARY SCHOOL,"COMBINED HUMANITIES (S,L)"
DUNEARN SECONDARY SCHOOL,GEOGRAPHY
DUNEARN SECONDARY SCHOOL,HISTORY
DUNEARN SECONDARY SCHOOL,LITERATURE IN ENGLISH
DUNEARN SECONDARY SCHOOL,PRINCIPLES OF ACCOUNTS
DUNEARN SECONDARY SCHOOL,DESIGN & TECHNOLOGY
DUNEARN SECONDARY SCHOOL,FOOD & CONSUMER EDUCATION
DUNEARN SECONDARY SCHOOL,ART
DUNEARN SECONDARY SCHOOL,MUSIC
DUNEARN SECONDARY SCHOOL,CHINESE
DUNEARN SECONDARY SCHOOL,MALAY
DUNEARN SECONDARY SCHOOL,TAMIL
DUNEARN SECONDARY SCHOOL,HIGHER CHINESE
DUNEARN SECONDARY SCHOOL,HIGHER MALAY
DUNEARN SECONDARY SCHOOL,HIGHER TAMIL
DUNEARN SECONDARY SCHOOL,COMPUTING
DUNMAN HIGH SCHOOL,H1 GENERAL PAPER
DUNMAN HIGH SCHOOL,H1 PROJECT WORK
DUNMAN HIGH SCHOOL,H2 MATHEMATICS
DUNMAN HIGH SCHOOL,H2 FURTHER MATHEMATICS
DUNMAN HIGH SCHOOL,H2 PHYSICS
DUNMAN HIGH SCHOOL,H2 CHEMISTRY
DUNMAN HIGH SCHOOL,H2 BIOLOGY
DUNMAN HIGH SCHOOL,H2 ECONOMICS
DUNMAN HIGH SCHOOL,H2 HISTORY
DUNMAN HIGH SCHOOL,H2 GEOGRAPHY
DUNMAN HIGH SCHOOL,H2 LITERATURE IN ENGLISH
DUNMAN HIGH SCHOOL,H2 COMPUTING
DUNMAN HIGH SCHOOL,H2 ART
DUNMAN HIGH SCHOOL,H2 MUSIC
DUNMAN HIGH SCHOOL,H2 MANAGEMENT OF BUSINESS
DUNMAN HIGH SCHOOL,H2 PRINCIPLES OF ACCOUNTING
DUNMAN HIGH SCHOOL,H1 CHINESE
DUNMAN HIGH SCHOOL,H1 MALAY
DUNMAN HIGH SCHOOL,H1 TAMIL
DUNMAN SECONDARY SCHOOL,ENGLISH LANGUAGE
DUNMAN SECONDARY SCHOOL,MATHEMATICS
DUNMAN SECONDARY SCHOOL,ADDITIONAL MATHEMATICS
DUNMAN SECONDARY SCHOOL,SCIENCE (PHY/CHEM)
DUNMAN SECONDARY SCHOOL,SCIENCE (CHEM/BIO)
DUNMAN SECONDARY SCHOOL,PHYSICS
DUNMAN SECONDARY SCHOOL,CHEMISTRY
DUNMAN SECONDARY SCHOOL,BIOLOGY
DUNMAN SECONDARY SCHOOL,"COMBINED HUMANITIES (S,G)"
DUNMAN SECONDARY SCHOOL,"COMBINED HUMANITIES (S,H)"
DUNMAN SECONDARY SCHOOL,"COMBINED HUMANITIES (S,L)"
DUNMAN SECONDARY SCHOOL,GEOGRAPHY
DUNMAN SECONDARY SCHOOL,HISTORY
DUNMAN SECONDARY SCHOOL,LITERATURE IN ENGLISH
DUNMAN SECONDARY SCHOOL,PRINCIPLES OF ACCOUNTS
DUNMAN SECONDARY SCHOOL,DESIGN & TECHNOLOGY
DUNMAN SECONDARY SCHOOL,FOOD & CONSUMER EDUCATION
DUNMAN SECONDARY SCHOOL,ART
DUNMAN SECONDARY SCHOOL,MUSIC
DUNMAN SECONDARY SCHOOL,CHINESE
DUNMAN SECONDARY SCHOOL,MALAY
DUNMAN SECONDARY SCHOOL,TAMIL
DUNMAN SECONDARY SCHOOL,HIGHER CHINESE
DUNMAN SECONDARY SCHOOL,HIGHER MALAY
DUNMAN SECONDARY SCHOOL,HIGHER TAMIL
DUNMAN SECONDARY SCHOOL,COMPUTING
EAST SPRING PRIMARY SCHOOL,ENGLISH LANGUAGE
EAST SPRING PRIMARY SCHOOL,MATHEMATICS
EAST SPRING PRIMARY SCHOOL,SCIENCE
EAST SPRING PRIMARY SCHOOL,CHINESE
EAST SPRING PRIMARY SCHOOL,MALAY
EAST SPRING PRIMARY SCHOOL,TAMIL
EAST SPRING PRIMARY SCHOOL,HIGHER CHINESE
EAST SPRING PRIMARY SCHOOL,HIGHER MALAY
EAST SPRING PRIMARY SCHOOL,HIGHER TAMIL
EAST SPRING PRIMARY SCHOOL,ART
EAST SPRING PRIMARY SCHOOL,MUSIC
EAST SPRING PRIMARY SCHOOL,PHYSICAL EDUCATION
EAST SPRING PRIMARY SCHOOL,SOCIAL STUDIES
EAST SPRING SECONDARY SCHOOL,ENGLISH LANGUAGE
EAST SPRING SECONDARY SCHOOL,MATHEMATICS
EAST SPRING SECONDARY SCHOOL,ADDITIONAL MATHEMATICS
EAST SPRING SECONDARY SCHOOL,SCIENCE (PHY/CHEM)
EAST SPRING SECONDARY SCHOOL,SCIENCE (CHEM/BIO)
EAST SPRING SECONDARY SCHOOL,PHYSICS
EAST SPRING SECONDARY SCHOOL,CHEMISTRY
EAST SPRING SECONDARY SCHOOL,BIOLOGY
EAST SPRING SECONDARY SCHOOL,"COMBINED HUMANITIES (S,G)"
EAST SPRING SECONDARY SCHOOL,"COMBINED HUMANITIES (S,H)"
EAST SPRING SECONDARY SCHOOL,"COMBINED HUMANITIES (S,L)"
EAST SPRING SECONDARY SCHOOL,GEOGRAPHY
EAST SPRING SECONDARY SCHOOL,HISTORY
EAST SPRING SECONDARY SCHOOL,LITERATURE IN ENGLISH
EAST SPRING SECONDARY SCHOOL,PRINCIPLES OF ACCOUNTS
EAST SPRING SECONDARY SCHOOL,DESIGN & TECHNOLOGY
EAST SPRING SECONDARY SCHOOL,FOOD & CONSUMER EDUCATION
EAST SPRING SECONDARY SCHOOL,ART
EAST SPRING SECONDARY SCHOOL,MUSIC
EAST SPRING SECONDARY SCHOOL,CHINESE
EAST SPRING SECONDARY SCHOOL,MALAY
EAST SPRING SECONDARY SCHOOL,TAMIL
EAST SPRING SECONDARY SCHOOL,HIGHER CHINESE
EAST SPRING SECONDARY SCHOOL,HIGHER MALAY
EAST SPRING SECONDARY SCHOOL,HIGHER TAMIL
EAST SPRING SECONDARY SCHOOL,COMPUTING
EDGEFIELD PRIMARY SCHOOL,ENGLISH LANGUAGE
EDGEFIELD PRIMARY SCHOOL,MATHEMATICS
EDGEFIELD PRIMARY SCHOOL,SCIENCE
EDGEFIELD PRIMARY SCHOOL,CHINESE
EDGEFIELD PRIMARY SCHOOL,MALAY
EDGEFIELD PRIMARY SCHOOL,TAMIL
EDGEFIELD PRIMARY SCHOOL,HIGHER CHINESE
EDGEFIELD PRIMARY SCHOOL,HIGHER MALAY
EDGEFIELD PRIMARY SCHOOL,HIGHER TAMIL
EDGEFIELD PRIMARY SCHOOL,ART
EDGEFIELD PRIMARY SCHOOL,MUSIC
EDGEFIELD PRIMARY SCHOOL,PHYSICAL EDUCATION
EDGEFIELD PRIMARY SCHOOL,SOCIAL STUDIES
EDGEFIELD SECONDARY SCHOOL,ENGLISH LANGUAGE
EDGEFIELD SECONDARY SCHOOL,MATHEMATICS
EDGEFIELD SECONDARY SCHOOL,ADDITIONAL MATHEMATICS
EDGEFIELD SECONDARY SCHOOL,SCIENCE (PHY/CHEM)
EDGEFIELD SECONDARY SCHOOL,SCIENCE (CHEM/BIO)
EDGEFIELD SECONDARY SCHOOL,PHYSICS
EDGEFIELD SECONDARY SCHOOL,CHEMISTRY
EDGEFIELD SECONDARY SCHOOL,BIOLOGY
EDGEFIELD SECONDARY SCHOOL,"COMBINED HUMANITIES (S,G)"
EDGEFIELD SECONDARY SCHOOL,"COMBINED HUMANITIES (S,H)"
EDGEFIELD SECONDARY SCHOOL,"COMBINED HUMANITIES (S,L)"
EDGEFIELD SECONDARY SCHOOL,GEOGRAPHY
EDGEFIELD SECONDARY SCHOOL,HISTORY
EDGEFIELD SECONDARY SCHOOL,LITERATURE IN ENGLISH
EDGEFIELD SECONDARY SCHOOL,PRINCIPLES OF ACCOUNTS
EDGEFIELD SECONDARY SCHOOL,DESIGN & TECHNOLOGY
EDGEFIELD SECONDARY SCHOOL,FOOD & CONSUMER EDUCATION
EDGEFIELD SECONDARY SCHOOL,ART
EDGEFIELD SECONDARY SCHOOL,MUSIC
EDGEFIELD SECONDARY SCHOOL,CHINESE
EDGEFIELD SECONDARY SCHOOL,MALAY
EDGEFIELD SECONDARY SCHOOL,TAMIL
EDGEFIELD SECONDARY SCHOOL,HIGHER CHINESE
EDGEFIELD SECONDARY SCHOOL,HIGHER MALAY
EDGEFIELD SECONDARY SCHOOL,HIGHER TAMIL
EDGEFIELD SECONDARY SCHOOL,COMPUTING
ELIAS PARK PRIMARY SCHOOL,ENGLISH LANGUAGE
ELIAS PARK PRIMARY SCHOOL,MATHEMATICS
ELIAS PARK PRIMARY SCHOOL,SCIENCE
ELIAS PARK PRIMARY SCHOOL,CHINESE
ELIAS PARK PRIMARY SCHOOL,MALAY
ELIAS PARK PRIMARY SCHOOL,TAMIL
ELIAS PARK PRIMARY SCHOOL,HIGHER CHINESE
ELIAS PARK PRIMARY SCHOOL,HIGHER MALAY
ELIAS PARK PRIMARY SCHOOL,HIGHER TAMIL
ELIAS PARK PRIMARY SCHOOL,ART
ELIAS PARK PRIMARY SCHOOL,MUSIC
ELIAS PARK PRIMARY SCHOOL,PHYSICAL EDUCATION
ELIAS PARK PRIMARY SCHOOL,SOCIAL STUDIES
ENDEAVOUR PRIMARY SCHOOL,ENGLISH LANGUAGE
ENDEAVOUR PRIMARY SCHOOL,MATHEMATICS
ENDEAVOUR PRIMARY SCHOOL,SCIENCE
ENDEAVOUR PRIMARY SCHOOL,CHINESE
ENDEAVOUR PRIMARY SCHOOL,MALAY
ENDEAVOUR PRIMARY SCHOOL,TAMIL
ENDEAVOUR PRIMARY SCHOOL,HIGHER CHINESE
ENDEAVOUR PRIMARY SCHOOL,HIGHER MALAY
ENDEAVOUR PRIMARY SCHOOL,HIGHER TAMIL
ENDEAVOUR PRIMARY SCHOOL,ART
ENDEAVOUR PRIMARY SCHOOL,MUSIC
ENDEAVOUR PRIMARY SCHOOL,PHYSICAL EDUCATION
ENDEAVOUR PRIMARY SCHOOL,SOCIAL STUDIES
EUNOIA JUNIOR COLLEGE,H1 GENERAL PAPER
EUNOIA JUNIOR COLLEGE,H1 PROJECT WORK
EUNOIA JUNIOR COLLEGE,H2 MATHEMATICS
EUNOIA JUNIOR COLLEGE,H2 FURTHER MATHEMATICS
EUNOIA JUNIOR COLLEGE,H2 PHYSICS
EUNOIA JUNIOR COLLEGE,H2 CHEMISTRY
EUNOIA JUNIOR COLLEGE,H2 BIOLOGY
EUNOIA JUNIOR COLLEGE,H2 ECONOMICS
EUNOIA JUNIOR COLLEGE,H2 HISTORY
EUNOIA JUNIOR COLLEGE,H2 GEOGRAPHY
EUNOIA JUNIOR COLLEGE,H2 LITERATURE IN ENGLISH
EUNOIA JUNIOR COLLEGE,H2 COMPUTING
EUNOIA JUNIOR COLLEGE,H2 ART
EUNOIA JUNIOR COLLEGE,H2 MUSIC
EUNOIA JUNIOR COLLEGE,H2 MANAGEMENT OF BUSINESS
EUNOIA JUNIOR COLLEGE,H2 PRINCIPLES OF ACCOUNTING
EUNOIA JUNIOR COLLEGE,H1 CHINESE
EUNOIA JUNIOR COLLEGE,H1 MALAY
EUNOIA JUNIOR COLLEGE,H1 TAMIL
EVERGREEN PRIMARY SCHOOL,ENGLISH LANGUAGE
EVERGREEN PRIMARY SCHOOL,MATHEMATICS
EVERGREEN PRIMARY SCHOOL,SCIENCE
EVERGREEN PRIMARY SCHOOL,CHINESE
EVERGREEN PRIMARY SCHOOL,MALAY
EVERGREEN PRIMARY SCHOOL,TAMIL
EVERGREEN PRIMARY SCHOOL,HIGHER CHINESE
EVERGREEN PRIMARY SCHOOL,HIGHER MALAY
EVERGREEN PRIMARY SCHOOL,HIGHER TAMIL
EVERGREEN PRIMARY SCHOOL,ART
EVERGREEN PRIMARY SCHOOL,MUSIC
EVERGREEN PRIMARY SCHOOL,PHYSICAL EDUCATION
EVERGREEN PRIMARY SCHOOL,SOCIAL STUDIES
EVERGREEN SECONDARY SCHOOL,ENGLISH LANGUAGE
EVERGREEN SECONDARY SCHOOL,MATHEMATICS
EVERGREEN SECONDARY SCHOOL,ADDITIONAL MATHEMATICS
EVERGREEN SECONDARY SCHOOL,SCIENCE (PHY/CHEM)
EVERGREEN SECONDARY SCHOOL,SCIENCE (CHEM/BIO)
EVERGREEN SECONDARY SCHOOL,PHYSICS
EVERGREEN SECONDARY SCHOOL,CHEMISTRY
EVERGREEN SECONDARY SCHOOL,BIOLOGY
EVERGREEN SECONDARY SCHOOL,"COMBINED HUMANITIES (S,G)"
EVERGREEN SECONDARY SCHOOL,"COMBINED HUMANITIES (S,H)"
EVERGREEN SECONDARY SCHOOL,"COMBINED HUMANITIES (S,L)"
EVERGREEN SECONDARY SCHOOL,GEOGRAPHY
EVERGREEN SECONDARY SCHOOL,HISTORY
EVERGREEN SECONDARY SCHOOL,LITERATURE IN ENGLISH
EVERGREEN SECONDARY SCHOOL,PRINCIPLES OF ACCOUNTS
EVERGREEN SECONDARY SCHOOL,DESIGN & TECHNOLOGY
EVERGREEN SECONDARY SCHOOL,FOOD & CONSUMER EDUCATION
EVERGREEN SECONDARY SCHOOL,ART
EVERGREEN SECONDARY SCHOOL,MUSIC
EVERGREEN SECONDARY SCHOOL,CHINESE
EVERGREEN SECONDARY SCHOOL,MALAY
EVERGREEN SECONDARY SCHOOL,TAMIL
EVERGREEN SECONDARY SCHOOL,HIGHER CHINESE
EVERGREEN SECONDARY SCHOOL,HIGHER MALAY
EVERGREEN SECONDARY SCHOOL,HIGHER TAMIL
EVERGREEN SECONDARY SCHOOL,COMPUTING
FAIRFIELD METHODIST SCHOOL (PRIMARY),ENGLISH LANGUAGE
FAIRFIELD METHODIST SCHOOL (PRIMARY),MATHEMATICS
FAIRFIELD METHODIST SCHOOL (PRIMARY),SCIENCE
FAIRFIELD METHODIST SCHOOL (PRIMARY),CHINESE
FAIRFIELD METHODIST SCHOOL (PRIMARY),MALAY
FAIRFIELD METHODIST SCHOOL (PRIMARY),TAMIL
FAIRFIELD METHODIST SCHOOL (PRIMARY),HIGHER CHINESE
FAIRFIELD METHODIST SCHOOL (PRIMARY),HIGHER MALAY
FAIRFIELD METHODIST SCHOOL (PRIMARY),HIGHER TAMIL
FAIRFIELD METHODIST SCHOOL (PRIMARY),ART
FAIRFIELD METHODIST SCHOOL (PRIMARY),MUSIC
FAIRFIELD METHODIST SCHOOL (PRIMARY),PHYSICAL EDUCATION
FAIRFIELD METHODIST SCHOOL (PRIMARY),SOCIAL STUDIES
FAIRFIELD METHODIST SCHOOL (SECONDARY),ENGLISH LANGUAGE
FAIRFIELD METHODIST SCHOOL (SECONDARY),MATHEMATICS
FAIRFIELD METHODIST SCHOOL (SECONDARY),ADDITIONAL MATHEMATICS
FAIRFIELD METHODIST SCHOOL (SECONDARY),SCIENCE (PHY/CHEM)
FAIRFIELD METHODIST SCHOOL (SECONDARY),SCIENCE (CHEM/BIO)
FAIRFIELD METHODIST SCHOOL (SECONDARY),PHYSICS
FAIRFIELD METHODIST SCHOOL (SECONDARY),CHEMISTRY
FAIRFIELD METHODIST SCHOOL (SECONDARY),BIOLOGY
FAIRFIELD METHODIST SCHOOL (SECONDARY),"COMBINED HUMANITIES (S,G)"
FAIRFIELD METHODIST SCHOOL (SECONDARY),"COMBINED HUMANITIES (S,H)"
FAIRFIELD METHODIST SCHOOL (SECONDARY),"COMBINED HUMANITIES (S,L)"
FAIRFIELD METHODIST SCHOOL (SECONDARY),GEOGRAPHY
FAIRFIELD METHODIST SCHOOL (SECONDARY),HISTORY
FAIRFIELD METHODIST SCHOOL (SECONDARY),LITERATURE IN ENGLISH
FAIRFIELD METHODIST SCHOOL (SECONDARY),PRINCIPLES OF ACCOUNTS
FAIRFIELD METHODIST SCHOOL (SECONDARY),DESIGN & TECHNOLOGY
FAIRFIELD METHODIST SCHOOL (SECONDARY),FOOD & CONSUMER EDUCATION
FAIRFIELD METHODIST SCHOOL (SECONDARY),ART
FAIRFIELD METHODIST SCHOOL (SECONDARY),MUSIC
FAIRFIELD METHODIST SCHOOL (SECONDARY),CHINESE
FAIRFIELD METHODIST SCHOOL (SECONDARY),MALAY
FAIRFIELD METHODIST SCHOOL (SECONDARY),TAMIL
FAIRFIELD METHODIST SCHOOL (SECONDARY),HIGHER CHINESE
FAIRFIELD METHODIST SCHOOL (SECONDARY),HIGHER MALAY
FAIRFIELD METHODIST SCHOOL (SECONDARY),HIGHER TAMIL
FAIRFIELD METHODIST SCHOOL (SECONDARY),COMPUTING
FARRER PARK PRIMARY SCHOOL,ENGLISH LANGUAGE
FARRER PARK PRIMARY SCHOOL,MATHEMATICS
FARRER PARK PRIMARY SCHOOL,SCIENCE
FARRER PARK PRIMARY SCHOOL,CHINESE
FARRER PARK PRIMARY SCHOOL,MALAY
FARRER PARK PRIMARY SCHOOL,TAMIL
FARRER PARK PRIMARY SCHOOL,HIGHER CHINESE
FARRER PARK PRIMARY SCHOOL,HIGHER MALAY
FARRER PARK PRIMARY SCHOOL,HIGHER TAMIL
FARRER PARK PRIMARY SCHOOL,ART
FARRER PARK PRIMARY SCHOOL,MUSIC
FARRER PARK PRIMARY SCHOOL,PHYSICAL EDUCATION
FARRER PARK PRIMARY SCHOOL,SOCIAL STUDIES
FENGSHAN PRIMARY SCHOOL,ENGLISH LANGUAGE
FENGSHAN PRIMARY SCHOOL,MATHEMATICS
FENGSHAN PRIMARY SCHOOL,SCIENCE
FENGSHAN PRIMARY SCHOOL,CHINESE
FENGSHAN PRIMARY SCHOOL,MALAY
FENGSHAN PRIMARY SCHOOL,TAMIL
FENGSHAN PRIMARY SCHOOL,HIGHER CHINESE
FENGSHAN PRIMARY SCHOOL,HIGHER MALAY
FENGSHAN PRIMARY SCHOOL,HIGHER TAMIL
FENGSHAN PRIMARY SCHOOL,ART
FENGSHAN PRIMARY SCHOOL,MUSIC
FENGSHAN PRIMARY SCHOOL,PHYSICAL EDUCATION
FENGSHAN PRIMARY SCHOOL,SOCIAL STUDIES
FERN GREEN PRIMARY SCHOOL,ENGLISH LANGUAGE
FERN GREEN PRIMARY SCHOOL,MATHEMATICS
FERN GREEN PRIMARY SCHOOL,SCIENCE
FERN GREEN PRIMARY SCHOOL,CHINESE
FERN GREEN PRIMARY SCHOOL,MALAY
FERN GREEN PRIMARY SCHOOL,TAMIL
FERN GREEN PRIMARY SCHOOL,HIGHER CHINESE
FERN GREEN PRIMARY SCHOOL,HIGHER MALAY
FERN GREEN PRIMARY SCHOOL,HIGHER TAMIL
FERN GREEN PRIMARY SCHOOL,ART
FERN GREEN PRIMARY SCHOOL,MUSIC
FERN GREEN PRIMARY SCHOOL,PHYSICAL EDUCATION
FERN GREEN PRIMARY SCHOOL,SOCIAL STUDIES
FERNVALE PRIMARY SCHOOL,ENGLISH LANGUAGE
FERNVALE PRIMARY SCHOOL,MATHEMATICS
FERNVALE PRIMARY SCHOOL,SCIENCE
FERNVALE PRIMARY SCHOOL,CHINESE
FERNVALE PRIMARY SCHOOL,MALAY
FERNVALE PRIMARY SCHOOL,TAMIL
FERNVALE PRIMARY SCHOOL,HIGHER CHINESE
FERNVALE PRIMARY SCHOOL,HIGHER MALAY
FERNVALE PRIMARY SCHOOL,HIGHER TAMIL
FERNVALE PRIMARY SCHOOL,ART
FERNVALE PRIMARY SCHOOL,MUSIC
FERNVALE PRIMARY SCHOOL,PHYSICAL EDUCATION
FERNVALE PRIMARY SCHOOL,SOCIAL STUDIES
FIRST TOA PAYOH PRIMARY SCHOOL,ENGLISH LANGUAGE
FIRST TOA PAYOH PRIMARY SCHOOL,MATHEMATICS
FIRST TOA PAYOH PRIMARY SCHOOL,SCIENCE
FIRST TOA PAYOH PRIMARY SCHOOL,CHINESE
FIRST TOA PAYOH PRIMARY SCHOOL,MALAY
FIRST TOA PAYOH PRIMARY SCHOOL,TAMIL
FIRST TOA PAYOH PRIMARY SCHOOL,HIGHER CHINESE
FIRST TOA PAYOH PRIMARY SCHOOL,HIGHER MALAY
FIRST TOA PAYOH PRIMARY SCHOOL,HIGHER TAMIL
FIRST TOA PAYOH PRIMARY SCHOOL,ART
FIRST TOA PAYOH PRIMARY SCHOOL,MUSIC
FIRST TOA PAYOH PRIMARY SCHOOL,PHYSICAL EDUCATION
FIRST TOA PAYOH PRIMARY SCHOOL,SOCIAL STUDIES
FRONTIER PRIMARY SCHOOL,ENGLISH LANGUAGE
FRONTIER PRIMARY SCHOOL,MATHEMATICS
FRONTIER PRIMARY SCHOOL,SCIENCE
FRONTIER PRIMARY SCHOOL,CHINESE
FRONTIER PRIMARY SCHOOL,MALAY
FRONTIER PRIMARY SCHOOL,TAMIL
FRONTIER PRIMARY SCHOOL,HIGHER CHINESE
FRONTIER PRIMARY SCHOOL,HIGHER MALAY
FRONTIER PRIMARY SCHOOL,HIGHER TAMIL
FRONTIER PRIMARY SCHOOL,ART
FRONTIER PRIMARY SCHOOL,MUSIC
FRONTIER PRIMARY SCHOOL,PHYSICAL EDUCATION
FRONTIER PRIMARY SCHOOL,SOCIAL STUDIES
FUCHUN PRIMARY SCHOOL,ENGLISH LANGUAGE
FUCHUN PRIMARY SCHOOL,MATHEMATICS
FUCHUN PRIMARY SCHOOL,SCIENCE
FUCHUN PRIMARY SCHOOL,CHINESE
FUCHUN PRIMARY SCHOOL,MALAY
FUCHUN PRIMARY SCHOOL,TAMIL
FUCHUN PRIMARY SCHOOL,HIGHER CHINESE
FUCHUN PRIMARY SCHOOL,HIGHER MALAY
FUCHUN PRIMARY SCHOOL,HIGHER TAMIL
FUCHUN PRIMARY SCHOOL,ART
FUCHUN PRIMARY SCHOOL,MUSIC
FUCHUN PRIMARY SCHOOL,PHYSICAL EDUCATION
FUCHUN PRIMARY SCHOOL,SOCIAL STUDIES
FUHUA PRIMARY SCHOOL,ENGLISH LANGUAGE
FUHUA PRIMARY SCHOOL,MATHEMATICS
FUHUA PRIMARY SCHOOL,SCIENCE
FUHUA PRIMARY SCHOOL,CHINESE
FUHUA PRIMARY SCHOOL,MALAY
FUHUA PRIMARY SCHOOL,TAMIL
FUHUA PRIMARY SCHOOL,HIGHER CHINESE
FUHUA PRIMARY SCHOOL,HIGHER MALAY
FUHUA PRIMARY SCHOOL,HIGHER TAMIL
FUHUA PRIMARY SCHOOL,ART
FUHUA PRIMARY SCHOOL,MUSIC
FUHUA PRIMARY SCHOOL,PHYSICAL EDUCATION
FUHUA PRIMARY SCHOOL,SOCIAL STUDIES
FUHUA SECONDARY SCHOOL,ENGLISH LANGUAGE
FUHUA SECONDARY SCHOOL,MATHEMATICS
FUHUA SECONDARY SCHOOL,ADDITIONAL MATHEMATICS
FUHUA SECONDARY SCHOOL,SCIENCE (PHY/CHEM)
FUHUA SECONDARY SCHOOL,SCIENCE (CHEM/BIO)
FUHUA SECONDARY SCHOOL,PHYSICS
FUHUA SECONDARY SCHOOL,CHEMISTRY
FUHUA SECONDARY SCHOOL,BIOLOGY
FUHUA SECONDARY SCHOOL,"COMBINED HUMANITIES (S,G)"
FUHUA SECONDARY SCHOOL,"COMBINED HUMANITIES (S,H)"
FUHUA SECONDARY SCHOOL,"COMBINED HUMANITIES (S,L)"
FUHUA SECONDARY SCHOOL,GEOGRAPHY
FUHUA SECONDARY SCHOOL,HISTORY
FUHUA SECONDARY SCHOOL,LITERATURE IN ENGLISH
FUHUA SECONDARY SCHOOL,PRINCIPLES OF ACCOUNTS
FUHUA SECONDARY SCHOOL,DESIGN & TECHNOLOGY
FUHUA SECONDARY SCHOOL,FOOD & CONSUMER EDUCATION
FUHUA SECONDARY SCHOOL,ART
FUHUA SECONDARY SCHOOL,MUSIC
FUHUA SECONDARY SCHOOL,CHINESE
FUHUA SECONDARY SCHOOL,MALAY
FUHUA SECONDARY SCHOOL,TAMIL
FUHUA SECONDARY SCHOOL,HIGHER CHINESE
FUHUA SECONDARY SCHOOL,HIGHER MALAY
FUHUA SECONDARY SCHOOL,HIGHER TAMIL
FUHUA SECONDARY SCHOOL,COMPUTING
GAN ENG SENG PRIMARY SCHOOL,ENGLISH LANGUAGE
GAN ENG SENG PRIMARY SCHOOL,MATHEMATICS
GAN ENG SENG PRIMARY SCHOOL,SCIENCE
GAN ENG SENG PRIMARY SCHOOL,CHINESE
GAN ENG SENG PRIMARY SCHOOL,MALAY
GAN ENG SENG PRIMARY SCHOOL,TAMIL
GAN ENG SENG PRIMARY SCHOOL,HIGHER CHINESE
GAN ENG SENG PRIMARY SCHOOL,HIGHER MALAY
GAN ENG SENG PRIMARY SCHOOL,HIGHER TAMIL
GAN ENG SENG PRIMARY SCHOOL,ART
GAN ENG SENG PRIMARY SCHOOL,MUSIC
GAN ENG SENG PRIMARY SCHOOL,PHYSICAL EDUCATION
GAN ENG SENG PRIMARY SCHOOL,SOCIAL STUDIES
GAN ENG SENG SCHOOL,ENGLISH LANGUAGE
GAN ENG SENG SCHOOL,MATHEMATICS
GAN ENG SENG SCHOOL,ADDITIONAL MATHEMATICS
GAN ENG SENG SCHOOL,SCIENCE (PHY/CHEM)
GAN ENG SENG SCHOOL,SCIENCE (CHEM/BIO)
GAN ENG SENG SCHOOL,PHYSICS
GAN ENG SENG SCHOOL,CHEMISTRY
GAN ENG SENG SCHOOL,BIOLOGY
GAN ENG SENG SCHOOL,"COMBINED HUMANITIES (S,G)"
GAN ENG SENG SCHOOL,"COMBINED HUMANITIES (S,H)"
GAN ENG SENG SCHOOL,"COMBINED HUMANITIES (S,L)"
GAN ENG SENG SCHOOL,GEOGRAPHY
GAN ENG SENG SCHOOL,HISTORY
GAN ENG SENG SCHOOL,LITERATURE IN ENGLISH
GAN ENG SENG SCHOOL,PRINCIPLES OF ACCOUNTS
GAN ENG SENG SCHOOL,DESIGN & TECHNOLOGY
GAN ENG SENG SCHOOL,FOOD & CONSUMER EDUCATION
GAN ENG SENG SCHOOL,ART
GAN ENG SENG SCHOOL,MUSIC
GAN ENG SENG SCHOOL,CHINESE
GAN ENG SENG SCHOOL,MALAY
GAN ENG SENG SCHOOL,TAMIL
GAN ENG SENG SCHOOL,HIGHER CHINESE
GAN ENG SENG SCHOOL,HIGHER MALAY
GAN ENG SENG SCHOOL,HIGHER TAMIL
GAN ENG SENG SCHOOL,COMPUTING
GEYLANG METHODIST SCHOOL (PRIMARY),ENGLISH LANGUAGE
GEYLANG METHODIST SCHOOL (PRIMARY),MATHEMATICS
GEYLANG METHODIST SCHOOL (PRIMARY),SCIENCE
GEYLANG METHODIST SCHOOL (PRIMARY),CHINESE
GEYLANG METHODIST SCHOOL (PRIMARY),MALAY
GEYLANG METHODIST SCHOOL (PRIMARY),TAMIL
GEYLANG METHODIST SCHOOL (PRIMARY),HIGHER CHINESE
GEYLANG METHODIST SCHOOL (PRIMARY),HIGHER MALAY
GEYLANG METHODIST SCHOOL (PRIMARY),HIGHER TAMIL
GEYLANG METHODIST SCHOOL (PRIMARY),ART
GEYLANG METHODIST SCHOOL (PRIMARY),MUSIC
GEYLANG METHODIST SCHOOL (PRIMARY),PHYSICAL EDUCATION
GEYLANG METHODIST SCHOOL (PRIMARY),SOCIAL STUDIES
GEYLANG METHODIST SCHOOL (SECONDARY),ENGLISH LANGUAGE
GEYLANG METHODIST SCHOOL (SECONDARY),MATHEMATICS
GEYLANG METHODIST SCHOOL (SECONDARY),ADDITIONAL MATHEMATICS
GEYLANG METHODIST SCHOOL (SECONDARY),SCIENCE (PHY/CHEM)
GEYLANG METHODIST SCHOOL (SECONDARY),SCIENCE (CHEM/BIO)
GEYLANG METHODIST SCHOOL (SECONDARY),PHYSICS
GEYLANG METHODIST SCHOOL (SECONDARY),CHEMISTRY
GEYLANG METHODIST SCHOOL (SECONDARY),BIOLOGY
GEYLANG METHODIST SCHOOL (SECONDARY),"COMBINED HUMANITIES (S,G)"
GEYLANG METHODIST SCHOOL (SECONDARY),"COMBINED HUMANITIES (S,H)"
GEYLANG METHODIST SCHOOL (SECONDARY),"COMBINED HUMANITIES (S,L)"
GEYLANG METHODIST SCHOOL (SECONDARY),GEOGRAPHY
GEYLANG METHODIST SCHOOL (SECONDARY),HISTORY
GEYLANG METHODIST SCHOOL (SECONDARY),LITERATURE IN ENGLISH
GEYLANG METHODIST SCHOOL (SECONDARY),PRINCIPLES OF ACCOUNTS
GEYLANG METHODIST SCHOOL (SECONDARY),DESIGN & TECHNOLOGY
GEYLANG METHODIST SCHOOL (SECONDARY),FOOD & CONSUMER EDUCATION
GEYLANG METHODIST SCHOOL (SECONDARY),ART
GEYLANG METHODIST SCHOOL (SECONDARY),MUSIC
GEYLANG METHODIST SCHOOL (SECONDARY),CHINESE
GEYLANG METHODIST SCHOOL (SECONDARY),MALAY
GEYLANG METHODIST SCHOOL (SECONDARY),TAMIL
GEYLANG METHODIST SCHOOL (SECONDARY),HIGHER CHINESE
GEYLANG METHODIST SCHOOL (SECONDARY),HIGHER MALAY
GEYLANG METHODIST SCHOOL (SECONDARY),HIGHER TAMIL
GEYLANG METHODIST SCHOOL (SECONDARY),COMPUTING
GONGSHANG PRIMARY SCHOOL,ENGLISH LANGUAGE
GONGSHANG PRIMARY SCHOOL,MATHEMATICS
GONGSHANG PRIMARY SCHOOL,SCIENCE
GONGSHANG PRIMARY SCHOOL,CHINESE
GONGSHANG PRIMARY SCHOOL,MALAY
GONGSHANG PRIMARY SCHOOL,TAMIL
GONGSHANG PRIMARY SCHOOL,HIGHER CHINESE
GONGSHANG PRIMARY SCHOOL,HIGHER MALAY
GONGSHANG PRIMARY SCHOOL,HIGHER TAMIL
GONGSHANG PRIMARY SCHOOL,ART
GONGSHANG PRIMARY SCHOOL,MUSIC
GONGSHANG PRIMARY SCHOOL,PHYSICAL EDUCATION
GONGSHANG PRIMARY SCHOOL,SOCIAL STUDIES
GREENDALE PRIMARY SCHOOL,ENGLISH LANGUAGE
GREENDALE PRIMARY SCHOOL,MATHEMATICS
GREENDALE PRIMARY SCHOOL,SCIENCE
GREENDALE PRIMARY SCHOOL,CHINESE
GREENDALE PRIMARY SCHOOL,MALAY
GREENDALE PRIMARY SCHOOL,TAMIL
GREENDALE PRIMARY SCHOOL,HIGHER CHINESE
GREENDALE PRIMARY SCHOOL,HIGHER MALAY
GREENDALE PRIMARY SCHOOL,HIGHER TAMIL
GREENDALE PRIMARY SCHOOL,ART
GREENDALE PRIMARY SCHOOL,MUSIC
GREENDALE PRIMARY SCHOOL,PHYSICAL EDUCATION
GREENDALE PRIMARY SCHOOL,SOCIAL STUDIES
GREENDALE SECONDARY SCHOOL,ENGLISH LANGUAGE
GREENDALE SECONDARY SCHOOL,MATHEMATICS
GREENDALE SECONDARY SCHOOL,ADDITIONAL MATHEMATICS
GREENDALE SECONDARY SCHOOL,SCIENCE (PHY/CHEM)
GREENDALE SECONDARY SCHOOL,SCIENCE (CHEM/BIO)
GREENDALE SECONDARY SCHOOL,PHYSICS
GREENDALE SECONDARY SCHOOL,CHEMISTRY
GREENDALE SECONDARY SCHOOL,BIOLOGY
GREENDALE SECONDARY SCHOOL,"COMBINED HUMANITIES (S,G)"
GREENDALE SECONDARY SCHOOL,"COMBINED HUMANITIES (S,H)"
GREENDALE SECONDARY SCHOOL,"COMBINED HUMANITIES (S,L)"
GREENDALE SECONDARY SCHOOL,GEOGRAPHY
GREENDALE SECONDARY SCHOOL,HISTORY
GREENDALE SECONDARY SCHOOL,LITERATURE IN ENGLISH
GREENDALE SECONDARY SCHOOL,PRINCIPLES OF ACCOUNTS
GREENDALE SECONDARY SCHOOL,DESIGN & TECHNOLOGY
GREENDALE SECONDARY SCHOOL,FOOD & CONSUMER EDUCATION
GREENDALE SECONDARY SCHOOL,ART
GREENDALE SECONDARY SCHOOL,MUSIC
GREENDALE SECONDARY SCHOOL,CHINESE
GREENDALE SECONDARY SCHOOL,MALAY
GREENDALE SECONDARY SCHOOL,TAMIL
GREENDALE SECONDARY SCHOOL,HIGHER CHINESE
GREENDALE SECONDARY SCHOOL,HIGHER MALAY
GREENDALE SECONDARY SCHOOL,HIGHER TAMIL
GREENDALE SECONDARY SCHOOL,COMPUTING
GREENRIDGE PRIMARY SCHOOL,ENGLISH LANGUAGE
GREENRIDGE PRIMARY SCHOOL,MATHEMATICS
GREENRIDGE PRIMARY SCHOOL,SCIENCE
GREENRIDGE PRIMARY SCHOOL,CHINESE
GREENRIDGE PRIMARY SCHOOL,MALAY
GREENRIDGE PRIMARY SCHOOL,TAMIL
GREENRIDGE PRIMARY SCHOOL,HIGHER CHINESE
GREENRIDGE PRIMARY SCHOOL,HIGHER MALAY
GREENRIDGE PRIMARY SCHOOL,HIGHER TAMIL
GREENRIDGE PRIMARY SCHOOL,ART
GREENRIDGE PRIMARY SCHOOL,MUSIC
GREENRIDGE PRIMARY SCHOOL,PHYSICAL EDUCATION
GREENRIDGE PRIMARY SCHOOL,SOCIAL STUDIES
GREENRIDGE SECONDARY SCHOOL,ENGLISH LANGUAGE
GREENRIDGE SECONDARY SCHOOL,MATHEMATICS
GREENRIDGE SECONDARY SCHOOL,ADDITIONAL MATHEMATICS
GREENRIDGE SECONDARY SCHOOL,SCIENCE (PHY/CHEM)
GREENRIDGE SECONDARY SCHOOL,SCIENCE (CHEM/BIO)
GREENRIDGE SECONDARY SCHOOL,PHYSICS
GREENRIDGE SECONDARY SCHOOL,CHEMISTRY
GREENRIDGE SECONDARY SCHOOL,BIOLOGY
GREENRIDGE SECONDARY SCHOOL,"COMBINED HUMANITIES (S,G)"
GREENRIDGE SECONDARY SCHOOL,"COMBINED HUMANITIES (S,H)"
GREENRIDGE SECONDARY SCHOOL,"COMBINED HUMANITIES (S,L)"
GREENRIDGE SECONDARY SCHOOL,GEOGRAPHY
GREENRIDGE SECONDARY SCHOOL,HISTORY
GREENRIDGE SECONDARY SCHOOL,LITERATURE IN ENGLISH
GREENRIDGE SECONDARY SCHOOL,PRINCIPLES OF ACCOUNTS
GREENRIDGE SECONDARY SCHOOL,DESIGN & TECHNOLOGY
GREENRIDGE SECONDARY SCHOOL,FOOD & CONSUMER EDUCATION
GREENRIDGE SECONDARY SCHOOL,ART
GREENRIDGE SECONDARY SCHOOL,MUSIC
GREENRIDGE SECONDARY SCHOOL,CHINESE
GREENRIDGE SECONDARY SCHOOL,MALAY
GREENRIDGE SECONDARY SCHOOL,TAMIL
GREENRIDGE SECONDARY SCHOOL,HIGHER CHINESE
GREENRIDGE SECONDARY SCHOOL,HIGHER MALAY
GREENRIDGE SECONDARY SCHOOL,HIGHER TAMIL
GREENRIDGE SECONDARY SCHOOL,COMPUTING
GREENWOOD PRIMARY SCHOOL,ENGLISH LANGUAGE
GREENWOOD PRIMARY SCHOOL,MATHEMATICS
GREENWOOD PRIMARY SCHOOL,SCIENCE
GREENWOOD PRIMARY SCHOOL,CHINESE
GREENWOOD PRIMARY SCHOOL,MALAY
GREENWOOD PRIMARY SCHOOL,TAMIL
GREENWOOD PRIMARY SCHOOL,HIGHER CHINESE
GREENWOOD PRIMARY SCHOOL,HIGHER MALAY
GREENWOOD PRIMARY SCHOOL,HIGHER TAMIL
GREENWOOD PRIMARY SCHOOL,ART
GREENWOOD PRIMARY SCHOOL,MUSIC
GREENWOOD PRIMARY SCHOOL,PHYSICAL EDUCATION
GREENWOOD PRIMARY SCHOOL,SOCIAL STUDIES
GUANGYANG SECONDARY SCHOOL,ENGLISH LANGUAGE
GUANGYANG SECONDARY SCHOOL,MATHEMATICS
GUANGYANG SECONDARY SCHOOL,ADDITIONAL MATHEMATICS
GUANGYANG SECONDARY SCHOOL,SCIENCE (PHY/CHEM)
GUANGYANG SECONDARY SCHOOL,SCIENCE (CHEM/BIO)
GUANGYANG SECONDARY SCHOOL,PHYSICS
GUANGYANG SECONDARY SCHOOL,CHEMISTRY
GUANGYANG SECONDARY SCHOOL,BIOLOGY
GUANGYANG SECONDARY SCHOOL,"COMBINED HUMANITIES (S,G)"
GUANGYANG SECONDARY SCHOOL,"COMBINED HUMANITIES (S,H)"
GUANGYANG SECONDARY SCHOOL,"COMBINED HUMANITIES (S,L)"
GUANGYANG SECONDARY SCHOOL,GEOGRAPHY
GUANGYANG SECONDARY SCHOOL,HISTORY
GUANGYANG SECONDARY SCHOOL,LITERATURE IN ENGLISH
GUANGYANG SECONDARY SCHOOL,PRINCIPLES OF ACCOUNTS
GUANGYANG SECONDARY SCHOOL,DESIGN & TECHNOLOGY
GUANGYANG SECONDARY SCHOOL,FOOD & CONSUMER EDUCATION
GUANGYANG SECONDARY SCHOOL,ART
GUANGYANG SECONDARY SCHOOL,MUSIC
GUANGYANG SECONDARY SCHOOL,CHINESE
GUANGYANG SECONDARY SCHOOL,MALAY
GUANGYANG SECONDARY SCHOOL,TAMIL
GUANGYANG SECONDARY SCHOOL,HIGHER CHINESE
GUANGYANG SECONDARY SCHOOL,HIGHER MALAY
GUANGYANG SECONDARY SCHOOL,HIGHER TAMIL
GUANGYANG SECONDARY SCHOOL,COMPUTING
HAI SING CATHOLIC SCHOOL,ENGLISH LANGUAGE
HAI SING CATHOLIC SCHOOL,MATHEMATICS
HAI SING CATHOLIC SCHOOL,ADDITIONAL MATHEMATICS
HAI SING CATHOLIC SCHOOL,SCIENCE (PHY/CHEM)
HAI SING CATHOLIC SCHOOL,SCIENCE (CHEM/BIO)
HAI SING CATHOLIC SCHOOL,PHYSICS
HAI SING CATHOLIC SCHOOL,CHEMISTRY
HAI SING CATHOLIC SCHOOL,BIOLOGY
HAI SING CATHOLIC SCHOOL,"COMBINED HUMANITIES (S,G)"
HAI SING CATHOLIC SCHOOL,"COMBINED HUMANITIES (S,H)"
HAI SING CATHOLIC SCHOOL,"COMBINED HUMANITIES (S,L)"
HAI SING CATHOLIC SCHOOL,GEOGRAPHY
HAI SING CATHOLIC SCHOOL,HISTORY
HAI SING CATHOLIC SCHOOL,LITERATURE IN ENGLISH
HAI SING CATHOLIC SCHOOL,PRINCIPLES OF ACCOUNTS
HAI SING CATHOLIC SCHOOL,DESIGN & TECHNOLOGY
HAI SING CATHOLIC SCHOOL,FOOD & CONSUMER EDUCATION
HAI SING CATHOLIC SCHOOL,ART
HAI SING CATHOLIC SCHOOL,MUSIC
HAI SING CATHOLIC SCHOOL,CHINESE
HAI SING CATHOLIC SCHOOL,MALAY
HAI SING CATHOLIC SCHOOL,TAMIL
HAI SING CATHOLIC SCHOOL,HIGHER CHINESE
HAI SING CATHOLIC SCHOOL,HIGHER MALAY
HAI SING CATHOLIC SCHOOL,HIGHER TAMIL
HAI SING CATHOLIC SCHOOL,COMPUTING
HAIG GIRLS' SCHOOL,ENGLISH LANGUAGE
HAIG GIRLS' SCHOOL,MATHEMATICS
HAIG GIRLS' SCHOOL,SCIENCE
HAIG GIRLS' SCHOOL,CHINESE
HAIG GIRLS' SCHOOL,MALAY
HAIG GIRLS' SCHOOL,TAMIL
HAIG GIRLS' SCHOOL,HIGHER CHINESE
HAIG GIRLS' SCHOOL,HIGHER MALAY
HAIG GIRLS' SCHOOL,HIGHER TAMIL
HAIG GIRLS' SCHOOL,ART
HAIG GIRLS' SCHOOL,MUSIC
HAIG GIRLS' SCHOOL,PHYSICAL EDUCATION
HAIG GIRLS' SCHOOL,SOCIAL STUDIES
HENRY PARK PRIMARY SCHOOL,ENGLISH LANGUAGE
HENRY PARK PRIMARY SCHOOL,MATHEMATICS
HENRY PARK PRIMARY SCHOOL,SCIENCE
HENRY PARK PRIMARY SCHOOL,CHINESE
HENRY PARK PRIMARY SCHOOL,MALAY
HENRY PARK PRIMARY SCHOOL,TAMIL
HENRY PARK PRIMARY SCHOOL,HIGHER CHINESE
HENRY PARK PRIMARY SCHOOL,HIGHER MALAY
HENRY PARK PRIMARY SCHOOL,HIGHER TAMIL
HENRY PARK PRIMARY SCHOOL,ART
HENRY PARK PRIMARY SCHOOL,MUSIC
HENRY PARK PRIMARY SCHOOL,PHYSICAL EDUCATION
HENRY PARK PRIMARY SCHOOL,SOCIAL STUDIES
HILLGROVE SECONDARY SCHOOL,ENGLISH LANGUAGE
HILLGROVE SECONDARY SCHOOL,MATHEMATICS
HILLGROVE SECONDARY SCHOOL,ADDITIONAL MATHEMATICS
HILLGROVE SECONDARY SCHOOL,SCIENCE (PHY/CHEM)
HILLGROVE SECONDARY SCHOOL,SCIENCE (CHEM/BIO)
HILLGROVE SECONDARY SCHOOL,PHYSICS
HILLGROVE SECONDARY SCHOOL,CHEMISTRY
HILLGROVE SECONDARY SCHOOL,BIOLOGY
HILLGROVE SECONDARY SCHOOL,"COMBINED HUMANITIES (S,G)"
HILLGROVE SECONDARY SCHOOL,"COMBINED HUMANITIES (S,H)"
HILLGROVE SECONDARY SCHOOL,"COMBINED HUMANITIES (S,L)"
HILLGROVE SECONDARY SCHOOL,GEOGRAPHY
HILLGROVE SECONDARY SCHOOL,HISTORY
HILLGROVE SECONDARY SCHOOL,LITERATURE IN ENGLISH
HILLGROVE SECONDARY SCHOOL,PRINCIPLES OF ACCOUNTS
HILLGROVE SECONDARY SCHOOL,DESIGN & TECHNOLOGY
HILLGROVE SECONDARY SCHOOL,FOOD & CONSUMER EDUCATION
HILLGROVE SECONDARY SCHOOL,ART
HILLGROVE SECONDARY SCHOOL,MUSIC
HILLGROVE SECONDARY SCHOOL,CHINESE
HILLGROVE SECONDARY SCHOOL,MALAY
HILLGROVE SECONDARY SCHOOL,TAMIL
HILLGROVE SECONDARY SCHOOL,HIGHER CHINESE
HILLGROVE SECONDARY SCHOOL,HIGHER MALAY
HILLGROVE SECONDARY SCHOOL,HIGHER TAMIL
HILLGROVE SECONDARY SCHOOL,COMPUTING
HOLY INNOCENTS' HIGH SCHOOL,ENGLISH LANGUAGE
HOLY INNOCENTS' HIGH SCHOOL,MATHEMATICS
HOLY INNOCENTS' HIGH SCHOOL,ADDITIONAL MATHEMATICS
HOLY INNOCENTS' HIGH SCHOOL,SCIENCE (PHY/CHEM)
HOLY INNOCENTS' HIGH SCHOOL,SCIENCE (CHEM/BIO)
HOLY INNOCENTS' HIGH SCHOOL,PHYSICS
HOLY INNOCENTS' HIGH SCHOOL,CHEMISTRY
HOLY INNOCENTS' HIGH SCHOOL,BIOLOGY
HOLY INNOCENTS' HIGH SCHOOL,"COMBINED HUMANITIES (S,G)"
HOLY INNOCENTS' HIGH SCHOOL,"COMBINED HUMANITIES (S,H)"
HOLY INNOCENTS' HIGH SCHOOL,"COMBINED HUMANITIES (S,L)"
HOLY INNOCENTS' HIGH SCHOOL,GEOGRAPHY
HOLY INNOCENTS' HIGH SCHOOL,HISTORY
HOLY INNOCENTS' HIGH SCHOOL,LITERATURE IN ENGLISH
HOLY INNOCENTS' HIGH SCHOOL,PRINCIPLES OF ACCOUNTS
HOLY INNOCENTS' HIGH SCHOOL,DESIGN & TECHNOLOGY
HOLY INNOCENTS' HIGH SCHOOL,FOOD & CONSUMER EDUCATION
HOLY INNOCENTS' HIGH SCHOOL,ART
HOLY INNOCENTS' HIGH SCHOOL,MUSIC
HOLY INNOCENTS' HIGH SCHOOL,CHINESE
HOLY INNOCENTS' HIGH SCHOOL,MALAY
HOLY INNOCENTS' HIGH SCHOOL,TAMIL
HOLY INNOCENTS' HIGH SCHOOL,HIGHER CHINESE
HOLY INNOCENTS' HIGH SCHOOL,HIGHER MALAY
HOLY INNOCENTS' HIGH SCHOOL,HIGHER TAMIL
HOLY INNOCENTS' HIGH SCHOOL,COMPUTING
HOLY INNOCENTS' PRIMARY SCHOOL,ENGLISH LANGUAGE
HOLY INNOCENTS' PRIMARY SCHOOL,MATHEMATICS
HOLY INNOCENTS' PRIMARY SCHOOL,SCIENCE
HOLY INNOCENTS' PRIMARY SCHOOL,CHINESE
HOLY INNOCENTS' PRIMARY SCHOOL,MALAY
HOLY INNOCENTS' PRIMARY SCHOOL,TAMIL
HOLY INNOCENTS' PRIMARY SCHOOL,HIGHER CHINESE
HOLY INNOCENTS' PRIMARY SCHOOL,HIGHER MALAY
HOLY INNOCENTS' PRIMARY SCHOOL,HIGHER TAMIL
HOLY INNOCENTS' PRIMARY SCHOOL,ART
HOLY INNOCENTS' PRIMARY SCHOOL,MUSIC
HOLY INNOCENTS' PRIMARY SCHOOL,PHYSICAL EDUCATION
HOLY INNOCENTS' PRIMARY SCHOOL,SOCIAL STUDIES
HONG WEN SCHOOL,ENGLISH LANGUAGE
HONG WEN SCHOOL,MATHEMATICS
HONG WEN SCHOOL,SCIENCE
HONG WEN SCHOOL,CHINESE
HONG WEN SCHOOL,MALAY
HONG WEN SCHOOL,TAMIL
HONG WEN SCHOOL,HIGHER CHINESE
HONG WEN SCHOOL,HIGHER MALAY
HONG WEN SCHOOL,HIGHER TAMIL
HONG WEN SCHOOL,ART
HONG WEN SCHOOL,MUSIC
HONG WEN SCHOOL,PHYSICAL EDUCATION
HONG WEN SCHOOL,SOCIAL STUDIES
HORIZON PRIMARY SCHOOL,ENGLISH LANGUAGE
HORIZON PRIMARY SCHOOL,MATHEMATICS
HORIZON PRIMARY SCHOOL,SCIENCE
HORIZON PRIMARY SCHOOL,CHINESE
HORIZON PRIMARY SCHOOL,MALAY
HORIZON PRIMARY SCHOOL,TAMIL
HORIZON PRIMARY SCHOOL,HIGHER CHINESE
HORIZON PRIMARY SCHOOL,HIGHER MALAY
HORIZON PRIMARY SCHOOL,HIGHER TAMIL
HORIZON PRIMARY SCHOOL,ART
HORIZON PRIMARY SCHOOL,MUSIC
HORIZON PRIMARY SCHOOL,PHYSICAL EDUCATION
HORIZON PRIMARY SCHOOL,SOCIAL STUDIES
HOUGANG PRIMARY SCHOOL,ENGLISH LANGUAGE
HOUGANG PRIMARY SCHOOL,MATHEMATICS
HOUGANG PRIMARY SCHOOL,SCIENCE
HOUGANG PRIMARY SCHOOL,CHINESE
HOUGANG PRIMARY SCHOOL,MALAY
HOUGANG PRIMARY SCHOOL,TAMIL
HOUGANG PRIMARY SCHOOL,HIGHER CHINESE
HOUGANG PRIMARY SCHOOL,HIGHER MALAY
HOUGANG PRIMARY SCHOOL,HIGHER TAMIL
HOUGANG PRIMARY SCHOOL,ART
HOUGANG PRIMARY SCHOOL,MUSIC
HOUGANG PRIMARY SCHOOL,PHYSICAL EDUCATION
HOUGANG PRIMARY SCHOOL,SOCIAL STUDIES
HOUGANG SECONDARY SCHOOL,ENGLISH LANGUAGE
HOUGANG SECONDARY SCHOOL,MATHEMATICS
HOUGANG SECONDARY SCHOOL,ADDITIONAL MATHEMATICS
HOUGANG SECONDARY SCHOOL,SCIENCE (PHY/CHEM)
HOUGANG SECONDARY SCHOOL,SCIENCE (CHEM/BIO)
HOUGANG SECONDARY SCHOOL,PHYSICS
HOUGANG SECONDARY SCHOOL,CHEMISTRY
HOUGANG SECONDARY SCHOOL,BIOLOGY
HOUGANG SECONDARY SCHOOL,"COMBINED HUMANITIES (S,G)"
HOUGANG SECONDARY SCHOOL,"COMBINED HUMANITIES (S,H)"
HOUGANG SECONDARY SCHOOL,"COMBINED HUMANITIES (S,L)"
HOUGANG SECONDARY SCHOOL,GEOGRAPHY
HOUGANG SECONDARY SCHOOL,HISTORY
HOUGANG SECONDARY SCHOOL,LITERATURE IN ENGLISH
HOUGANG SECONDARY SCHOOL,PRINCIPLES OF ACCOUNTS
HOUGANG SECONDARY SCHOOL,DESIGN & TECHNOLOGY
HOUGANG SECONDARY SCHOOL,FOOD & CONSUMER EDUCATION
HOUGANG SECONDARY SCHOOL,ART
HOUGANG SECONDARY SCHOOL,MUSIC
HOUGANG SECONDARY SCHOOL,CHINESE
HOUGANG SECONDARY SCHOOL,MALAY
HOUGANG SECONDARY SCHOOL,TAMIL
HOUGANG SECONDARY SCHOOL,HIGHER CHINESE
HOUGANG SECONDARY SCHOOL,HIGHER MALAY
HOUGANG SECONDARY SCHOOL,HIGHER TAMIL
HOUGANG SECONDARY SCHOOL,COMPUTING
HUA YI SECONDARY SCHOOL,ENGLISH LANGUAGE
HUA YI SECONDARY SCHOOL,MATHEMATICS
HUA YI SECONDARY SCHOOL,ADDITIONAL MATHEMATICS
HUA YI SECONDARY SCHOOL,SCIENCE (PHY/CHEM)
HUA YI SECONDARY SCHOOL,SCIENCE (CHEM/BIO)
HUA YI SECONDARY SCHOOL,PHYSICS
HUA YI SECONDARY SCHOOL,CHEMISTRY
HUA YI SECONDARY SCHOOL,BIOLOGY
HUA YI SECONDARY SCHOOL,"COMBINED HUMANITIES (S,G)"
HUA YI SECONDARY SCHOOL,"COMBINED HUMANITIES (S,H)"
HUA YI SECONDARY SCHOOL,"COMBINED HUMANITIES (S,L)"
HUA YI SECONDARY SCHOOL,GEOGRAPHY
HUA YI SECONDARY SCHOOL,HISTORY
HUA YI SECONDARY SCHOOL,LITERATURE IN ENGLISH
HUA YI SECONDARY SCHOOL,PRINCIPLES OF ACCOUNTS
HUA YI SECONDARY SCHOOL,DESIGN & TECHNOLOGY
HUA YI SECONDARY SCHOOL,FOOD & CONSUMER EDUCATION
HUA YI SECONDARY SCHOOL,ART
HUA YI SECONDARY SCHOOL,MUSIC
HUA YI SECONDARY SCHOOL,CHINESE
HUA YI SECONDARY SCHOOL,MALAY
HUA YI SECONDARY SCHOOL,TAMIL
HUA YI SECONDARY SCHOOL,HIGHER CHINESE
HUA YI SECONDARY SCHOOL,HIGHER MALAY
HUA YI SECONDARY SCHOOL,HIGHER TAMIL
HUA YI SECONDARY SCHOOL,COMPUTING
HUAMIN PRIMARY SCHOOL,ENGLISH LANGUAGE
HUAMIN PRIMARY SCHOOL,MATHEMATICS
HUAMIN PRIMARY SCHOOL,SCIENCE
HUAMIN PRIMARY SCHOOL,CHINESE
HUAMIN PRIMARY SCHOOL,MALAY
HUAMIN PRIMARY SCHOOL,TAMIL
HUAMIN PRIMARY SCHOOL,HIGHER CHINESE
HUAMIN PRIMARY SCHOOL,HIGHER MALAY
HUAMIN PRIMARY SCHOOL,HIGHER TAMIL
HUAMIN PRIMARY SCHOOL,ART
HUAMIN PRIMARY SCHOOL,MUSIC
HUAMIN PRIMARY SCHOOL,PHYSICAL EDUCATION
HUAMIN PRIMARY SCHOOL,SOCIAL STUDIES
HWA CHONG INSTITUTION,H1 GENERAL PAPER
HWA CHONG INSTITUTION,H1 PROJECT WORK
HWA CHONG INSTITUTION,H2 MATHEMATICS
HWA CHONG INSTITUTION,H2 FURTHER MATHEMATICS
HWA CHONG INSTITUTION,H2 PHYSICS
HWA CHONG INSTITUTION,H2 CHEMISTRY
HWA CHONG INSTITUTION,H2 BIOLOGY
HWA CHONG INSTITUTION,H2 ECONOMICS
HWA CHONG INSTITUTION,H2 HISTORY
HWA CHONG INSTITUTION,H2 GEOGRAPHY
HWA CHONG INSTITUTION,H2 LITERATURE IN ENGLISH
HWA CHONG INSTITUTION,H2 COMPUTING
HWA CHONG INSTITUTION,H2 ART
HWA CHONG INSTITUTION,H2 MUSIC
HWA CHONG INSTITUTION,H2 MANAGEMENT OF BUSINESS
HWA CHONG INSTITUTION,H2 PRINCIPLES OF ACCOUNTING
HWA CHONG INSTITUTION,H1 CHINESE
HWA CHONG INSTITUTION,H1 MALAY
HWA CHONG INSTITUTION,H1 TAMIL
INNOVA PRIMARY SCHOOL,ENGLISH LANGUAGE
INNOVA PRIMARY SCHOOL,MATHEMATICS
INNOVA PRIMARY SCHOOL,SCIENCE
INNOVA PRIMARY SCHOOL,CHINESE
INNOVA PRIMARY SCHOOL,MALAY
INNOVA PRIMARY SCHOOL,TAMIL
INNOVA PRIMARY SCHOOL,HIGHER CHINESE
INNOVA PRIMARY SCHOOL,HIGHER MALAY
INNOVA PRIMARY SCHOOL,HIGHER TAMIL
INNOVA PRIMARY SCHOOL,ART
INNOVA PRIMARY SCHOOL,MUSIC
INNOVA PRIMARY SCHOOL,PHYSICAL EDUCATION
INNOVA PRIMARY SCHOOL,SOCIAL STUDIES
JIEMIN PRIMARY SCHOOL,ENGLISH LANGUAGE
JIEMIN PRIMARY SCHOOL,MATHEMATICS
JIEMIN PRIMARY SCHOOL,SCIENCE
JIEMIN PRIMARY SCHOOL,CHINESE
JIEMIN PRIMARY SCHOOL,MALAY
JIEMIN PRIMARY SCHOOL,TAMIL
JIEMIN PRIMARY SCHOOL,HIGHER CHINESE
JIEMIN PRIMARY SCHOOL,HIGHER MALAY
JIEMIN PRIMARY SCHOOL,HIGHER TAMIL
JIEMIN PRIMARY SCHOOL,ART
JIEMIN PRIMARY SCHOOL,MUSIC
JIEMIN PRIMARY SCHOOL,PHYSICAL EDUCATION
JIEMIN PRIMARY SCHOOL,SOCIAL STUDIES
JING SHAN PRIMARY SCHOOL,ENGLISH LANGUAGE
JING SHAN PRIMARY SCHOOL,MATHEMATICS
JING SHAN PRIMARY SCHOOL,SCIENCE
JING SHAN PRIMARY SCHOOL,CHINESE
JING SHAN PRIMARY SCHOOL,MALAY
JING SHAN PRIMARY SCHOOL,TAMIL
JING SHAN PRIMARY SCHOOL,HIGHER CHINESE
JING SHAN PRIMARY SCHOOL,HIGHER MALAY
JING SHAN PRIMARY SCHOOL,HIGHER TAMIL
JING SHAN PRIMARY SCHOOL,ART
JING SHAN PRIMARY SCHOOL,MUSIC
JING SHAN PRIMARY SCHOOL,PHYSICAL EDUCATION
JING SHAN PRIMARY SCHOOL,SOCIAL STUDIES
JUNYUAN PRIMARY SCHOOL,ENGLISH LANGUAGE
JUNYUAN PRIMARY SCHOOL,MATHEMATICS
JUNYUAN PRIMARY SCHOOL,SCIENCE
JUNYUAN PRIMARY SCHOOL,CHINESE
JUNYUAN PRIMARY SCHOOL,MALAY
JUNYUAN PRIMARY SCHOOL,TAMIL
JUNYUAN PRIMARY SCHOOL,HIGHER CHINESE
JUNYUAN PRIMARY SCHOOL,HIGHER MALAY
JUNYUAN PRIMARY SCHOOL,HIGHER TAMIL
JUNYUAN PRIMARY SCHOOL,ART
JUNYUAN PRIMARY SCHOOL,MUSIC
JUNYUAN PRIMARY SCHOOL,PHYSICAL EDUCATION
JUNYUAN PRIMARY SCHOOL,SOCIAL STUDIES
JUNYUAN SECONDARY SCHOOL,ENGLISH LANGUAGE
JUNYUAN SECONDARY SCHOOL,MATHEMATICS
JUNYUAN SECONDARY SCHOOL,ADDITIONAL MATHEMATICS
JUNYUAN SECONDARY SCHOOL,SCIENCE (PHY/CHEM)
JUNYUAN SECONDARY SCHOOL,SCIENCE (CHEM/BIO)
JUNYUAN SECONDARY SCHOOL,PHYSICS
JUNYUAN SECONDARY SCHOOL,CHEMISTRY
JUNYUAN SECONDARY SCHOOL,BIOLOGY
JUNYUAN SECONDARY SCHOOL,"COMBINED HUMANITIES (S,G)"
JUNYUAN SECONDARY SCHOOL,"COMBINED HUMANITIES (S,H)"
JUNYUAN SECONDARY SCHOOL,"COMBINED HUMANITIES (S,L)"
JUNYUAN SECONDARY SCHOOL,GEOGRAPHY
JUNYUAN SECONDARY SCHOOL,HISTORY
JUNYUAN SECONDARY SCHOOL,LITERATURE IN ENGLISH
JUNYUAN SECONDARY SCHOOL,PRINCIPLES OF ACCOUNTS
JUNYUAN SECONDARY SCHOOL,DESIGN & TECHNOLOGY
JUNYUAN SECONDARY SCHOOL,FOOD & CONSUMER EDUCATION
JUNYUAN SECONDARY SCHOOL,ART
JUNYUAN SECONDARY SCHOOL,MUSIC
JUNYUAN SECONDARY SCHOOL,CHINESE
JUNYUAN SECONDARY SCHOOL,MALAY
JUNYUAN SECONDARY SCHOOL,TAMIL
JUNYUAN SECONDARY SCHOOL,HIGHER CHINESE
JUNYUAN SECONDARY SCHOOL,HIGHER MALAY
JUNYUAN SECONDARY SCHOOL,HIGHER TAMIL
JUNYUAN SECONDARY SCHOOL,COMPUTING
JURONG PIONEER JUNIOR COLLEGE,H1 GENERAL PAPER
JURONG PIONEER JUNIOR COLLEGE,H1 PROJECT WORK
JURONG PIONEER JUNIOR COLLEGE,H2 MATHEMATICS
JURONG PIONEER JUNIOR COLLEGE,H2 FURTHER MATHEMATICS
JURONG PIONEER JUNIOR COLLEGE,H2 PHYSICS
JURONG PIONEER JUNIOR COLLEGE,H2 CHEMISTRY
JURONG PIONEER JUNIOR COLLEGE,H2 BIOLOGY
JURONG PIONEER JUNIOR COLLEGE,H2 ECONOMICS
JURONG PIONEER JUNIOR COLLEGE,H2 HISTORY
JURONG PIONEER JUNIOR COLLEGE,H2 GEOGRAPHY
JURONG PIONEER JUNIOR COLLEGE,H2 LITERATURE IN ENGLISH
JURONG PIONEER JUNIOR COLLEGE,H2 COMPUTING
JURONG PIONEER JUNIOR COLLEGE,H2 ART
JURONG PIONEER JUNIOR COLLEGE,H2 MUSIC
JURONG PIONEER JUNIOR COLLEGE,H2 MANAGEMENT OF BUSINESS
JURONG PIONEER JUNIOR COLLEGE,H2 PRINCIPLES OF ACCOUNTING
JURONG PIONEER JUNIOR COLLEGE,H1 CHINESE
JURONG PIONEER JUNIOR COLLEGE,H1 MALAY
JURONG PIONEER JUNIOR COLLEGE,H1 TAMIL
JURONG PRIMARY SCHOOL,ENGLISH LANGUAGE
JURONG PRIMARY SCHOOL,MATHEMATICS
JURONG PRIMARY SCHOOL,SCIENCE
JURONG PRIMARY SCHOOL,CHINESE
JURONG PRIMARY SCHOOL,MALAY
JURONG PRIMARY SCHOOL,TAMIL
JURONG PRIMARY SCHOOL,HIGHER CHINESE
JURONG PRIMARY SCHOOL,HIGHER MALAY
JURONG PRIMARY SCHOOL,HIGHER TAMIL
JURONG PRIMARY SCHOOL,ART
JURONG PRIMARY SCHOOL,MUSIC
JURONG PRIMARY SCHOOL,PHYSICAL EDUCATION
JURONG PRIMARY SCHOOL,SOCIAL STUDIES
JURONG SECONDARY SCHOOL,ENGLISH LANGUAGE
JURONG SECONDARY SCHOOL,MATHEMATICS
JURONG SECONDARY SCHOOL,ADDITIONAL MATHEMATICS
JURONG SECONDARY SCHOOL,SCIENCE (PHY/CHEM)
JURONG SECONDARY SCHOOL,SCIENCE (CHEM/BIO)
JURONG SECONDARY SCHOOL,PHYSICS
JURONG SECONDARY SCHOOL,CHEMISTRY
JURONG SECONDARY SCHOOL,BIOLOGY
JURONG SECONDARY SCHOOL,"COMBINED HUMANITIES (S,G)"
JURONG SECONDARY SCHOOL,"COMBINED HUMANITIES (S,H)"
JURONG SECONDARY SCHOOL,"COMBINED HUMANITIES (S,L)"
JURONG SECONDARY SCHOOL,GEOGRAPHY
JURONG SECONDARY SCHOOL,HISTORY
JURONG SECONDARY SCHOOL,LITERATURE IN ENGLISH
JURONG SECONDARY SCHOOL,PRINCIPLES OF ACCOUNTS
JURONG SECONDARY SCHOOL,DESIGN & TECHNOLOGY
JURONG SECONDARY SCHOOL,FOOD & CONSUMER EDUCATION
JURONG SECONDARY SCHOOL,ART
JURONG SECONDARY SCHOOL,MUSIC
JURONG SECONDARY SCHOOL,CHINESE
JURONG SECONDARY SCHOOL,MALAY
JURONG SECONDARY SCHOOL,TAMIL
JURONG SECONDARY SCHOOL,HIGHER CHINESE
JURONG SECONDARY SCHOOL,HIGHER MALAY
JURONG SECONDARY SCHOOL,HIGHER TAMIL
JURONG SECONDARY SCHOOL,COMPUTING
JURONG WEST PRIMARY SCHOOL,ENGLISH LANGUAGE
JURONG WEST PRIMARY SCHOOL,MATHEMATICS
JURONG WEST PRIMARY SCHOOL,SCIENCE
JURONG WEST PRIMARY SCHOOL,CHINESE
JURONG WEST PRIMARY SCHOOL,MALAY
JURONG WEST PRIMARY SCHOOL,TAMIL
JURONG WEST PRIMARY SCHOOL,HIGHER CHINESE
JURONG WEST PRIMARY SCHOOL,HIGHER MALAY
JURONG WEST PRIMARY SCHOOL,HIGHER TAMIL
JURONG WEST PRIMARY SCHOOL,ART
JURONG WEST PRIMARY SCHOOL,MUSIC
JURONG WEST PRIMARY SCHOOL,PHYSICAL EDUCATION
JURONG WEST PRIMARY SCHOOL,SOCIAL STUDIES
JURONG WEST SECONDARY SCHOOL,ENGLISH LANGUAGE
JURONG WEST SECONDARY SCHOOL,MATHEMATICS
JURONG WEST SECONDARY SCHOOL,ADDITIONAL MATHEMATICS
JURONG WEST SECONDARY SCHOOL,SCIENCE (PHY/CHEM)
JURONG WEST SECONDARY SCHOOL,SCIENCE (CHEM/BIO)
JURONG WEST SECONDARY SCHOOL,PHYSICS
JURONG WEST SECONDARY SCHOOL,CHEMISTRY
JURONG WEST SECONDARY SCHOOL,BIOLOGY
JURONG WEST SECONDARY SCHOOL,"COMBINED HUMANITIES (S,G)"
JURONG WEST SECONDARY SCHOOL,"COMBINED HUMANITIES (S,H)"
JURONG WEST SECONDARY SCHOOL,"COMBINED HUMANITIES (S,L)"
JURONG WEST SECONDARY SCHOOL,GEOGRAPHY
JURONG WEST SECONDARY SCHOOL,HISTORY
JURONG WEST SECONDARY SCHOOL,LITERATURE IN ENGLISH
JURONG WEST SECONDARY SCHOOL,PRINCIPLES OF ACCOUNTS
JURONG WEST SECONDARY SCHOOL,DESIGN & TECHNOLOGY
JURONG WEST SECONDARY SCHOOL,FOOD & CONSUMER EDUCATION
JURONG WEST SECONDARY SCHOOL,ART
JURONG WEST SECONDARY SCHOOL,MUSIC
JURONG WEST SECONDARY SCHOOL,CHINESE
JURONG WEST SECONDARY SCHOOL,MALAY
JURONG WEST SECONDARY SCHOOL,TAMIL
JURONG WEST SECONDARY SCHOOL,HIGHER CHINESE
JURONG WEST SECONDARY SCHOOL,HIGHER MALAY
JURONG WEST SECONDARY SCHOOL,HIGHER TAMIL
JURONG WEST SECONDARY SCHOOL,COMPUTING
JURONGVILLE SECONDARY SCHOOL,ENGLISH LANGUAGE
JURONGVILLE SECONDARY SCHOOL,MATHEMATICS
JURONGVILLE SECONDARY SCHOOL,ADDITIONAL MATHEMATICS
JURONGVILLE SECONDARY SCHOOL,SCIENCE (PHY/CHEM)
JURONGVILLE SECONDARY SCHOOL,SCIENCE (CHEM/BIO)
JURONGVILLE SECONDARY SCHOOL,PHYSICS
JURONGVILLE SECONDARY SCHOOL,CHEMISTRY
JURONGVILLE SECONDARY SCHOOL,BIOLOGY
JURONGVILLE SECONDARY SCHOOL,"COMBINED HUMANITIES (S,G)"
JURONGVILLE SECONDARY SCHOOL,"COMBINED HUMANITIES (S,H)"
JURONGVILLE SECONDARY SCHOOL,"COMBINED HUMANITIES (S,L)"
JURONGVILLE SECONDARY SCHOOL,GEOGRAPHY
JURONGVILLE SECONDARY SCHOOL,HISTORY
JURONGVILLE SECONDARY SCHOOL,LITERATURE IN ENGLISH
JURONGVILLE SECONDARY SCHOOL,PRINCIPLES OF ACCOUNTS
JURONGVILLE SECONDARY SCHOOL,DESIGN & TECHNOLOGY
JURONGVILLE SECONDARY SCHOOL,FOOD & CONSUMER EDUCATION
JURONGVILLE SECONDARY SCHOOL,ART
JURONGVILLE SECONDARY SCHOOL,MUSIC
JURONGVILLE SECONDARY SCHOOL,CHINESE
JURONGVILLE SECONDARY SCHOOL,MALAY
JURONGVILLE SECONDARY SCHOOL,TAMIL
JURONGVILLE SECONDARY SCHOOL,HIGHER CHINESE
JURONGVILLE SECONDARY SCHOOL,HIGHER MALAY
JURONGVILLE SECONDARY SCHOOL,HIGHER TAMIL
JURONGVILLE SECONDARY SCHOOL,COMPUTING
JUYING SECONDARY SCHOOL,ENGLISH LANGUAGE
JUYING SECONDARY SCHOOL,MATHEMATICS
JUYING SECONDARY SCHOOL,ADDITIONAL MATHEMATICS
JUYING SECONDARY SCHOOL,SCIENCE (PHY/CHEM)
JUYING SECONDARY SCHOOL,SCIENCE (CHEM/BIO)
JUYING SECONDARY SCHOOL,PHYSICS
JUYING SECONDARY SCHOOL,CHEMISTRY
JUYING SECONDARY SCHOOL,BIOLOGY
JUYING SECONDARY SCHOOL,"COMBINED HUMANITIES (S,G)"
JUYING SECONDARY SCHOOL,"COMBINED HUMANITIES (S,H)"
JUYING SECONDARY SCHOOL,"COMBINED HUMANITIES (S,L)"
JUYING SECONDARY SCHOOL,GEOGRAPHY
JUYING SECONDARY SCHOOL,HISTORY
JUYING SECONDARY SCHOOL,LITERATURE IN ENGLISH
JUYING SECONDARY SCHOOL,PRINCIPLES OF ACCOUNTS
JUYING SECONDARY SCHOOL,DESIGN & TECHNOLOGY
JUYING SECONDARY SCHOOL,FOOD & CONSUMER EDUCATION
JUYING SECONDARY SCHOOL,ART
JUYING SECONDARY SCHOOL,MUSIC
JUYING SECONDARY SCHOOL,CHINESE
JUYING SECONDARY SCHOOL,MALAY
JUYING SECONDARY SCHOOL,TAMIL
JUYING SECONDARY SCHOOL,HIGHER CHINESE
JUYING SECONDARY SCHOOL,HIGHER MALAY
JUYING SECONDARY SCHOOL,HIGHER TAMIL
JUYING SECONDARY SCHOOL,COMPUTING
KEMING PRIMARY SCHOOL,ENGLISH LANGUAGE
KEMING PRIMARY SCHOOL,MATHEMATICS
KEMING PRIMARY SCHOOL,SCIENCE
KEMING PRIMARY SCHOOL,CHINESE
KEMING PRIMARY SCHOOL,MALAY
KEMING PRIMARY SCHOOL,TAMIL
KEMING PRIMARY SCHOOL,HIGHER CHINESE
KEMING PRIMARY SCHOOL,HIGHER MALAY
KEMING PRIMARY SCHOOL,HIGHER TAMIL
KEMING PRIMARY SCHOOL,ART
KEMING PRIMARY SCHOOL,MUSIC
KEMING PRIMARY SCHOOL,PHYSICAL EDUCATION
KEMING PRIMARY SCHOOL,SOCIAL STUDIES
KENT RIDGE SECONDARY SCHOOL,ENGLISH LANGUAGE
KENT RIDGE SECONDARY SCHOOL,MATHEMATICS
KENT RIDGE SECONDARY SCHOOL,ADDITIONAL MATHEMATICS
KENT RIDGE SECONDARY SCHOOL,SCIENCE (PHY/CHEM)
KENT RIDGE SECONDARY SCHOOL,SCIENCE (CHEM/BIO)
KENT RIDGE SECONDARY SCHOOL,PHYSICS
KENT RIDGE SECONDARY SCHOOL,CHEMISTRY
KENT RIDGE SECONDARY SCHOOL,BIOLOGY
KENT RIDGE SECONDARY SCHOOL,"COMBINED HUMANITIES (S,G)"
KENT RIDGE SECONDARY SCHOOL,"COMBINED HUMANITIES (S,H)"
KENT RIDGE SECONDARY SCHOOL,"COMBINED HUMANITIES (S,L)"
KENT RIDGE SECONDARY SCHOOL,GEOGRAPHY
KENT RIDGE SECONDARY SCHOOL,HISTORY
KENT RIDGE SECONDARY SCHOOL,LITERATURE IN ENGLISH
KENT RIDGE SECONDARY SCHOOL,PRINCIPLES OF ACCOUNTS
KENT RIDGE SECONDARY SCHOOL,DESIGN & TECHNOLOGY
KENT RIDGE SECONDARY SCHOOL,FOOD & CONSUMER EDUCATION
KENT RIDGE SECONDARY SCHOOL,ART
KENT RIDGE SECONDARY SCHOOL,MUSIC
KENT RIDGE SECONDARY SCHOOL,CHINESE
KENT RIDGE SECONDARY SCHOOL,MALAY
KENT RIDGE SECONDARY SCHOOL,TAMIL
KENT RIDGE SECONDARY SCHOOL,HIGHER CHINESE
KENT RIDGE SECONDARY SCHOOL,HIGHER MALAY
KENT RIDGE SECONDARY SCHOOL,HIGHER TAMIL
KENT RIDGE SECONDARY SCHOOL,COMPUTING
KHENG CHENG SCHOOL,ENGLISH LANGUAGE
KHENG CHENG SCHOOL,MATHEMATICS
KHENG CHENG SCHOOL,SCIENCE
KHENG CHENG SCHOOL,CHINESE
KHENG CHENG SCHOOL,MALAY
KHENG CHENG SCHOOL,TAMIL
KHENG CHENG SCHOOL,HIGHER CHINESE
KHENG CHENG SCHOOL,HIGHER MALAY
KHENG CHENG SCHOOL,HIGHER TAMIL
KHENG CHENG SCHOOL,ART
KHENG CHENG SCHOOL,MUSIC
KHENG CHENG SCHOOL,PHYSICAL EDUCATION
KHENG CHENG SCHOOL,SOCIAL STUDIES
KONG HWA SCHOOL,ENGLISH LANGUAGE
KONG HWA SCHOOL,MATHEMATICS
KONG HWA SCHOOL,SCIENCE
KONG HWA SCHOOL,CHINESE
KONG HWA SCHOOL,MALAY
KONG HWA SCHOOL,TAMIL
KONG HWA SCHOOL,HIGHER CHINESE
KONG HWA SCHOOL,HIGHER MALAY
KONG HWA SCHOOL,HIGHER TAMIL
KONG HWA SCHOOL,ART
KONG HWA SCHOOL,MUSIC
KONG HWA SCHOOL,PHYSICAL EDUCATION
KONG HWA SCHOOL,SOCIAL STUDIES
KRANJI PRIMARY SCHOOL,ENGLISH LANGUAGE
KRANJI PRIMARY SCHOOL,MATHEMATICS
KRANJI PRIMARY SCHOOL,SCIENCE
KRANJI PRIMARY SCHOOL,CHINESE
KRANJI PRIMARY SCHOOL,MALAY
KRANJI PRIMARY SCHOOL,TAMIL
KRANJI PRIMARY SCHOOL,HIGHER CHINESE
KRANJI PRIMARY SCHOOL,HIGHER MALAY
KRANJI PRIMARY SCHOOL,HIGHER TAMIL
KRANJI PRIMARY SCHOOL,ART
KRANJI PRIMARY SCHOOL,MUSIC
KRANJI PRIMARY SCHOOL,PHYSICAL EDUCATION
KRANJI PRIMARY SCHOOL,SOCIAL STUDIES
KRANJI SECONDARY SCHOOL,ENGLISH LANGUAGE
KRANJI SECONDARY SCHOOL,MATHEMATICS
KRANJI SECONDARY SCHOOL,ADDITIONAL MATHEMATICS
KRANJI SECONDARY SCHOOL,SCIENCE (PHY/CHEM)
KRANJI SECONDARY SCHOOL,SCIENCE (CHEM/BIO)
KRANJI SECONDARY SCHOOL,PHYSICS
KRANJI SECONDARY SCHOOL,CHEMISTRY
KRANJI SECONDARY SCHOOL,BIOLOGY
KRANJI SECONDARY SCHOOL,"COMBINED HUMANITIES (S,G)"
KRANJI SECONDARY SCHOOL,"COMBINED HUMANITIES (S,H)"
KRANJI SECONDARY SCHOOL,"COMBINED HUMANITIES (S,L)"
KRANJI SECONDARY SCHOOL,GEOGRAPHY
KRANJI SECONDARY SCHOOL,HISTORY
KRANJI SECONDARY SCHOOL,LITERATURE IN ENGLISH
KRANJI SECONDARY SCHOOL,PRINCIPLES OF ACCOUNTS
KRANJI SECONDARY SCHOOL,DESIGN & TECHNOLOGY
KRANJI SECONDARY SCHOOL,FOOD & CONSUMER EDUCATION
KRANJI SECONDARY SCHOOL,ART
KRANJI SECONDARY SCHOOL,MUSIC
KRANJI SECONDARY SCHOOL,CHINESE
KRANJI SECONDARY SCHOOL,MALAY
KRANJI SECONDARY SCHOOL,TAMIL
KRANJI SECONDARY SCHOOL,HIGHER CHINESE
KRANJI SECONDARY SCHOOL,HIGHER MALAY
KRANJI SECONDARY SCHOOL,HIGHER TAMIL
KRANJI SECONDARY SCHOOL,COMPUTING
KUO CHUAN PRESBYTERIAN PRIMARY SCHOOL,ENGLISH LANGUAGE
KUO CHUAN PRESBYTERIAN PRIMARY SCHOOL,MATHEMATICS
KUO CHUAN PRESBYTERIAN PRIMARY SCHOOL,SCIENCE
KUO CHUAN PRESBYTERIAN PRIMARY SCHOOL,CHINESE
KUO CHUAN PRESBYTERIAN PRIMARY SCHOOL,MALAY
KUO CHUAN PRESBYTERIAN PRIMARY SCHOOL,TAMIL
KUO CHUAN PRESBYTERIAN PRIMARY SCHOOL,HIGHER CHINESE
KUO CHUAN PRESBYTERIAN PRIMARY SCHOOL,HIGHER MALAY
KUO CHUAN PRESBYTERIAN PRIMARY SCHOOL,HIGHER TAMIL
KUO CHUAN PRESBYTERIAN PRIMARY SCHOOL,ART
KUO CHUAN PRESBYTERIAN PRIMARY SCHOOL,MUSIC
KUO CHUAN PRESBYTERIAN PRIMARY SCHOOL,PHYSICAL EDUCATION
KUO CHUAN PRESBYTERIAN PRIMARY SCHOOL,SOCIAL STUDIES
KUO CHUAN PRESBYTERIAN SECONDARY SCHOOL,ENGLISH LANGUAGE
KUO CHUAN PRESBYTERIAN SECONDARY SCHOOL,MATHEMATICS
KUO CHUAN PRESBYTERIAN SECONDARY SCHOOL,ADDITIONAL MATHEMATICS
KUO CHUAN PRESBYTERIAN SECONDARY SCHOOL,SCIENCE (PHY/CHEM)
KUO CHUAN PRESBYTERIAN SECONDARY SCHOOL,SCIENCE (CHEM/BIO)
KUO CHUAN PRESBYTERIAN SECONDARY SCHOOL,PHYSICS
KUO CHUAN PRESBYTERIAN SECONDARY SCHOOL,CHEMISTRY
KUO CHUAN PRESBYTERIAN SECONDARY SCHOOL,BIOLOGY
KUO CHUAN PRESBYTERIAN SECONDARY SCHOOL,"COMBINED HUMANITIES (S,G)"
KUO CHUAN PRESBYTERIAN SECONDARY SCHOOL,"COMBINED HUMANITIES (S,H)"
KUO CHUAN PRESBYTERIAN SECONDARY SCHOOL,"COMBINED HUMANITIES (S,L)"
KUO CHUAN PRESBYTERIAN SECONDARY SCHOOL,GEOGRAPHY
KUO CHUAN PRESBYTERIAN SECONDARY SCHOOL,HISTORY
KUO CHUAN PRESBYTERIAN SECONDARY SCHOOL,LITERATURE IN ENGLISH
KUO CHUAN PRESBYTERIAN SECONDARY SCHOOL,PRINCIPLES OF ACCOUNTS
KUO CHUAN PRESBYTERIAN SECONDARY SCHOOL,DESIGN & TECHNOLOGY
KUO CHUAN PRESBYTERIAN SECONDARY SCHOOL,FOOD & CONSUMER EDUCATION
KUO CHUAN PRESBYTERIAN SECONDARY SCHOOL,ART
KUO CHUAN PRESBYTERIAN SECONDARY SCHOOL,MUSIC
KUO CHUAN PRESBYTERIAN SECONDARY SCHOOL,CHINESE
KUO CHUAN PRESBYTERIAN SECONDARY SCHOOL,MALAY
KUO CHUAN PRESBYTERIAN SECONDARY SCHOOL,TAMIL
KUO CHUAN PRESBYTERIAN SECONDARY SCHOOL,HIGHER CHINESE
KUO CHUAN PRESBYTERIAN SECONDARY SCHOOL,HIGHER MALAY
KUO CHUAN PRESBYTERIAN SECONDARY SCHOOL,HIGHER TAMIL
KUO CHUAN PRESBYTERIAN SECONDARY SCHOOL,COMPUTING
LAKESIDE PRIMARY SCHOOL,ENGLISH LANGUAGE
LAKESIDE PRIMARY SCHOOL,MATHEMATICS
LAKESIDE PRIMARY SCHOOL,SCIENCE
LAKESIDE PRIMARY SCHOOL,CHINESE
LAKESIDE PRIMARY SCHOOL,MALAY
LAKESIDE PRIMARY SCHOOL,TAMIL
LAKESIDE PRIMARY SCHOOL,HIGHER CHINESE
LAKESIDE PRIMARY SCHOOL,HIGHER MALAY
LAKESIDE PRIMARY SCHOOL,HIGHER TAMIL
LAKESIDE PRIMARY SCHOOL,ART
LAKESIDE PRIMARY SCHOOL,MUSIC
LAKESIDE PRIMARY SCHOOL,PHYSICAL EDUCATION
LAKESIDE PRIMARY SCHOOL,SOCIAL STUDIES
LIANHUA PRIMARY SCHOOL,ENGLISH LANGUAGE
LIANHUA PRIMARY SCHOOL,MATHEMATICS
LIANHUA PRIMARY SCHOOL,SCIENCE
LIANHUA PRIMARY SCHOOL,CHINESE
LIANHUA PRIMARY SCHOOL,MALAY
LIANHUA PRIMARY SCHOOL,TAMIL
LIANHUA PRIMARY SCHOOL,HIGHER CHINESE
LIANHUA PRIMARY SCHOOL,HIGHER MALAY
LIANHUA PRIMARY SCHOOL,HIGHER TAMIL
LIANHUA PRIMARY SCHOOL,ART
LIANHUA PRIMARY SCHOOL,MUSIC
LIANHUA PRIMARY SCHOOL,PHYSICAL EDUCATION
LIANHUA PRIMARY SCHOOL,SOCIAL STUDIES
LOYANG VIEW SECONDARY SCHOOL,ENGLISH LANGUAGE
LOYANG VIEW SECONDARY SCHOOL,MATHEMATICS
LOYANG VIEW SECONDARY SCHOOL,ADDITIONAL MATHEMATICS
LOYANG VIEW SECONDARY SCHOOL,SCIENCE (PHY/CHEM)
LOYANG VIEW SECONDARY SCHOOL,SCIENCE (CHEM/BIO)
LOYANG VIEW SECONDARY SCHOOL,PHYSICS
LOYANG VIEW SECONDARY SCHOOL,CHEMISTRY
LOYANG VIEW SECONDARY SCHOOL,BIOLOGY
LOYANG VIEW SECONDARY SCHOOL,"COMBINED HUMANITIES (S,G)"
LOYANG VIEW SECONDARY SCHOOL,"COMBINED HUMANITIES (S,H)"
LOYANG VIEW SECONDARY SCHOOL,"COMBINED HUMANITIES (S,L)"
LOYANG VIEW SECONDARY SCHOOL,GEOGRAPHY
LOYANG VIEW SECONDARY SCHOOL,HISTORY
LOYANG VIEW SECONDARY SCHOOL,LITERATURE IN ENGLISH
LOYANG VIEW SECONDARY SCHOOL,PRINCIPLES OF ACCOUNTS
LOYANG VIEW SECONDARY SCHOOL,DESIGN & TECHNOLOGY
LOYANG VIEW SECONDARY SCHOOL,FOOD & CONSUMER EDUCATION
LOYANG VIEW SECONDARY SCHOOL,ART
LOYANG VIEW SECONDARY SCHOOL,MUSIC
LOYANG VIEW SECONDARY SCHOOL,CHINESE
LOYANG VIEW SECONDARY SCHOOL,MALAY
LOYANG VIEW SECONDARY SCHOOL,TAMIL
LOYANG VIEW SECONDARY SCHOOL,HIGHER CHINESE
LOYANG VIEW SECONDARY SCHOOL,HIGHER MALAY
LOYANG VIEW SECONDARY SCHOOL,HIGHER TAMIL
LOYANG VIEW SECONDARY SCHOOL,COMPUTING
MAHA BODHI SCHOOL,ENGLISH LANGUAGE
MAHA BODHI SCHOOL,MATHEMATICS
MAHA BODHI SCHOOL,SCIENCE
MAHA BODHI SCHOOL,CHINESE
MAHA BODHI SCHOOL,MALAY
MAHA BODHI SCHOOL,TAMIL
MAHA BODHI SCHOOL,HIGHER CHINESE
MAHA BODHI SCHOOL,HIGHER MALAY
MAHA BODHI SCHOOL,HIGHER TAMIL
MAHA BODHI SCHOOL,ART
MAHA BODHI SCHOOL,MUSIC
MAHA BODHI SCHOOL,PHYSICAL EDUCATION
MAHA BODHI SCHOOL,SOCIAL STUDIES
MANJUSRI SECONDARY SCHOOL,ENGLISH LANGUAGE
MANJUSRI SECONDARY SCHOOL,MATHEMATICS
MANJUSRI SECONDARY SCHOOL,ADDITIONAL MATHEMATICS
MANJUSRI SECONDARY SCHOOL,SCIENCE (PHY/CHEM)
MANJUSRI SECONDARY SCHOOL,SCIENCE (CHEM/BIO)
MANJUSRI SECONDARY SCHOOL,PHYSICS
MANJUSRI SECONDARY SCHOOL,CHEMISTRY
MANJUSRI SECONDARY SCHOOL,BIOLOGY
MANJUSRI SECONDARY SCHOOL,"COMBINED HUMANITIES (S,G)"
MANJUSRI SECONDARY SCHOOL,"COMBINED HUMANITIES (S,H)"
MANJUSRI SECONDARY SCHOOL,"COMBINED HUMANITIES (S,L)"
MANJUSRI SECONDARY SCHOOL,GEOGRAPHY
MANJUSRI SECONDARY SCHOOL,HISTORY
MANJUSRI SECONDARY SCHOOL,LITERATURE IN ENGLISH
MANJUSRI SECONDARY SCHOOL,PRINCIPLES OF ACCOUNTS
MANJUSRI SECONDARY SCHOOL,DESIGN & TECHNOLOGY
MANJUSRI SECONDARY SCHOOL,FOOD & CONSUMER EDUCATION
MANJUSRI SECONDARY SCHOOL,ART
MANJUSRI SECONDARY SCHOOL,MUSIC
MANJUSRI SECONDARY SCHOOL,CHINESE
MANJUSRI SECONDARY SCHOOL,MALAY
MANJUSRI SECONDARY SCHOOL,TAMIL
MANJUSRI SECONDARY SCHOOL,HIGHER CHINESE
MANJUSRI SECONDARY SCHOOL,HIGHER MALAY
MANJUSRI SECONDARY SCHOOL,HIGHER TAMIL
MANJUSRI SECONDARY SCHOOL,COMPUTING
MARIS STELLA HIGH SCHOOL,H1 GENERAL PAPER
MARIS STELLA HIGH SCHOOL,H1 PROJECT WORK
MARIS STELLA HIGH SCHOOL,H2 MATHEMATICS
MARIS STELLA HIGH SCHOOL,H2 FURTHER MATHEMATICS
MARIS STELLA HIGH SCHOOL,H2 PHYSICS
MARIS STELLA HIGH SCHOOL,H2 CHEMISTRY
MARIS STELLA HIGH SCHOOL,H2 BIOLOGY
MARIS STELLA HIGH SCHOOL,H2 ECONOMICS
MARIS STELLA HIGH SCHOOL,H2 HISTORY
MARIS STELLA HIGH SCHOOL,H2 GEOGRAPHY
MARIS STELLA HIGH SCHOOL,H2 LITERATURE IN ENGLISH
MARIS STELLA HIGH SCHOOL,H2 COMPUTING
MARIS STELLA HIGH SCHOOL,H2 ART
MARIS STELLA HIGH SCHOOL,H2 MUSIC
MARIS STELLA HIGH SCHOOL,H2 MANAGEMENT OF BUSINESS
MARIS STELLA HIGH SCHOOL,H2 PRINCIPLES OF ACCOUNTING
MARIS STELLA HIGH SCHOOL,H1 CHINESE
MARIS STELLA HIGH SCHOOL,H1 MALAY
MARIS STELLA HIGH SCHOOL,H1 TAMIL
MARSILING PRIMARY SCHOOL,ENGLISH LANGUAGE
MARSILING PRIMARY SCHOOL,MATHEMATICS
MARSILING PRIMARY SCHOOL,SCIENCE
MARSILING PRIMARY SCHOOL,CHINESE
MARSILING PRIMARY SCHOOL,MALAY
MARSILING PRIMARY SCHOOL,TAMIL
MARSILING PRIMARY SCHOOL,HIGHER CHINESE
MARSILING PRIMARY SCHOOL,HIGHER MALAY
MARSILING PRIMARY SCHOOL,HIGHER TAMIL
MARSILING PRIMARY SCHOOL,ART
MARSILING PRIMARY SCHOOL,MUSIC
MARSILING PRIMARY SCHOOL,PHYSICAL EDUCATION
MARSILING PRIMARY SCHOOL,SOCIAL STUDIES
MARSILING SECONDARY SCHOOL,ENGLISH LANGUAGE
MARSILING SECONDARY SCHOOL,MATHEMATICS
MARSILING SECONDARY SCHOOL,ADDITIONAL MATHEMATICS
MARSILING SECONDARY SCHOOL,SCIENCE (PHY/CHEM)
MARSILING SECONDARY SCHOOL,SCIENCE (CHEM/BIO)
MARSILING SECONDARY SCHOOL,PHYSICS
MARSILING SECONDARY SCHOOL,CHEMISTRY
MARSILING SECONDARY SCHOOL,BIOLOGY
MARSILING SECONDARY SCHOOL,"COMBINED HUMANITIES (S,G)"
MARSILING SECONDARY SCHOOL,"COMBINED HUMANITIES (S,H)"
MARSILING SECONDARY SCHOOL,"COMBINED HUMANITIES (S,L)"
MARSILING SECONDARY SCHOOL,GEOGRAPHY
MARSILING SECONDARY SCHOOL,HISTORY
MARSILING SECONDARY SCHOOL,LITERATURE IN ENGLISH
MARSILING SECONDARY SCHOOL,PRINCIPLES OF ACCOUNTS
MARSILING SECONDARY SCHOOL,DESIGN & TECHNOLOGY
MARSILING SECONDARY SCHOOL,FOOD & CONSUMER EDUCATION
MARSILING SECONDARY SCHOOL,ART
MARSILING SECONDARY SCHOOL,MUSIC
MARSILING SECONDARY SCHOOL,CHINESE
MARSILING SECONDARY SCHOOL,MALAY
MARSILING SECONDARY SCHOOL,TAMIL
MARSILING SECONDARY SCHOOL,HIGHER CHINESE
MARSILING SECONDARY SCHOOL,HIGHER MALAY
MARSILING SECONDARY SCHOOL,HIGHER TAMIL
MARSILING SECONDARY SCHOOL,COMPUTING
MARYMOUNT CONVENT SCHOOL,ENGLISH LANGUAGE
MARYMOUNT CONVENT SCHOOL,MATHEMATICS
MARYMOUNT CONVENT SCHOOL,SCIENCE
MARYMOUNT CONVENT SCHOOL,CHINESE
MARYMOUNT CONVENT SCHOOL,MALAY
MARYMOUNT CONVENT SCHOOL,TAMIL
MARYMOUNT CONVENT SCHOOL,HIGHER CHINESE
MARYMOUNT CONVENT SCHOOL,HIGHER MALAY
MARYMOUNT CONVENT SCHOOL,HIGHER TAMIL
MARYMOUNT CONVENT SCHOOL,ART
MARYMOUNT CONVENT SCHOOL,MUSIC
MARYMOUNT CONVENT SCHOOL,PHYSICAL EDUCATION
MARYMOUNT CONVENT SCHOOL,SOCIAL STUDIES
MAYFLOWER PRIMARY SCHOOL,ENGLISH LANGUAGE
MAYFLOWER PRIMARY SCHOOL,MATHEMATICS
MAYFLOWER PRIMARY SCHOOL,SCIENCE
MAYFLOWER PRIMARY SCHOOL,CHINESE
MAYFLOWER PRIMARY SCHOOL,MALAY
MAYFLOWER PRIMARY SCHOOL,TAMIL
MAYFLOWER PRIMARY SCHOOL,HIGHER CHINESE
MAYFLOWER PRIMARY SCHOOL,HIGHER MALAY
MAYFLOWER PRIMARY SCHOOL,HIGHER TAMIL
MAYFLOWER PRIMARY SCHOOL,ART
MAYFLOWER PRIMARY SCHOOL,MUSIC
MAYFLOWER PRIMARY SCHOOL,PHYSICAL EDUCATION
MAYFLOWER PRIMARY SCHOOL,SOCIAL STUDIES
MAYFLOWER SECONDARY SCHOOL,ENGLISH LANGUAGE
MAYFLOWER SECONDARY SCHOOL,MATHEMATICS
MAYFLOWER SECONDARY SCHOOL,ADDITIONAL MATHEMATICS
MAYFLOWER SECONDARY SCHOOL,SCIENCE (PHY/CHEM)
MAYFLOWER SECONDARY SCHOOL,SCIENCE (CHEM/BIO)
MAYFLOWER SECONDARY SCHOOL,PHYSICS
MAYFLOWER SECONDARY SCHOOL,CHEMISTRY
MAYFLOWER SECONDARY SCHOOL,BIOLOGY
MAYFLOWER SECONDARY SCHOOL,"COMBINED HUMANITIES (S,G)"
MAYFLOWER SECONDARY SCHOOL,"COMBINED HUMANITIES (S,H)"
MAYFLOWER SECONDARY SCHOOL,"COMBINED HUMANITIES (S,L)"
MAYFLOWER SECONDARY SCHOOL,GEOGRAPHY
MAYFLOWER SECONDARY SCHOOL,HISTORY
MAYFLOWER SECONDARY SCHOOL,LITERATURE IN ENGLISH
MAYFLOWER SECONDARY SCHOOL,PRINCIPLES OF ACCOUNTS
MAYFLOWER SECONDARY SCHOOL,DESIGN & TECHNOLOGY
MAYFLOWER SECONDARY SCHOOL,FOOD & CONSUMER EDUCATION
MAYFLOWER SECONDARY SCHOOL,ART
MAYFLOWER SECONDARY SCHOOL,MUSIC
MAYFLOWER SECONDARY SCHOOL,CHINESE
MAYFLOWER SECONDARY SCHOOL,MALAY
MAYFLOWER SECONDARY SCHOOL,TAMIL
MAYFLOWER SECONDARY SCHOOL,HIGHER CHINESE
MAYFLOWER SECONDARY SCHOOL,HIGHER MALAY
MAYFLOWER SECONDARY SCHOOL,HIGHER TAMIL
MAYFLOWER SECONDARY SCHOOL,COMPUTING
MEE TOH SCHOOL,ENGLISH LANGUAGE
MEE TOH SCHOOL,MATHEMATICS
MEE TOH SCHOOL,SCIENCE
MEE TOH SCHOOL,CHINESE
MEE TOH SCHOOL,MALAY
MEE TOH SCHOOL,TAMIL
MEE TOH SCHOOL,HIGHER CHINESE
MEE TOH SCHOOL,HIGHER MALAY
MEE TOH SCHOOL,HIGHER TAMIL
MEE TOH SCHOOL,ART
MEE TOH SCHOOL,MUSIC
MEE TOH SCHOOL,PHYSICAL EDUCATION
MEE TOH SCHOOL,SOCIAL STUDIES
MERIDIAN PRIMARY SCHOOL,ENGLISH LANGUAGE
MERIDIAN PRIMARY SCHOOL,MATHEMATICS
MERIDIAN PRIMARY SCHOOL,SCIENCE
MERIDIAN PRIMARY SCHOOL,CHINESE
MERIDIAN PRIMARY SCHOOL,MALAY
MERIDIAN PRIMARY SCHOOL,TAMIL
MERIDIAN PRIMARY SCHOOL,HIGHER CHINESE
MERIDIAN PRIMARY SCHOOL,HIGHER MALAY
MERIDIAN PRIMARY SCHOOL,HIGHER TAMIL
MERIDIAN PRIMARY SCHOOL,ART
MERIDIAN PRIMARY SCHOOL,MUSIC
MERIDIAN PRIMARY SCHOOL,PHYSICAL EDUCATION
MERIDIAN PRIMARY SCHOOL,SOCIAL STUDIES
MERIDIAN SECONDARY SCHOOL,ENGLISH LANGUAGE
MERIDIAN SECONDARY SCHOOL,MATHEMATICS
MERIDIAN SECONDARY SCHOOL,ADDITIONAL MATHEMATICS
MERIDIAN SECONDARY SCHOOL,SCIENCE (PHY/CHEM)
MERIDIAN SECONDARY SCHOOL,SCIENCE (CHEM/BIO)
MERIDIAN SECONDARY SCHOOL,PHYSICS
MERIDIAN SECONDARY SCHOOL,CHEMISTRY
MERIDIAN SECONDARY SCHOOL,BIOLOGY
MERIDIAN SECONDARY SCHOOL,"COMBINED HUMANITIES (S,G)"
MERIDIAN SECONDARY SCHOOL,"COMBINED HUMANITIES (S,H)"
MERIDIAN SECONDARY SCHOOL,"COMBINED HUMANITIES (S,L)"
MERIDIAN SECONDARY SCHOOL,GEOGRAPHY
MERIDIAN SECONDARY SCHOOL,HISTORY
MERIDIAN SECONDARY SCHOOL,LITERATURE IN ENGLISH
MERIDIAN SECONDARY SCHOOL,PRINCIPLES OF ACCOUNTS
MERIDIAN SECONDARY SCHOOL,DESIGN & TECHNOLOGY
MERIDIAN SECONDARY SCHOOL,FOOD & CONSUMER EDUCATION
MERIDIAN SECONDARY SCHOOL,ART
MERIDIAN SECONDARY SCHOOL,MUSIC
MERIDIAN SECONDARY SCHOOL,CHINESE
MERIDIAN SECONDARY SCHOOL,MALAY
MERIDIAN SECONDARY SCHOOL,TAMIL
MERIDIAN SECONDARY SCHOOL,HIGHER CHINESE
MERIDIAN SECONDARY SCHOOL,HIGHER MALAY
MERIDIAN SECONDARY SCHOOL,HIGHER TAMIL
MERIDIAN SECONDARY SCHOOL,COMPUTING
METHODIST GIRLS' SCHOOL (PRIMARY),ENGLISH LANGUAGE
METHODIST GIRLS' SCHOOL (PRIMARY),MATHEMATICS
METHODIST GIRLS' SCHOOL (PRIMARY),SCIENCE
METHODIST GIRLS' SCHOOL (PRIMARY),CHINESE
METHODIST GIRLS' SCHOOL (PRIMARY),MALAY
METHODIST GIRLS' SCHOOL (PRIMARY),TAMIL
METHODIST GIRLS' SCHOOL (PRIMARY),HIGHER CHINESE
METHODIST GIRLS' SCHOOL (PRIMARY),HIGHER MALAY
METHODIST GIRLS' SCHOOL (PRIMARY),HIGHER TAMIL
METHODIST GIRLS' SCHOOL (PRIMARY),ART
METHODIST GIRLS' SCHOOL (PRIMARY),MUSIC
METHODIST GIRLS' SCHOOL (PRIMARY),PHYSICAL EDUCATION
METHODIST GIRLS' SCHOOL (PRIMARY),SOCIAL STUDIES
METHODIST GIRLS' SCHOOL (SECONDARY),ENGLISH LANGUAGE
METHODIST GIRLS' SCHOOL (SECONDARY),MATHEMATICS
METHODIST GIRLS' SCHOOL (SECONDARY),ADDITIONAL MATHEMATICS
METHODIST GIRLS' SCHOOL (SECONDARY),SCIENCE (PHY/CHEM)
METHODIST GIRLS' SCHOOL (SECONDARY),SCIENCE (CHEM/BIO)
METHODIST GIRLS' SCHOOL (SECONDARY),PHYSICS
METHODIST GIRLS' SCHOOL (SECONDARY),CHEMISTRY
METHODIST GIRLS' SCHOOL (SECONDARY),BIOLOGY
METHODIST GIRLS' SCHOOL (SECONDARY),"COMBINED HUMANITIES (S,G)"
METHODIST GIRLS' SCHOOL (SECONDARY),"COMBINED HUMANITIES (S,H)"
METHODIST GIRLS' SCHOOL (SECONDARY),"COMBINED HUMANITIES (S,L)"
METHODIST GIRLS' SCHOOL (SECONDARY),GEOGRAPHY
METHODIST GIRLS' SCHOOL (SECONDARY),HISTORY
METHODIST GIRLS' SCHOOL (SECONDARY),LITERATURE IN ENGLISH
METHODIST GIRLS' SCHOOL (SECONDARY),PRINCIPLES OF ACCOUNTS
METHODIST GIRLS' SCHOOL (SECONDARY),DESIGN & TECHNOLOGY
METHODIST GIRLS' SCHOOL (SECONDARY),FOOD & CONSUMER EDUCATION
METHODIST GIRLS' SCHOOL (SECONDARY),ART
METHODIST GIRLS' SCHOOL (SECONDARY),MUSIC
METHODIST GIRLS' SCHOOL (SECONDARY),CHINESE
METHODIST GIRLS' SCHOOL (SECONDARY),MALAY
METHODIST GIRLS' SCHOOL (SECONDARY),TAMIL
METHODIST GIRLS' SCHOOL (SECONDARY),HIGHER CHINESE
METHODIST GIRLS' SCHOOL (SECONDARY),HIGHER MALAY
METHODIST GIRLS' SCHOOL (SECONDARY),HIGHER TAMIL
METHODIST GIRLS' SCHOOL (SECONDARY),COMPUTING
MILLENNIA INSTITUTE,H1 GENERAL PAPER
MILLENNIA INSTITUTE,H1 PROJECT WORK
MILLENNIA INSTITUTE,H2 MATHEMATICS
MILLENNIA INSTITUTE,H2 FURTHER MATHEMATICS
MILLENNIA INSTITUTE,H2 PHYSICS
MILLENNIA INSTITUTE,H2 CHEMISTRY
MILLENNIA INSTITUTE,H2 BIOLOGY
MILLENNIA INSTITUTE,H2 ECONOMICS
MILLENNIA INSTITUTE,H2 HISTORY
MILLENNIA INSTITUTE,H2 GEOGRAPHY
MILLENNIA INSTITUTE,H2 LITERATURE IN ENGLISH
MILLENNIA INSTITUTE,H2 COMPUTING
MILLENNIA INSTITUTE,H2 ART
MILLENNIA INSTITUTE,H2 MUSIC
MILLENNIA INSTITUTE,H2 MANAGEMENT OF BUSINESS
MILLENNIA INSTITUTE,H2 PRINCIPLES OF ACCOUNTING
MILLENNIA INSTITUTE,H1 CHINESE
MILLENNIA INSTITUTE,H1 MALAY
MILLENNIA INSTITUTE,H1 TAMIL
MONTFORT JUNIOR SCHOOL,ENGLISH LANGUAGE
MONTFORT JUNIOR SCHOOL,MATHEMATICS
MONTFORT JUNIOR SCHOOL,SCIENCE
MONTFORT JUNIOR SCHOOL,CHINESE
MONTFORT JUNIOR SCHOOL,MALAY
MONTFORT JUNIOR SCHOOL,TAMIL
MONTFORT JUNIOR SCHOOL,HIGHER CHINESE
MONTFORT JUNIOR SCHOOL,HIGHER MALAY
MONTFORT JUNIOR SCHOOL,HIGHER TAMIL
MONTFORT JUNIOR SCHOOL,ART
MONTFORT JUNIOR SCHOOL,MUSIC
MONTFORT JUNIOR SCHOOL,PHYSICAL EDUCATION
MONTFORT JUNIOR SCHOOL,SOCIAL STUDIES
MONTFORT SECONDARY SCHOOL,ENGLISH LANGUAGE
MONTFORT SECONDARY SCHOOL,MATHEMATICS
MONTFORT SECONDARY SCHOOL,ADDITIONAL MATHEMATICS
MONTFORT SECONDARY SCHOOL,SCIENCE (PHY/CHEM)
MONTFORT SECONDARY SCHOOL,SCIENCE (CHEM/BIO)
MONTFORT SECONDARY SCHOOL,PHYSICS
MONTFORT SECONDARY SCHOOL,CHEMISTRY
MONTFORT SECONDARY SCHOOL,BIOLOGY
MONTFORT SECONDARY SCHOOL,"COMBINED HUMANITIES (S,G)"
MONTFORT SECONDARY SCHOOL,"COMBINED HUMANITIES (S,H)"
MONTFORT SECONDARY SCHOOL,"COMBINED HUMANITIES (S,L)"
MONTFORT SECONDARY SCHOOL,GEOGRAPHY
MONTFORT SECONDARY SCHOOL,HISTORY
MONTFORT SECONDARY SCHOOL,LITERATURE IN ENGLISH
MONTFORT SECONDARY SCHOOL,PRINCIPLES OF ACCOUNTS
MONTFORT SECONDARY SCHOOL,DESIGN & TECHNOLOGY
MONTFORT SECONDARY SCHOOL,FOOD & CONSUMER EDUCATION
MONTFORT SECONDARY SCHOOL,ART
MONTFORT SECONDARY SCHOOL,MUSIC
MONTFORT SECONDARY SCHOOL,CHINESE
MONTFORT SECONDARY SCHOOL,MALAY
MONTFORT SECONDARY SCHOOL,TAMIL
MONTFORT SECONDARY SCHOOL,HIGHER CHINESE
MONTFORT SECONDARY SCHOOL,HIGHER MALAY
MONTFORT SECONDARY SCHOOL,HIGHER TAMIL
MONTFORT SECONDARY SCHOOL,COMPUTING
NAN CHIAU HIGH SCHOOL,ENGLISH LANGUAGE
NAN CHIAU HIGH SCHOOL,MATHEMATICS
NAN CHIAU HIGH SCHOOL,ADDITIONAL MATHEMATICS
NAN CHIAU HIGH SCHOOL,SCIENCE (PHY/CHEM)
NAN CHIAU HIGH SCHOOL,SCIENCE (CHEM/BIO)
NAN CHIAU HIGH SCHOOL,PHYSICS
NAN CHIAU HIGH SCHOOL,CHEMISTRY
NAN CHIAU HIGH SCHOOL,BIOLOGY
NAN CHIAU HIGH SCHOOL,"COMBINED HUMANITIES (S,G)"
NAN CHIAU HIGH SCHOOL,"COMBINED HUMANITIES (S,H)"
NAN CHIAU HIGH SCHOOL,"COMBINED HUMANITIES (S,L)"
NAN CHIAU HIGH SCHOOL,GEOGRAPHY
NAN CHIAU HIGH SCHOOL,HISTORY
NAN CHIAU HIGH SCHOOL,LITERATURE IN ENGLISH
NAN CHIAU HIGH SCHOOL,PRINCIPLES OF ACCOUNTS
NAN CHIAU HIGH SCHOOL,DESIGN & TECHNOLOGY
NAN CHIAU HIGH SCHOOL,FOOD & CONSUMER EDUCATION
NAN CHIAU HIGH SCHOOL,ART
NAN CHIAU HIGH SCHOOL,MUSIC
NAN CHIAU HIGH SCHOOL,CHINESE
NAN CHIAU HIGH SCHOOL,MALAY
NAN CHIAU HIGH SCHOOL,TAMIL
NAN CHIAU HIGH SCHOOL,HIGHER CHINESE
NAN CHIAU HIGH SCHOOL,HIGHER MALAY
NAN CHIAU HIGH SCHOOL,HIGHER TAMIL
NAN CHIAU HIGH SCHOOL,COMPUTING
NAN CHIAU PRIMARY SCHOOL,ENGLISH LANGUAGE
NAN CHIAU PRIMARY SCHOOL,MATHEMATICS
NAN CHIAU PRIMARY SCHOOL,SCIENCE
NAN CHIAU PRIMARY SCHOOL,CHINESE
NAN CHIAU PRIMARY SCHOOL,MALAY
NAN CHIAU PRIMARY SCHOOL,TAMIL
NAN CHIAU PRIMARY SCHOOL,HIGHER CHINESE
NAN CHIAU PRIMARY SCHOOL,HIGHER MALAY
NAN CHIAU PRIMARY SCHOOL,HIGHER TAMIL
NAN CHIAU PRIMARY SCHOOL,ART
NAN CHIAU PRIMARY SCHOOL,MUSIC
NAN CHIAU PRIMARY SCHOOL,PHYSICAL EDUCATION
NAN CHIAU PRIMARY SCHOOL,SOCIAL STUDIES
NAN HUA HIGH SCHOOL,ENGLISH LANGUAGE
NAN HUA HIGH SCHOOL,MATHEMATICS
NAN HUA HIGH SCHOOL,ADDITIONAL MATHEMATICS
NAN HUA HIGH SCHOOL,SCIENCE (PHY/CHEM)
NAN HUA HIGH SCHOOL,SCIENCE (CHEM/BIO)
NAN HUA HIGH SCHOOL,PHYSICS
NAN HUA HIGH SCHOOL,CHEMISTRY
NAN HUA HIGH SCHOOL,BIOLOGY
NAN HUA HIGH SCHOOL,"COMBINED HUMANITIES (S,G)"
NAN HUA HIGH SCHOOL,"COMBINED HUMANITIES (S,H)"
NAN HUA HIGH SCHOOL,"COMBINED HUMANITIES (S,L)"
NAN HUA HIGH SCHOOL,GEOGRAPHY
NAN HUA HIGH SCHOOL,HISTORY
NAN HUA HIGH SCHOOL,LITERATURE IN ENGLISH
NAN HUA HIGH SCHOOL,PRINCIPLES OF ACCOUNTS
NAN HUA HIGH SCHOOL,DESIGN & TECHNOLOGY
NAN HUA HIGH SCHOOL,FOOD & CONSUMER EDUCATION
NAN HUA HIGH SCHOOL,ART
NAN HUA HIGH SCHOOL,MUSIC
NAN HUA HIGH SCHOOL,CHINESE
NAN HUA HIGH SCHOOL,MALAY
NAN HUA HIGH SCHOOL,TAMIL
NAN HUA HIGH SCHOOL,HIGHER CHINESE
NAN HUA HIGH SCHOOL,HIGHER MALAY
NAN HUA HIGH SCHOOL,HIGHER TAMIL
NAN HUA HIGH SCHOOL,COMPUTING
NAN HUA PRIMARY SCHOOL,ENGLISH LANGUAGE
NAN HUA PRIMARY SCHOOL,MATHEMATICS
NAN HUA PRIMARY SCHOOL,SCIENCE
NAN HUA PRIMARY SCHOOL,CHINESE
NAN HUA PRIMARY SCHOOL,MALAY
NAN HUA PRIMARY SCHOOL,TAMIL
NAN HUA PRIMARY SCHOOL,HIGHER CHINESE
NAN HUA PRIMARY SCHOOL,HIGHER MALAY
NAN HUA PRIMARY SCHOOL,HIGHER TAMIL
NAN HUA PRIMARY SCHOOL,ART
NAN HUA PRIMARY SCHOOL,MUSIC
NAN HUA PRIMARY SCHOOL,PHYSICAL EDUCATION
NAN HUA PRIMARY SCHOOL,SOCIAL STUDIES
NANYANG GIRLS' HIGH SCHOOL,ENGLISH LANGUAGE
NANYANG GIRLS' HIGH SCHOOL,MATHEMATICS
NANYANG GIRLS' HIGH SCHOOL,ADDITIONAL MATHEMATICS
NANYANG GIRLS' HIGH SCHOOL,SCIENCE (PHY/CHEM)
NANYANG GIRLS' HIGH SCHOOL,SCIENCE (CHEM/BIO)
NANYANG GIRLS' HIGH SCHOOL,PHYSICS
NANYANG GIRLS' HIGH SCHOOL,CHEMISTRY
NANYANG GIRLS' HIGH SCHOOL,BIOLOGY
NANYANG GIRLS' HIGH SCHOOL,"COMBINED HUMANITIES (S,G)"
NANYANG GIRLS' HIGH SCHOOL,"COMBINED HUMANITIES (S,H)"
NANYANG GIRLS' HIGH SCHOOL,"COMBINED HUMANITIES (S,L)"
NANYANG GIRLS' HIGH SCHOOL,GEOGRAPHY
NANYANG GIRLS' HIGH SCHOOL,HISTORY
NANYANG GIRLS' HIGH SCHOOL,LITERATURE IN ENGLISH
NANYANG GIRLS' HIGH SCHOOL,PRINCIPLES OF ACCOUNTS
NANYANG GIRLS' HIGH SCHOOL,DESIGN & TECHNOLOGY
NANYANG GIRLS' HIGH SCHOOL,FOOD & CONSUMER EDUCATION
NANYANG GIRLS' HIGH SCHOOL,ART
NANYANG GIRLS' HIGH SCHOOL,MUSIC
NANYANG GIRLS' HIGH SCHOOL,CHINESE
NANYANG GIRLS' HIGH SCHOOL,MALAY
NANYANG GIRLS' HIGH SCHOOL,TAMIL
NANYANG GIRLS' HIGH SCHOOL,HIGHER CHINESE
NANYANG GIRLS' HIGH SCHOOL,HIGHER MALAY
NANYANG GIRLS' HIGH SCHOOL,HIGHER TAMIL
NANYANG GIRLS' HIGH SCHOOL,COMPUTING
NANYANG JUNIOR COLLEGE,H1 GENERAL PAPER
NANYANG JUNIOR COLLEGE,H1 PROJECT WORK
NANYANG JUNIOR COLLEGE,H2 MATHEMATICS
NANYANG JUNIOR COLLEGE,H2 FURTHER MATHEMATICS
NANYANG JUNIOR COLLEGE,H2 PHYSICS
NANYANG JUNIOR COLLEGE,H2 CHEMISTRY
NANYANG JUNIOR COLLEGE,H2 BIOLOGY
NANYANG JUNIOR COLLEGE,H2 ECONOMICS
NANYANG JUNIOR COLLEGE,H2 HISTORY
NANYANG JUNIOR COLLEGE,H2 GEOGRAPHY
NANYANG JUNIOR COLLEGE,H2 LITERATURE IN ENGLISH
NANYANG JUNIOR COLLEGE,H2 COMPUTING
NANYANG JUNIOR COLLEGE,H2 ART
NANYANG JUNIOR COLLEGE,H2 MUSIC
NANYANG JUNIOR COLLEGE,H2 MANAGEMENT OF BUSINESS
NANYANG JUNIOR COLLEGE,H2 PRINCIPLES OF ACCOUNTING
NANYANG JUNIOR COLLEGE,H1 CHINESE
NANYANG JUNIOR COLLEGE,H1 MALAY
NANYANG JUNIOR COLLEGE,H1 TAMIL
NANYANG PRIMARY SCHOOL,ENGLISH LANGUAGE
NANYANG PRIMARY SCHOOL,MATHEMATICS
NANYANG PRIMARY SCHOOL,SCIENCE
NANYANG PRIMARY SCHOOL,CHINESE
NANYANG PRIMARY SCHOOL,MALAY
NANYANG PRIMARY SCHOOL,TAMIL
NANYANG PRIMARY SCHOOL,HIGHER CHINESE
NANYANG PRIMARY SCHOOL,HIGHER MALAY
NANYANG PRIMARY SCHOOL,HIGHER TAMIL
NANYANG PRIMARY SCHOOL,ART
NANYANG PRIMARY SCHOOL,MUSIC
NANYANG PRIMARY SCHOOL,PHYSICAL EDUCATION
NANYANG PRIMARY SCHOOL,SOCIAL STUDIES
NATIONAL JUNIOR COLLEGE,H1 GENERAL PAPER
NATIONAL JUNIOR COLLEGE,H1 PROJECT WORK
NATIONAL JUNIOR COLLEGE,H2 MATHEMATICS
NATIONAL JUNIOR COLLEGE,H2 FURTHER MATHEMATICS
NATIONAL JUNIOR COLLEGE,H2 PHYSICS
NATIONAL JUNIOR COLLEGE,H2 CHEMISTRY
NATIONAL JUNIOR COLLEGE,H2 BIOLOGY
NATIONAL JUNIOR COLLEGE,H2 ECONOMICS
NATIONAL JUNIOR COLLEGE,H2 HISTORY
NATIONAL JUNIOR COLLEGE,H2 GEOGRAPHY
NATIONAL JUNIOR COLLEGE,H2 LITERATURE IN ENGLISH
NATIONAL JUNIOR COLLEGE,H2 COMPUTING
NATIONAL JUNIOR COLLEGE,H2 ART
NATIONAL JUNIOR COLLEGE,H2 MUSIC
NATIONAL JUNIOR COLLEGE,H2 MANAGEMENT OF BUSINESS
NATIONAL JUNIOR COLLEGE,H2 PRINCIPLES OF ACCOUNTING
NATIONAL JUNIOR COLLEGE,H1 CHINESE
NATIONAL JUNIOR COLLEGE,H1 MALAY
NATIONAL JUNIOR COLLEGE,H1 TAMIL
NAVAL BASE PRIMARY SCHOOL,ENGLISH LANGUAGE
NAVAL BASE PRIMARY SCHOOL,MATHEMATICS
NAVAL BASE PRIMARY SCHOOL,SCIENCE
NAVAL BASE PRIMARY SCHOOL,CHINESE
NAVAL BASE PRIMARY SCHOOL,MALAY
NAVAL BASE PRIMARY SCHOOL,TAMIL
NAVAL BASE PRIMARY SCHOOL,HIGHER CHINESE
NAVAL BASE PRIMARY SCHOOL,HIGHER MALAY
NAVAL BASE PRIMARY SCHOOL,HIGHER TAMIL
NAVAL BASE PRIMARY SCHOOL,ART
NAVAL BASE PRIMARY SCHOOL,MUSIC
NAVAL BASE PRIMARY SCHOOL,PHYSICAL EDUCATION
NAVAL BASE PRIMARY SCHOOL,SOCIAL STUDIES
NAVAL BASE SECONDARY SCHOOL,ENGLISH LANGUAGE
NAVAL BASE SECONDARY SCHOOL,MATHEMATICS
NAVAL BASE SECONDARY SCHOOL,ADDITIONAL MATHEMATICS
NAVAL BASE SECONDARY SCHOOL,SCIENCE (PHY/CHEM)
NAVAL BASE SECONDARY SCHOOL,SCIENCE (CHEM/BIO)
NAVAL BASE SECONDARY SCHOOL,PHYSICS
NAVAL BASE SECONDARY SCHOOL,CHEMISTRY
NAVAL BASE SECONDARY SCHOOL,BIOLOGY
NAVAL BASE SECONDARY SCHOOL,"COMBINED HUMANITIES (S,G)"
NAVAL BASE SECONDARY SCHOOL,"COMBINED HUMANITIES (S,H)"
NAVAL BASE SECONDARY SCHOOL,"COMBINED HUMANITIES (S,L)"
NAVAL BASE SECONDARY SCHOOL,GEOGRAPHY
NAVAL BASE SECONDARY SCHOOL,HISTORY
NAVAL BASE SECONDARY SCHOOL,LITERATURE IN ENGLISH
NAVAL BASE SECONDARY SCHOOL,PRINCIPLES OF ACCOUNTS
NAVAL BASE SECONDARY SCHOOL,DESIGN & TECHNOLOGY
NAVAL BASE SECONDARY SCHOOL,FOOD & CONSUMER EDUCATION
NAVAL BASE SECONDARY SCHOOL,ART
NAVAL BASE SECONDARY SCHOOL,MUSIC
NAVAL BASE SECONDARY SCHOOL,CHINESE
NAVAL BASE SECONDARY SCHOOL,MALAY
NAVAL BASE SECONDARY SCHOOL,TAMIL
NAVAL BASE SECONDARY SCHOOL,HIGHER CHINESE
NAVAL BASE SECONDARY SCHOOL,HIGHER MALAY
NAVAL BASE SECONDARY SCHOOL,HIGHER TAMIL
NAVAL BASE SECONDARY SCHOOL,COMPUTING
NEW TOWN PRIMARY SCHOOL,ENGLISH LANGUAGE
NEW TOWN PRIMARY SCHOOL,MATHEMATICS
NEW TOWN PRIMARY SCHOOL,SCIENCE
NEW TOWN PRIMARY SCHOOL,CHINESE
NEW TOWN PRIMARY SCHOOL,MALAY
NEW TOWN PRIMARY SCHOOL,TAMIL
NEW TOWN PRIMARY SCHOOL,HIGHER CHINESE
NEW TOWN PRIMARY SCHOOL,HIGHER MALAY
NEW TOWN PRIMARY SCHOOL,HIGHER TAMIL
NEW TOWN PRIMARY SCHOOL,ART
NEW TOWN PRIMARY SCHOOL,MUSIC
NEW TOWN PRIMARY SCHOOL,PHYSICAL EDUCATION
NEW TOWN PRIMARY SCHOOL,SOCIAL STUDIES
NEW TOWN SECONDARY SCHOOL,ENGLISH LANGUAGE
NEW TOWN SECONDARY SCHOOL,MATHEMATICS
NEW TOWN SECONDARY SCHOOL,ADDITIONAL MATHEMATICS
NEW TOWN SECONDARY SCHOOL,SCIENCE (PHY/CHEM)
NEW TOWN SECONDARY SCHOOL,SCIENCE (CHEM/BIO)
NEW TOWN SECONDARY SCHOOL,PHYSICS
NEW TOWN SECONDARY SCHOOL,CHEMISTRY
NEW TOWN SECONDARY SCHOOL,BIOLOGY
NEW TOWN SECONDARY SCHOOL,"COMBINED HUMANITIES (S,G)"
NEW TOWN SECONDARY SCHOOL,"COMBINED HUMANITIES (S,H)"
NEW TOWN SECONDARY SCHOOL,"COMBINED HUMANITIES (S,L)"
NEW TOWN SECONDARY SCHOOL,GEOGRAPHY
NEW TOWN SECONDARY SCHOOL,HISTORY
NEW TOWN SECONDARY SCHOOL,LITERATURE IN ENGLISH
NEW TOWN SECONDARY SCHOOL,PRINCIPLES OF ACCOUNTS
NEW TOWN SECONDARY SCHOOL,DESIGN & TECHNOLOGY
NEW TOWN SECONDARY SCHOOL,FOOD & CONSUMER EDUCATION
NEW TOWN SECONDARY SCHOOL,ART
NEW TOWN SECONDARY SCHOOL,MUSIC
NEW TOWN SECONDARY SCHOOL,CHINESE
NEW TOWN SECONDARY SCHOOL,MALAY
NEW TOWN SECONDARY SCHOOL,TAMIL
NEW TOWN SECONDARY SCHOOL,HIGHER CHINESE
NEW TOWN SECONDARY SCHOOL,HIGHER MALAY
NEW TOWN SECONDARY SCHOOL,HIGHER TAMIL
NEW TOWN SECONDARY SCHOOL,COMPUTING
NGEE ANN PRIMARY SCHOOL,ENGLISH LANGUAGE
NGEE ANN PRIMARY SCHOOL,MATHEMATICS
NGEE ANN PRIMARY SCHOOL,SCIENCE
NGEE ANN PRIMARY SCHOOL,CHINESE
NGEE ANN PRIMARY SCHOOL,MALAY
NGEE ANN PRIMARY SCHOOL,TAMIL
NGEE ANN PRIMARY SCHOOL,HIGHER CHINESE
NGEE ANN PRIMARY SCHOOL,HIGHER MALAY
NGEE ANN PRIMARY SCHOOL,HIGHER TAMIL
NGEE ANN PRIMARY SCHOOL,ART
NGEE ANN PRIMARY SCHOOL,MUSIC
NGEE ANN PRIMARY SCHOOL,PHYSICAL EDUCATION
NGEE ANN PRIMARY SCHOOL,SOCIAL STUDIES
NGEE ANN SECONDARY SCHOOL,ENGLISH LANGUAGE
NGEE ANN SECONDARY SCHOOL,MATHEMATICS
NGEE ANN SECONDARY SCHOOL,ADDITIONAL MATHEMATICS
NGEE ANN SECONDARY SCHOOL,SCIENCE (PHY/CHEM)
NGEE ANN SECONDARY SCHOOL,SCIENCE (CHEM/BIO)
NGEE ANN SECONDARY SCHOOL,PHYSICS
NGEE ANN SECONDARY SCHOOL,CHEMISTRY
NGEE ANN SECONDARY SCHOOL,BIOLOGY
NGEE ANN SECONDARY SCHOOL,"COMBINED HUMANITIES (S,G)"
NGEE ANN SECONDARY SCHOOL,"COMBINED HUMANITIES (S,H)"
NGEE ANN SECONDARY SCHOOL,"COMBINED HUMANITIES (S,L)"
NGEE ANN SECONDARY SCHOOL,GEOGRAPHY
NGEE ANN SECONDARY SCHOOL,HISTORY
NGEE ANN SECONDARY SCHOOL,LITERATURE IN ENGLISH
NGEE ANN SECONDARY SCHOOL,PRINCIPLES OF ACCOUNTS
NGEE ANN SECONDARY SCHOOL,DESIGN & TECHNOLOGY
NGEE ANN SECONDARY SCHOOL,FOOD & CONSUMER EDUCATION
NGEE ANN SECONDARY SCHOOL,ART
NGEE ANN SECONDARY SCHOOL,MUSIC
NGEE ANN SECONDARY SCHOOL,CHINESE
NGEE ANN SECONDARY SCHOOL,MALAY
NGEE ANN SECONDARY SCHOOL,TAMIL
NGEE ANN SECONDARY SCHOOL,HIGHER CHINESE
NGEE ANN SECONDARY SCHOOL,HIGHER MALAY
NGEE ANN SECONDARY SCHOOL,HIGHER TAMIL
NGEE ANN SECONDARY SCHOOL,COMPUTING
NORTH SPRING PRIMARY SCHOOL,ENGLISH LANGUAGE
NORTH SPRING PRIMARY SCHOOL,MATHEMATICS
NORTH SPRING PRIMARY SCHOOL,SCIENCE
NORTH SPRING PRIMARY SCHOOL,CHINESE
NORTH SPRING PRIMARY SCHOOL,MALAY
NORTH SPRING PRIMARY SCHOOL,TAMIL
NORTH SPRING PRIMARY SCHOOL,HIGHER CHINESE
NORTH SPRING PRIMARY SCHOOL,HIGHER MALAY
NORTH SPRING PRIMARY SCHOOL,HIGHER TAMIL
NORTH SPRING PRIMARY SCHOOL,ART
NORTH SPRING PRIMARY SCHOOL,MUSIC
NORTH SPRING PRIMARY SCHOOL,PHYSICAL EDUCATION
NORTH SPRING PRIMARY SCHOOL,SOCIAL STUDIES
NORTH VIEW PRIMARY SCHOOL,ENGLISH LANGUAGE
NORTH VIEW PRIMARY SCHOOL,MATHEMATICS
NORTH VIEW PRIMARY SCHOOL,SCIENCE
NORTH VIEW PRIMARY SCHOOL,CHINESE
NORTH VIEW PRIMARY SCHOOL,MALAY
NORTH VIEW PRIMARY SCHOOL,TAMIL
NORTH VIEW PRIMARY SCHOOL,HIGHER CHINESE
NORTH VIEW PRIMARY SCHOOL,HIGHER MALAY
NORTH VIEW PRIMARY SCHOOL,HIGHER TAMIL
NORTH VIEW PRIMARY SCHOOL,ART
NORTH VIEW PRIMARY SCHOOL,MUSIC
NORTH VIEW PRIMARY SCHOOL,PHYSICAL EDUCATION
NORTH VIEW PRIMARY SCHOOL,SOCIAL STUDIES
NORTH VISTA PRIMARY SCHOOL,ENGLISH LANGUAGE
NORTH VISTA PRIMARY SCHOOL,MATHEMATICS
NORTH VISTA PRIMARY SCHOOL,SCIENCE
NORTH VISTA PRIMARY SCHOOL,CHINESE
NORTH VISTA PRIMARY SCHOOL,MALAY
NORTH VISTA PRIMARY SCHOOL,TAMIL
NORTH VISTA PRIMARY SCHOOL,HIGHER CHINESE
NORTH VISTA PRIMARY SCHOOL,HIGHER MALAY
NORTH VISTA PRIMARY SCHOOL,HIGHER TAMIL
NORTH VISTA PRIMARY SCHOOL,ART
NORTH VISTA PRIMARY SCHOOL,MUSIC
NORTH VISTA PRIMARY SCHOOL,PHYSICAL EDUCATION
NORTH VISTA PRIMARY SCHOOL,SOCIAL STUDIES
NORTH VISTA SECONDARY SCHOOL,ENGLISH LANGUAGE
NORTH VISTA SECONDARY SCHOOL,MATHEMATICS
NORTH VISTA SECONDARY SCHOOL,ADDITIONAL MATHEMATICS
NORTH VISTA SECONDARY SCHOOL,SCIENCE (PHY/CHEM)
NORTH VISTA SECONDARY SCHOOL,SCIENCE (CHEM/BIO)
NORTH VISTA SECONDARY SCHOOL,PHYSICS
NORTH VISTA SECONDARY SCHOOL,CHEMISTRY
NORTH VISTA SECONDARY SCHOOL,BIOLOGY
NORTH VISTA SECONDARY SCHOOL,"COMBINED HUMANITIES (S,G)"
NORTH VISTA SECONDARY SCHOOL,"COMBINED HUMANITIES (S,H)"
NORTH VISTA SECONDARY SCHOOL,"COMBINED HUMANITIES (S,L)"
NORTH VISTA SECONDARY SCHOOL,GEOGRAPHY
NORTH VISTA SECONDARY SCHOOL,HISTORY
NORTH VISTA SECONDARY SCHOOL,LITERATURE IN ENGLISH
NORTH VISTA SECONDARY SCHOOL,PRINCIPLES OF ACCOUNTS
NORTH VISTA SECONDARY SCHOOL,DESIGN & TECHNOLOGY
NORTH VISTA SECONDARY SCHOOL,FOOD & CONSUMER EDUCATION
NORTH VISTA SECONDARY SCHOOL,ART
NORTH VISTA SECONDARY SCHOOL,MUSIC
NORTH VISTA SECONDARY SCHOOL,CHINESE
NORTH VISTA SECONDARY SCHOOL,MALAY
NORTH VISTA SECONDARY SCHOOL,TAMIL
NORTH VISTA SECONDARY SCHOOL,HIGHER CHINESE
NORTH VISTA SECONDARY SCHOOL,HIGHER MALAY
NORTH VISTA SECONDARY SCHOOL,HIGHER TAMIL
NORTH VISTA SECONDARY SCHOOL,COMPUTING
NORTHBROOKS SECONDARY SCHOOL,ENGLISH LANGUAGE
NORTHBROOKS SECONDARY SCHOOL,MATHEMATICS
NORTHBROOKS SECONDARY SCHOOL,ADDITIONAL MATHEMATICS
NORTHBROOKS SECONDARY SCHOOL,SCIENCE (PHY/CHEM)
NORTHBROOKS SECONDARY SCHOOL,SCIENCE (CHEM/BIO)
NORTHBROOKS SECONDARY SCHOOL,PHYSICS
NORTHBROOKS SECONDARY SCHOOL,CHEMISTRY
NORTHBROOKS SECONDARY SCHOOL,BIOLOGY
NORTHBROOKS SECONDARY SCHOOL,"COMBINED HUMANITIES (S,G)"
NORTHBROOKS SECONDARY SCHOOL,"COMBINED HUMANITIES (S,H)"
NORTHBROOKS SECONDARY SCHOOL,"COMBINED HUMANITIES (S,L)"
NORTHBROOKS SECONDARY SCHOOL,GEOGRAPHY
NORTHBROOKS SECONDARY SCHOOL,HISTORY
NORTHBROOKS SECONDARY SCHOOL,LITERATURE IN ENGLISH
NORTHBROOKS SECONDARY SCHOOL,PRINCIPLES OF ACCOUNTS
NORTHBROOKS SECONDARY SCHOOL,DESIGN & TECHNOLOGY
NORTHBROOKS SECONDARY SCHOOL,FOOD & CONSUMER EDUCATION
NORTHBROOKS SECONDARY SCHOOL,ART
NORTHBROOKS SECONDARY SCHOOL,MUSIC
NORTHBROOKS SECONDARY SCHOOL,CHINESE
NORTHBROOKS SECONDARY SCHOOL,MALAY
NORTHBROOKS SECONDARY SCHOOL,TAMIL
NORTHBROOKS SECONDARY SCHOOL,HIGHER CHINESE
NORTHBROOKS SECONDARY SCHOOL,HIGHER MALAY
NORTHBROOKS SECONDARY SCHOOL,HIGHER TAMIL
NORTHBROOKS SECONDARY SCHOOL,COMPUTING
NORTHLAND PRIMARY SCHOOL,ENGLISH LANGUAGE
NORTHLAND PRIMARY SCHOOL,MATHEMATICS
NORTHLAND PRIMARY SCHOOL,SCIENCE
NORTHLAND PRIMARY SCHOOL,CHINESE
NORTHLAND PRIMARY SCHOOL,MALAY
NORTHLAND PRIMARY SCHOOL,TAMIL
NORTHLAND PRIMARY SCHOOL,HIGHER CHINESE
NORTHLAND PRIMARY SCHOOL,HIGHER MALAY
NORTHLAND PRIMARY SCHOOL,HIGHER TAMIL
NORTHLAND PRIMARY SCHOOL,ART
NORTHLAND PRIMARY SCHOOL,MUSIC
NORTHLAND PRIMARY SCHOOL,PHYSICAL EDUCATION
NORTHLAND PRIMARY SCHOOL,SOCIAL STUDIES
NORTHLAND SECONDARY SCHOOL,ENGLISH LANGUAGE
NORTHLAND SECONDARY SCHOOL,MATHEMATICS
NORTHLAND SECONDARY SCHOOL,ADDITIONAL MATHEMATICS
NORTHLAND SECONDARY SCHOOL,SCIENCE (PHY/CHEM)
NORTHLAND SECONDARY SCHOOL,SCIENCE (CHEM/BIO)
NORTHLAND SECONDARY SCHOOL,PHYSICS
NORTHLAND SECONDARY SCHOOL,CHEMISTRY
NORTHLAND SECONDARY SCHOOL,BIOLOGY
NORTHLAND SECONDARY SCHOOL,"COMBINED HUMANITIES (S,G)"
NORTHLAND SECONDARY SCHOOL,"COMBINED HUMANITIES (S,H)"
NORTHLAND SECONDARY SCHOOL,"COMBINED HUMANITIES (S,L)"
NORTHLAND SECONDARY SCHOOL,GEOGRAPHY
NORTHLAND SECONDARY SCHOOL,HISTORY
NORTHLAND SECONDARY SCHOOL,LITERATURE IN ENGLISH
NORTHLAND SECONDARY SCHOOL,PRINCIPLES OF ACCOUNTS
NORTHLAND SECONDARY SCHOOL,DESIGN & TECHNOLOGY
NORTHLAND SECONDARY SCHOOL,FOOD & CONSUMER EDUCATION
NORTHLAND SECONDARY SCHOOL,ART
NORTHLAND SECONDARY SCHOOL,MUSIC
NORTHLAND SECONDARY SCHOOL,CHINESE
NORTHLAND SECONDARY SCHOOL,MALAY
NORTHLAND SECONDARY SCHOOL,TAMIL
NORTHLAND SECONDARY SCHOOL,HIGHER CHINESE
NORTHLAND SECONDARY SCHOOL,HIGHER MALAY
NORTHLAND SECONDARY SCHOOL,HIGHER TAMIL
NORTHLAND SECONDARY SCHOOL,COMPUTING
NORTHLIGHT SCHOOL,ENGLISH LANGUAGE
NORTHLIGHT SCHOOL,MATHEMATICS
NORTHLIGHT SCHOOL,ADDITIONAL MATHEMATICS
NORTHLIGHT SCHOOL,SCIENCE (PHY/CHEM)
NORTHLIGHT SCHOOL,SCIENCE (CHEM/BIO)
NORTHLIGHT SCHOOL,PHYSICS
NORTHLIGHT SCHOOL,CHEMISTRY
NORTHLIGHT SCHOOL,BIOLOGY
NORTHLIGHT SCHOOL,"COMBINED HUMANITIES (S,G)"
NORTHLIGHT SCHOOL,"COMBINED HUMANITIES (S,H)"
NORTHLIGHT SCHOOL,"COMBINED HUMANITIES (S,L)"
NORTHLIGHT SCHOOL,GEOGRAPHY
NORTHLIGHT SCHOOL,HISTORY
NORTHLIGHT SCHOOL,LITERATURE IN ENGLISH
NORTHLIGHT SCHOOL,PRINCIPLES OF ACCOUNTS
NORTHLIGHT SCHOOL,DESIGN & TECHNOLOGY
NORTHLIGHT SCHOOL,FOOD & CONSUMER EDUCATION
NORTHLIGHT SCHOOL,ART
NORTHLIGHT SCHOOL,MUSIC
NORTHLIGHT SCHOOL,CHINESE
NORTHLIGHT SCHOOL,MALAY
NORTHLIGHT SCHOOL,TAMIL
NORTHLIGHT SCHOOL,HIGHER CHINESE
NORTHLIGHT SCHOOL,HIGHER MALAY
NORTHLIGHT SCHOOL,HIGHER TAMIL
NORTHLIGHT SCHOOL,COMPUTING
NORTHOAKS PRIMARY SCHOOL,ENGLISH LANGUAGE
NORTHOAKS PRIMARY SCHOOL,MATHEMATICS
NORTHOAKS PRIMARY SCHOOL,SCIENCE
NORTHOAKS PRIMARY SCHOOL,CHINESE
NORTHOAKS PRIMARY SCHOOL,MALAY
NORTHOAKS PRIMARY SCHOOL,TAMIL
NORTHOAKS PRIMARY SCHOOL,HIGHER CHINESE
NORTHOAKS PRIMARY SCHOOL,HIGHER MALAY
NORTHOAKS PRIMARY SCHOOL,HIGHER TAMIL
NORTHOAKS PRIMARY SCHOOL,ART
NORTHOAKS PRIMARY SCHOOL,MUSIC
NORTHOAKS PRIMARY SCHOOL,PHYSICAL EDUCATION
NORTHOAKS PRIMARY SCHOOL,SOCIAL STUDIES
NORTHSHORE PRIMARY SCHOOL,ENGLISH LANGUAGE
NORTHSHORE PRIMARY SCHOOL,MATHEMATICS
NORTHSHORE PRIMARY SCHOOL,SCIENCE
NORTHSHORE PRIMARY SCHOOL,CHINESE
NORTHSHORE PRIMARY SCHOOL,MALAY
NORTHSHORE PRIMARY SCHOOL,TAMIL
NORTHSHORE PRIMARY SCHOOL,HIGHER CHINESE
NORTHSHORE PRIMARY SCHOOL,HIGHER MALAY
NORTHSHORE PRIMARY SCHOOL,HIGHER TAMIL
NORTHSHORE PRIMARY SCHOOL,ART
NORTHSHORE PRIMARY SCHOOL,MUSIC
NORTHSHORE PRIMARY SCHOOL,PHYSICAL EDUCATION
NORTHSHORE PRIMARY SCHOOL,SOCIAL STUDIES
NUS HIGH SCHOOL OF MATHEMATICS AND SCIENCE,H1 GENERAL PAPER
NUS HIGH SCHOOL OF MATHEMATICS AND SCIENCE,H1 PROJECT WORK
NUS HIGH SCHOOL OF MATHEMATICS AND SCIENCE,H2 MATHEMATICS
NUS HIGH SCHOOL OF MATHEMATICS AND SCIENCE,H2 FURTHER MATHEMATICS
NUS HIGH SCHOOL OF MATHEMATICS AND SCIENCE,H2 PHYSICS
NUS HIGH SCHOOL OF MATHEMATICS AND SCIENCE,H2 CHEMISTRY
NUS HIGH SCHOOL OF MATHEMATICS AND SCIENCE,H2 BIOLOGY
NUS HIGH SCHOOL OF MATHEMATICS AND SCIENCE,H2 ECONOMICS
NUS HIGH SCHOOL OF MATHEMATICS AND SCIENCE,H2 HISTORY
NUS HIGH SCHOOL OF MATHEMATICS AND SCIENCE,H2 GEOGRAPHY
NUS HIGH SCHOOL OF MATHEMATICS AND SCIENCE,H2 LITERATURE IN ENGLISH
NUS HIGH SCHOOL OF MATHEMATICS AND SCIENCE,H2 COMPUTING
NUS HIGH SCHOOL OF MATHEMATICS AND SCIENCE,H2 ART
NUS HIGH SCHOOL OF MATHEMATICS AND SCIENCE,H2 MUSIC
NUS HIGH SCHOOL OF MATHEMATICS AND SCIENCE,H2 MANAGEMENT OF BUSINESS
NUS HIGH SCHOOL OF MATHEMATICS AND SCIENCE,H2 PRINCIPLES OF ACCOUNTING
NUS HIGH SCHOOL OF MATHEMATICS AND SCIENCE,H1 CHINESE
NUS HIGH SCHOOL OF MATHEMATICS AND SCIENCE,H1 MALAY
NUS HIGH SCHOOL OF MATHEMATICS AND SCIENCE,H1 TAMIL
OASIS PRIMARY SCHOOL,ENGLISH LANGUAGE
OASIS PRIMARY SCHOOL,MATHEMATICS
OASIS PRIMARY SCHOOL,SCIENCE
OASIS PRIMARY SCHOOL,CHINESE
OASIS PRIMARY SCHOOL,MALAY
OASIS PRIMARY SCHOOL,TAMIL
OASIS PRIMARY SCHOOL,HIGHER CHINESE
OASIS PRIMARY SCHOOL,HIGHER MALAY
OASIS PRIMARY SCHOOL,HIGHER TAMIL
OASIS PRIMARY SCHOOL,ART
OASIS PRIMARY SCHOOL,MUSIC
OASIS PRIMARY SCHOOL,PHYSICAL EDUCATION
OASIS PRIMARY SCHOOL,SOCIAL STUDIES
OPERA ESTATE PRIMARY SCHOOL,ENGLISH LANGUAGE
OPERA ESTATE PRIMARY SCHOOL,MATHEMATICS
OPERA ESTATE PRIMARY SCHOOL,SCIENCE
OPERA ESTATE PRIMARY SCHOOL,CHINESE
OPERA ESTATE PRIMARY SCHOOL,MALAY
OPERA ESTATE PRIMARY SCHOOL,TAMIL
OPERA ESTATE PRIMARY SCHOOL,HIGHER CHINESE
OPERA ESTATE PRIMARY SCHOOL,HIGHER MALAY
OPERA ESTATE PRIMARY SCHOOL,HIGHER TAMIL
OPERA ESTATE PRIMARY SCHOOL,ART
OPERA ESTATE PRIMARY SCHOOL,MUSIC
OPERA ESTATE PRIMARY SCHOOL,PHYSICAL EDUCATION
OPERA ESTATE PRIMARY SCHOOL,SOCIAL STUDIES
ORCHID PARK SECONDARY SCHOOL,ENGLISH LANGUAGE
ORCHID PARK SECONDARY SCHOOL,MATHEMATICS
ORCHID PARK SECONDARY SCHOOL,ADDITIONAL MATHEMATICS
ORCHID PARK SECONDARY SCHOOL,SCIENCE (PHY/CHEM)
ORCHID PARK SECONDARY SCHOOL,SCIENCE (CHEM/BIO)
ORCHID PARK SECONDARY SCHOOL,PHYSICS
ORCHID PARK SECONDARY SCHOOL,CHEMISTRY
ORCHID PARK SECONDARY SCHOOL,BIOLOGY
ORCHID PARK SECONDARY SCHOOL,"COMBINED HUMANITIES (S,G)"
ORCHID PARK SECONDARY SCHOOL,"COMBINED HUMANITIES (S,H)"
ORCHID PARK SECONDARY SCHOOL,"COMBINED HUMANITIES (S,L)"
ORCHID PARK SECONDARY SCHOOL,GEOGRAPHY
ORCHID PARK SECONDARY SCHOOL,HISTORY
ORCHID PARK SECONDARY SCHOOL,LITERATURE IN ENGLISH
ORCHID PARK SECONDARY SCHOOL,PRINCIPLES OF ACCOUNTS
ORCHID PARK SECONDARY SCHOOL,DESIGN & TECHNOLOGY
ORCHID PARK SECONDARY SCHOOL,FOOD & CONSUMER EDUCATION
ORCHID PARK SECONDARY SCHOOL,ART
ORCHID PARK SECONDARY SCHOOL,MUSIC
ORCHID PARK SECONDARY SCHOOL,CHINESE
ORCHID PARK SECONDARY SCHOOL,MALAY
ORCHID PARK SECONDARY SCHOOL,TAMIL
ORCHID PARK SECONDARY SCHOOL,HIGHER CHINESE
ORCHID PARK SECONDARY SCHOOL,HIGHER MALAY
ORCHID PARK SECONDARY SCHOOL,HIGHER TAMIL
ORCHID PARK SECONDARY SCHOOL,COMPUTING
OUTRAM SECONDARY SCHOOL,ENGLISH LANGUAGE
OUTRAM SECONDARY SCHOOL,MATHEMATICS
OUTRAM SECONDARY SCHOOL,ADDITIONAL MATHEMATICS
OUTRAM SECONDARY SCHOOL,SCIENCE (PHY/CHEM)
OUTRAM SECONDARY SCHOOL,SCIENCE (CHEM/BIO)
OUTRAM SECONDARY SCHOOL,PHYSICS
OUTRAM SECONDARY SCHOOL,CHEMISTRY
OUTRAM SECONDARY SCHOOL,BIOLOGY
OUTRAM SECONDARY SCHOOL,"COMBINED HUMANITIES (S,G)"
OUTRAM SECONDARY SCHOOL,"COMBINED HUMANITIES (S,H)"
OUTRAM SECONDARY SCHOOL,"COMBINED HUMANITIES (S,L)"
OUTRAM SECONDARY SCHOOL,GEOGRAPHY
OUTRAM SECONDARY SCHOOL,HISTORY
OUTRAM SECONDARY SCHOOL,LITERATURE IN ENGLISH
OUTRAM SECONDARY SCHOOL,PRINCIPLES OF ACCOUNTS
OUTRAM SECONDARY SCHOOL,DESIGN & TECHNOLOGY
OUTRAM SECONDARY SCHOOL,FOOD & CONSUMER EDUCATION
OUTRAM SECONDARY SCHOOL,ART
OUTRAM SECONDARY SCHOOL,MUSIC
OUTRAM SECONDARY SCHOOL,CHINESE
OUTRAM SECONDARY SCHOOL,MALAY
OUTRAM SECONDARY SCHOOL,TAMIL
OUTRAM SECONDARY SCHOOL,HIGHER CHINESE
OUTRAM SECONDARY SCHOOL,HIGHER MALAY
OUTRAM SECONDARY SCHOOL,HIGHER TAMIL
OUTRAM SECONDARY SCHOOL,COMPUTING
PALM VIEW PRIMARY SCHOOL,ENGLISH LANGUAGE
PALM VIEW PRIMARY SCHOOL,MATHEMATICS
PALM VIEW PRIMARY SCHOOL,SCIENCE
PALM VIEW PRIMARY SCHOOL,CHINESE
PALM VIEW PRIMARY SCHOOL,MALAY
PALM VIEW PRIMARY SCHOOL,TAMIL
PALM VIEW PRIMARY SCHOOL,HIGHER CHINESE
PALM VIEW PRIMARY SCHOOL,HIGHER MALAY
PALM VIEW PRIMARY SCHOOL,HIGHER TAMIL
PALM VIEW PRIMARY SCHOOL,ART
PALM VIEW PRIMARY SCHOOL,MUSIC
PALM VIEW PRIMARY SCHOOL,PHYSICAL EDUCATION
PALM VIEW PRIMARY SCHOOL,SOCIAL STUDIES
PARK VIEW PRIMARY SCHOOL,ENGLISH LANGUAGE
PARK VIEW PRIMARY SCHOOL,MATHEMATICS
PARK VIEW PRIMARY SCHOOL,SCIENCE
PARK VIEW PRIMARY SCHOOL,CHINESE
PARK VIEW PRIMARY SCHOOL,MALAY
PARK VIEW PRIMARY SCHOOL,TAMIL
PARK VIEW PRIMARY SCHOOL,HIGHER CHINESE
PARK VIEW PRIMARY SCHOOL,HIGHER MALAY
PARK VIEW PRIMARY SCHOOL,HIGHER TAMIL
PARK VIEW PRIMARY SCHOOL,ART
PARK VIEW PRIMARY SCHOOL,MUSIC
PARK VIEW PRIMARY SCHOOL,PHYSICAL EDUCATION
PARK VIEW PRIMARY SCHOOL,SOCIAL STUDIES
PASIR RIS CREST SECONDARY SCHOOL,ENGLISH LANGUAGE
PASIR RIS CREST SECONDARY SCHOOL,MATHEMATICS
PASIR RIS CREST SECONDARY SCHOOL,ADDITIONAL MATHEMATICS
PASIR RIS CREST SECONDARY SCHOOL,SCIENCE (PHY/CHEM)
PASIR RIS CREST SECONDARY SCHOOL,SCIENCE (CHEM/BIO)
PASIR RIS CREST SECONDARY SCHOOL,PHYSICS
PASIR RIS CREST SECONDARY SCHOOL,CHEMISTRY
PASIR RIS CREST SECONDARY SCHOOL,BIOLOGY
PASIR RIS CREST SECONDARY SCHOOL,"COMBINED HUMANITIES (S,G)"
PASIR RIS CREST SECONDARY SCHOOL,"COMBINED HUMANITIES (S,H)"
PASIR RIS CREST SECONDARY SCHOOL,"COMBINED HUMANITIES (S,L)"
PASIR RIS CREST SECONDARY SCHOOL,GEOGRAPHY
PASIR RIS CREST SECONDARY SCHOOL,HISTORY
PASIR RIS CREST SECONDARY SCHOOL,LITERATURE IN ENGLISH
PASIR RIS CREST SECONDARY SCHOOL,PRINCIPLES OF ACCOUNTS
PASIR RIS CREST SECONDARY SCHOOL,DESIGN & TECHNOLOGY
PASIR RIS CREST SECONDARY SCHOOL,FOOD & CONSUMER EDUCATION
PASIR RIS CREST SECONDARY SCHOOL,ART
PASIR RIS CREST SECONDARY SCHOOL,MUSIC
PASIR RIS CREST SECONDARY SCHOOL,CHINESE
PASIR RIS CREST SECONDARY SCHOOL,MALAY
PASIR RIS CREST SECONDARY SCHOOL,TAMIL
PASIR RIS CREST SECONDARY SCHOOL,HIGHER CHINESE
PASIR RIS CREST SECONDARY SCHOOL,HIGHER MALAY
PASIR RIS CREST SECONDARY SCHOOL,HIGHER TAMIL
PASIR RIS CREST SECONDARY SCHOOL,COMPUTING
PASIR RIS PRIMARY SCHOOL,ENGLISH LANGUAGE
PASIR RIS PRIMARY SCHOOL,MATHEMATICS
PASIR RIS PRIMARY SCHOOL,SCIENCE
PASIR RIS PRIMARY SCHOOL,CHINESE
PASIR RIS PRIMARY SCHOOL,MALAY
PASIR RIS PRIMARY SCHOOL,TAMIL
PASIR RIS PRIMARY SCHOOL,HIGHER CHINESE
PASIR RIS PRIMARY SCHOOL,HIGHER MALAY
PASIR RIS PRIMARY SCHOOL,HIGHER TAMIL
PASIR RIS PRIMARY SCHOOL,ART
PASIR RIS PRIMARY SCHOOL,MUSIC
PASIR RIS PRIMARY SCHOOL,PHYSICAL EDUCATION
PASIR RIS PRIMARY SCHOOL,SOCIAL STUDIES
PASIR RIS SECONDARY SCHOOL,ENGLISH LANGUAGE
PASIR RIS SECONDARY SCHOOL,MATHEMATICS
PASIR RIS SECONDARY SCHOOL,ADDITIONAL MATHEMATICS
PASIR RIS SECONDARY SCHOOL,SCIENCE (PHY/CHEM)
PASIR RIS SECONDARY SCHOOL,SCIENCE (CHEM/BIO)
PASIR RIS SECONDARY SCHOOL,PHYSICS
PASIR RIS SECONDARY SCHOOL,CHEMISTRY
PASIR RIS SECONDARY SCHOOL,BIOLOGY
PASIR RIS SECONDARY SCHOOL,"COMBINED HUMANITIES (S,G)"
PASIR RIS SECONDARY SCHOOL,"COMBINED HUMANITIES (S,H)"
PASIR RIS SECONDARY SCHOOL,"COMBINED HUMANITIES (S,L)"
PASIR RIS SECONDARY SCHOOL,GEOGRAPHY
PASIR RIS SECONDARY SCHOOL,HISTORY
PASIR RIS SECONDARY SCHOOL,LITERATURE IN ENGLISH
PASIR RIS SECONDARY SCHOOL,PRINCIPLES OF ACCOUNTS
PASIR RIS SECONDARY SCHOOL,DESIGN & TECHNOLOGY
PASIR RIS SECONDARY SCHOOL,FOOD & CONSUMER EDUCATION
PASIR RIS SECONDARY SCHOOL,ART
PASIR RIS SECONDARY SCHOOL,MUSIC
PASIR RIS SECONDARY SCHOOL,CHINESE
PASIR RIS SECONDARY SCHOOL,MALAY
PASIR RIS SECONDARY SCHOOL,TAMIL
PASIR RIS SECONDARY SCHOOL,HIGHER CHINESE
PASIR RIS SECONDARY SCHOOL,HIGHER MALAY
PASIR RIS SECONDARY SCHOOL,HIGHER TAMIL
PASIR RIS SECONDARY SCHOOL,COMPUTING
PAYA LEBAR METHODIST GIRLS' SCHOOL (PRIMARY),ENGLISH LANGUAGE
PAYA LEBAR METHODIST GIRLS' SCHOOL (PRIMARY),MATHEMATICS
PAYA LEBAR METHODIST GIRLS' SCHOOL (PRIMARY),SCIENCE
PAYA LEBAR METHODIST GIRLS' SCHOOL (PRIMARY),CHINESE
PAYA LEBAR METHODIST GIRLS' SCHOOL (PRIMARY),MALAY
PAYA LEBAR METHODIST GIRLS' SCHOOL (PRIMARY),TAMIL
PAYA LEBAR METHODIST GIRLS' SCHOOL (PRIMARY),HIGHER CHINESE
PAYA LEBAR METHODIST GIRLS' SCHOOL (PRIMARY),HIGHER MALAY
PAYA LEBAR METHODIST GIRLS' SCHOOL (PRIMARY),HIGHER TAMIL
PAYA LEBAR METHODIST GIRLS' SCHOOL (PRIMARY),ART
PAYA LEBAR METHODIST GIRLS' SCHOOL (PRIMARY),MUSIC
PAYA LEBAR METHODIST GIRLS' SCHOOL (PRIMARY),PHYSICAL EDUCATION
PAYA LEBAR METHODIST GIRLS' SCHOOL (PRIMARY),SOCIAL STUDIES
PAYA LEBAR METHODIST GIRLS' SCHOOL (SECONDARY),ENGLISH LANGUAGE
PAYA LEBAR METHODIST GIRLS' SCHOOL (SECONDARY),MATHEMATICS
PAYA LEBAR METHODIST GIRLS' SCHOOL (SECONDARY),ADDITIONAL MATHEMATICS
PAYA LEBAR METHODIST GIRLS' SCHOOL (SECONDARY),SCIENCE (PHY/CHEM)
PAYA LEBAR METHODIST GIRLS' SCHOOL (SECONDARY),SCIENCE (CHEM/BIO)
PAYA LEBAR METHODIST GIRLS' SCHOOL (SECONDARY),PHYSICS
PAYA LEBAR METHODIST GIRLS' SCHOOL (SECONDARY),CHEMISTRY
PAYA LEBAR METHODIST GIRLS' SCHOOL (SECONDARY),BIOLOGY
PAYA LEBAR METHODIST GIRLS' SCHOOL (SECONDARY),"COMBINED HUMANITIES (S,G)"
PAYA LEBAR METHODIST GIRLS' SCHOOL (SECONDARY),"COMBINED HUMANITIES (S,H)"
PAYA LEBAR METHODIST GIRLS' SCHOOL (SECONDARY),"COMBINED HUMANITIES (S,L)"
PAYA LEBAR METHODIST GIRLS' SCHOOL (SECONDARY),GEOGRAPHY
PAYA LEBAR METHODIST GIRLS' SCHOOL (SECONDARY),HISTORY
PAYA LEBAR METHODIST GIRLS' SCHOOL (SECONDARY),LITERATURE IN ENGLISH
PAYA LEBAR METHODIST GIRLS' SCHOOL (SECONDARY),PRINCIPLES OF ACCOUNTS
PAYA LEBAR METHODIST GIRLS' SCHOOL (SECONDARY),DESIGN & TECHNOLOGY
PAYA LEBAR METHODIST GIRLS' SCHOOL (SECONDARY),FOOD & CONSUMER EDUCATION
PAYA LEBAR METHODIST GIRLS' SCHOOL (SECONDARY),ART
PAYA LEBAR METHODIST GIRLS' SCHOOL (SECONDARY),MUSIC
PAYA LEBAR METHODIST GIRLS' SCHOOL (SECONDARY),CHINESE
PAYA LEBAR METHODIST GIRLS' SCHOOL (SECONDARY),MALAY
PAYA LEBAR METHODIST GIRLS' SCHOOL (SECONDARY),TAMIL
PAYA LEBAR METHODIST GIRLS' SCHOOL (SECONDARY),HIGHER CHINESE
PAYA LEBAR METHODIST GIRLS' SCHOOL (SECONDARY),HIGHER MALAY
PAYA LEBAR METHODIST GIRLS' SCHOOL (SECONDARY),HIGHER TAMIL
PAYA LEBAR METHODIST GIRLS' SCHOOL (SECONDARY),COMPUTING
PEI CHUN PUBLIC SCHOOL,ENGLISH LANGUAGE
PEI CHUN PUBLIC SCHOOL,MATHEMATICS
PEI CHUN PUBLIC SCHOOL,SCIENCE
PEI CHUN PUBLIC SCHOOL,CHINESE
PEI CHUN PUBLIC SCHOOL,MALAY
PEI CHUN PUBLIC SCHOOL,TAMIL
PEI CHUN PUBLIC SCHOOL,HIGHER CHINESE
PEI CHUN PUBLIC SCHOOL,HIGHER MALAY
PEI CHUN PUBLIC SCHOOL,HIGHER TAMIL
PEI CHUN PUBLIC SCHOOL,ART
PEI CHUN PUBLIC SCHOOL,MUSIC
PEI CHUN PUBLIC SCHOOL,PHYSICAL EDUCATION
PEI CHUN PUBLIC SCHOOL,SOCIAL STUDIES
PEI HWA PRESBYTERIAN PRIMARY SCHOOL,ENGLISH LANGUAGE
PEI HWA PRESBYTERIAN PRIMARY SCHOOL,MATHEMATICS
PEI HWA PRESBYTERIAN PRIMARY SCHOOL,SCIENCE
PEI HWA PRESBYTERIAN PRIMARY SCHOOL,CHINESE
PEI HWA PRESBYTERIAN PRIMARY SCHOOL,MALAY
PEI HWA PRESBYTERIAN PRIMARY SCHOOL,TAMIL
PEI HWA PRESBYTERIAN PRIMARY SCHOOL,HIGHER CHINESE
PEI HWA PRESBYTERIAN PRIMARY SCHOOL,HIGHER MALAY
PEI HWA PRESBYTERIAN PRIMARY SCHOOL,HIGHER TAMIL
PEI HWA PRESBYTERIAN PRIMARY SCHOOL,ART
PEI HWA PRESBYTERIAN PRIMARY SCHOOL,MUSIC
PEI HWA PRESBYTERIAN PRIMARY SCHOOL,PHYSICAL EDUCATION
PEI HWA PRESBYTERIAN PRIMARY SCHOOL,SOCIAL STUDIES
PEI HWA SECONDARY SCHOOL,ENGLISH LANGUAGE
PEI HWA SECONDARY SCHOOL,MATHEMATICS
PEI HWA SECONDARY SCHOOL,ADDITIONAL MATHEMATICS
PEI HWA SECONDARY SCHOOL,SCIENCE (PHY/CHEM)
PEI HWA SECONDARY SCHOOL,SCIENCE (CHEM/BIO)
PEI HWA SECONDARY SCHOOL,PHYSICS
PEI HWA SECONDARY SCHOOL,CHEMISTRY
PEI HWA SECONDARY SCHOOL,BIOLOGY
PEI HWA SECONDARY SCHOOL,"COMBINED HUMANITIES (S,G)"
PEI HWA SECONDARY SCHOOL,"COMBINED HUMANITIES (S,H)"
PEI HWA SECONDARY SCHOOL,"COMBINED HUMANITIES (S,L)"
PEI HWA SECONDARY SCHOOL,GEOGRAPHY
PEI HWA SECONDARY SCHOOL,HISTORY
PEI HWA SECONDARY SCHOOL,LITERATURE IN ENGLISH
PEI HWA SECONDARY SCHOOL,PRINCIPLES OF ACCOUNTS
PEI HWA SECONDARY SCHOOL,DESIGN & TECHNOLOGY
PEI HWA SECONDARY SCHOOL,FOOD & CONSUMER EDUCATION
PEI HWA SECONDARY SCHOOL,ART
PEI HWA SECONDARY SCHOOL,MUSIC
PEI HWA SECONDARY SCHOOL,CHINESE
PEI HWA SECONDARY SCHOOL,MALAY
PEI HWA SECONDARY SCHOOL,TAMIL
PEI HWA SECONDARY SCHOOL,HIGHER CHINESE
PEI HWA SECONDARY SCHOOL,HIGHER MALAY
PEI HWA SECONDARY SCHOOL,HIGHER TAMIL
PEI HWA SECONDARY SCHOOL,COMPUTING
PEI TONG PRIMARY SCHOOL,ENGLISH LANGUAGE
PEI TONG PRIMARY SCHOOL,MATHEMATICS
PEI TONG PRIMARY SCHOOL,SCIENCE
PEI TONG PRIMARY SCHOOL,CHINESE
PEI TONG PRIMARY SCHOOL,MALAY
PEI TONG PRIMARY SCHOOL,TAMIL
PEI TONG PRIMARY SCHOOL,HIGHER CHINESE
PEI TONG PRIMARY SCHOOL,HIGHER MALAY
PEI TONG PRIMARY SCHOOL,HIGHER TAMIL
PEI TONG PRIMARY SCHOOL,ART
PEI TONG PRIMARY SCHOOL,MUSIC
PEI TONG PRIMARY SCHOOL,PHYSICAL EDUCATION
PEI TONG PRIMARY SCHOOL,SOCIAL STUDIES
PEICAI SECONDARY SCHOOL,ENGLISH LANGUAGE
PEICAI SECONDARY SCHOOL,MATHEMATICS
PEICAI SECONDARY SCHOOL,ADDITIONAL MATHEMATICS
PEICAI SECONDARY SCHOOL,SCIENCE (PHY/CHEM)
PEICAI SECONDARY SCHOOL,SCIENCE (CHEM/BIO)
PEICAI SECONDARY SCHOOL,PHYSICS
PEICAI SECONDARY SCHOOL,CHEMISTRY
PEICAI SECONDARY SCHOOL,BIOLOGY
PEICAI SECONDARY SCHOOL,"COMBINED HUMANITIES (S,G)"
PEICAI SECONDARY SCHOOL,"COMBINED HUMANITIES (S,H)"
PEICAI SECONDARY SCHOOL,"COMBINED HUMANITIES (S,L)"
PEICAI SECONDARY SCHOOL,GEOGRAPHY
PEICAI SECONDARY SCHOOL,HISTORY
PEICAI SECONDARY SCHOOL,LITERATURE IN ENGLISH
PEICAI SECONDARY SCHOOL,PRINCIPLES OF ACCOUNTS
PEICAI SECONDARY SCHOOL,DESIGN & TECHNOLOGY
PEICAI SECONDARY SCHOOL,FOOD & CONSUMER EDUCATION
PEICAI SECONDARY SCHOOL,ART
PEICAI SECONDARY SCHOOL,MUSIC
PEICAI SECONDARY SCHOOL,CHINESE
PEICAI SECONDARY SCHOOL,MALAY
PEICAI SECONDARY SCHOOL,TAMIL
PEICAI SECONDARY SCHOOL,HIGHER CHINESE
PEICAI SECONDARY SCHOOL,HIGHER MALAY
PEICAI SECONDARY SCHOOL,HIGHER TAMIL
PEICAI SECONDARY SCHOOL,COMPUTING
PEIRCE SECONDARY SCHOOL,ENGLISH LANGUAGE
PEIRCE SECONDARY SCHOOL,MATHEMATICS
PEIRCE SECONDARY SCHOOL,ADDITIONAL MATHEMATICS
PEIRCE SECONDARY SCHOOL,SCIENCE (PHY/CHEM)
PEIRCE SECONDARY SCHOOL,SCIENCE (CHEM/BIO)
PEIRCE SECONDARY SCHOOL,PHYSICS
PEIRCE SECONDARY SCHOOL,CHEMISTRY
PEIRCE SECONDARY SCHOOL,BIOLOGY
PEIRCE SECONDARY SCHOOL,"COMBINED HUMANITIES (S,G)"
PEIRCE SECONDARY SCHOOL,"COMBINED HUMANITIES (S,H)"
PEIRCE SECONDARY SCHOOL,"COMBINED HUMANITIES (S,L)"
PEIRCE SECONDARY SCHOOL,GEOGRAPHY
PEIRCE SECONDARY SCHOOL,HISTORY
PEIRCE SECONDARY SCHOOL,LITERATURE IN ENGLISH
PEIRCE SECONDARY SCHOOL,PRINCIPLES OF ACCOUNTS
PEIRCE SECONDARY SCHOOL,DESIGN & TECHNOLOGY
PEIRCE SECONDARY SCHOOL,FOOD & CONSUMER EDUCATION
PEIRCE SECONDARY SCHOOL,ART
PEIRCE SECONDARY SCHOOL,MUSIC
PEIRCE SECONDARY SCHOOL,CHINESE
PEIRCE SECONDARY SCHOOL,MALAY
PEIRCE SECONDARY SCHOOL,TAMIL
PEIRCE SECONDARY SCHOOL,HIGHER CHINESE
PEIRCE SECONDARY SCHOOL,HIGHER MALAY
PEIRCE SECONDARY SCHOOL,HIGHER TAMIL
PEIRCE SECONDARY SCHOOL,COMPUTING
PEIYING PRIMARY SCHOOL,ENGLISH LANGUAGE
PEIYING PRIMARY SCHOOL,MATHEMATICS
PEIYING PRIMARY SCHOOL,SCIENCE
PEIYING PRIMARY SCHOOL,CHINESE
PEIYING PRIMARY SCHOOL,MALAY
PEIYING PRIMARY SCHOOL,TAMIL
PEIYING PRIMARY SCHOOL,HIGHER CHINESE
PEIYING PRIMARY SCHOOL,HIGHER MALAY
PEIYING PRIMARY SCHOOL,HIGHER TAMIL
PEIYING PRIMARY SCHOOL,ART
PEIYING PRIMARY SCHOOL,MUSIC
PEIYING PRIMARY SCHOOL,PHYSICAL EDUCATION
PEIYING PRIMARY SCHOOL,SOCIAL STUDIES
PIONEER PRIMARY SCHOOL,ENGLISH LANGUAGE
PIONEER PRIMARY SCHOOL,MATHEMATICS
PIONEER PRIMARY SCHOOL,SCIENCE
PIONEER PRIMARY SCHOOL,CHINESE
PIONEER PRIMARY SCHOOL,MALAY
PIONEER PRIMARY SCHOOL,TAMIL
PIONEER PRIMARY SCHOOL,HIGHER CHINESE
PIONEER PRIMARY SCHOOL,HIGHER MALAY
PIONEER PRIMARY SCHOOL,HIGHER TAMIL
PIONEER PRIMARY SCHOOL,ART
PIONEER PRIMARY SCHOOL,MUSIC
PIONEER PRIMARY SCHOOL,PHYSICAL EDUCATION
PIONEER PRIMARY SCHOOL,SOCIAL STUDIES
POI CHING SCHOOL,ENGLISH LANGUAGE
POI CHING SCHOOL,MATHEMATICS
POI CHING SCHOOL,SCIENCE
POI CHING SCHOOL,CHINESE
POI CHING SCHOOL,MALAY
POI CHING SCHOOL,TAMIL
POI CHING SCHOOL,HIGHER CHINESE
POI CHING SCHOOL,HIGHER MALAY
POI CHING SCHOOL,HIGHER TAMIL
POI CHING SCHOOL,ART
POI CHING SCHOOL,MUSIC
POI CHING SCHOOL,PHYSICAL EDUCATION
POI CHING SCHOOL,SOCIAL STUDIES
PRESBYTERIAN HIGH SCHOOL,ENGLISH LANGUAGE
PRESBYTERIAN HIGH SCHOOL,MATHEMATICS
PRESBYTERIAN HIGH SCHOOL,ADDITIONAL MATHEMATICS
PRESBYTERIAN HIGH SCHOOL,SCIENCE (PHY/CHEM)
PRESBYTERIAN HIGH SCHOOL,SCIENCE (CHEM/BIO)
PRESBYTERIAN HIGH SCHOOL,PHYSICS
PRESBYTERIAN HIGH SCHOOL,CHEMISTRY
PRESBYTERIAN HIGH SCHOOL,BIOLOGY
PRESBYTERIAN HIGH SCHOOL,"COMBINED HUMANITIES (S,G)"
PRESBYTERIAN HIGH SCHOOL,"COMBINED HUMANITIES (S,H)"
PRESBYTERIAN HIGH SCHOOL,"COMBINED HUMANITIES (S,L)"
PRESBYTERIAN HIGH SCHOOL,GEOGRAPHY
PRESBYTERIAN HIGH SCHOOL,HISTORY
PRESBYTERIAN HIGH SCHOOL,LITERATURE IN ENGLISH
PRESBYTERIAN HIGH SCHOOL,PRINCIPLES OF ACCOUNTS
PRESBYTERIAN HIGH SCHOOL,DESIGN & TECHNOLOGY
PRESBYTERIAN HIGH SCHOOL,FOOD & CONSUMER EDUCATION
PRESBYTERIAN HIGH SCHOOL,ART
PRESBYTERIAN HIGH SCHOOL,MUSIC
PRESBYTERIAN HIGH SCHOOL,CHINESE
PRESBYTERIAN HIGH SCHOOL,MALAY
PRESBYTERIAN HIGH SCHOOL,TAMIL
PRESBYTERIAN HIGH SCHOOL,HIGHER CHINESE
PRESBYTERIAN HIGH SCHOOL,HIGHER MALAY
PRESBYTERIAN HIGH SCHOOL,HIGHER TAMIL
PRESBYTERIAN HIGH SCHOOL,COMPUTING
PRINCESS ELIZABETH PRIMARY SCHOOL,ENGLISH LANGUAGE
PRINCESS ELIZABETH PRIMARY SCHOOL,MATHEMATICS
PRINCESS ELIZABETH PRIMARY SCHOOL,SCIENCE
PRINCESS ELIZABETH PRIMARY SCHOOL,CHINESE
PRINCESS ELIZABETH PRIMARY SCHOOL,MALAY
PRINCESS ELIZABETH PRIMARY SCHOOL,TAMIL
PRINCESS ELIZABETH PRIMARY SCHOOL,HIGHER CHINESE
PRINCESS ELIZABETH PRIMARY SCHOOL,HIGHER MALAY
PRINCESS ELIZABETH PRIMARY SCHOOL,HIGHER TAMIL
PRINCESS ELIZABETH PRIMARY SCHOOL,ART
PRINCESS ELIZABETH PRIMARY SCHOOL,MUSIC
PRINCESS ELIZABETH PRIMARY SCHOOL,PHYSICAL EDUCATION
PRINCESS ELIZABETH PRIMARY SCHOOL,SOCIAL STUDIES
PUNGGOL COVE PRIMARY SCHOOL,ENGLISH LANGUAGE
PUNGGOL COVE PRIMARY SCHOOL,MATHEMATICS
PUNGGOL COVE PRIMARY SCHOOL,SCIENCE
PUNGGOL COVE PRIMARY SCHOOL,CHINESE
PUNGGOL COVE PRIMARY SCHOOL,MALAY
PUNGGOL COVE PRIMARY SCHOOL,TAMIL
PUNGGOL COVE PRIMARY SCHOOL,HIGHER CHINESE
PUNGGOL COVE PRIMARY SCHOOL,HIGHER MALAY
PUNGGOL COVE PRIMARY SCHOOL,HIGHER TAMIL
PUNGGOL COVE PRIMARY SCHOOL,ART
PUNGGOL COVE PRIMARY SCHOOL,MUSIC
PUNGGOL COVE PRIMARY SCHOOL,PHYSICAL EDUCATION
PUNGGOL COVE PRIMARY SCHOOL,SOCIAL STUDIES
PUNGGOL GREEN PRIMARY SCHOOL,ENGLISH LANGUAGE
PUNGGOL GREEN PRIMARY SCHOOL,MATHEMATICS
PUNGGOL GREEN PRIMARY SCHOOL,SCIENCE
PUNGGOL GREEN PRIMARY SCHOOL,CHINESE
PUNGGOL GREEN PRIMARY SCHOOL,MALAY
PUNGGOL GREEN PRIMARY SCHOOL,TAMIL
PUNGGOL GREEN PRIMARY SCHOOL,HIGHER CHINESE
PUNGGOL GREEN PRIMARY SCHOOL,HIGHER MALAY
PUNGGOL GREEN PRIMARY SCHOOL,HIGHER TAMIL
PUNGGOL GREEN PRIMARY SCHOOL,ART
PUNGGOL GREEN PRIMARY SCHOOL,MUSIC
PUNGGOL GREEN PRIMARY SCHOOL,PHYSICAL EDUCATION
PUNGGOL GREEN PRIMARY SCHOOL,SOCIAL STUDIES
PUNGGOL PRIMARY SCHOOL,ENGLISH LANGUAGE
PUNGGOL PRIMARY SCHOOL,MATHEMATICS
PUNGGOL PRIMARY SCHOOL,SCIENCE
PUNGGOL PRIMARY SCHOOL,CHINESE
PUNGGOL PRIMARY SCHOOL,MALAY
PUNGGOL PRIMARY SCHOOL,TAMIL
PUNGGOL PRIMARY SCHOOL,HIGHER CHINESE
PUNGGOL PRIMARY SCHOOL,HIGHER MALAY
PUNGGOL PRIMARY SCHOOL,HIGHER TAMIL
PUNGGOL PRIMARY SCHOOL,ART
PUNGGOL PRIMARY SCHOOL,MUSIC
PUNGGOL PRIMARY SCHOOL,PHYSICAL EDUCATION
PUNGGOL PRIMARY SCHOOL,SOCIAL STUDIES
PUNGGOL SECONDARY SCHOOL,ENGLISH LANGUAGE
PUNGGOL SECONDARY SCHOOL,MATHEMATICS
PUNGGOL SECONDARY SCHOOL,ADDITIONAL MATHEMATICS
PUNGGOL SECONDARY SCHOOL,SCIENCE (PHY/CHEM)
PUNGGOL SECONDARY SCHOOL,SCIENCE (CHEM/BIO)
PUNGGOL SECONDARY SCHOOL,PHYSICS
PUNGGOL SECONDARY SCHOOL,CHEMISTRY
PUNGGOL SECONDARY SCHOOL,BIOLOGY
PUNGGOL SECONDARY SCHOOL,"COMBINED HUMANITIES (S,G)"
PUNGGOL SECONDARY SCHOOL,"COMBINED HUMANITIES (S,H)"
PUNGGOL SECONDARY SCHOOL,"COMBINED HUMANITIES (S,L)"
PUNGGOL SECONDARY SCHOOL,GEOGRAPHY
PUNGGOL SECONDARY SCHOOL,HISTORY
PUNGGOL SECONDARY SCHOOL,LITERATURE IN ENGLISH
PUNGGOL SECONDARY SCHOOL,PRINCIPLES OF ACCOUNTS
PUNGGOL SECONDARY SCHOOL,DESIGN & TECHNOLOGY
PUNGGOL SECONDARY SCHOOL,FOOD & CONSUMER EDUCATION
PUNGGOL SECONDARY SCHOOL,ART
PUNGGOL SECONDARY SCHOOL,MUSIC
PUNGGOL SECONDARY SCHOOL,CHINESE
PUNGGOL SECONDARY SCHOOL,MALAY
PUNGGOL SECONDARY SCHOOL,TAMIL
PUNGGOL SECONDARY SCHOOL,HIGHER CHINESE
PUNGGOL SECONDARY SCHOOL,HIGHER MALAY
PUNGGOL SECONDARY SCHOOL,HIGHER TAMIL
PUNGGOL SECONDARY SCHOOL,COMPUTING
PUNGGOL VIEW PRIMARY SCHOOL,ENGLISH LANGUAGE
PUNGGOL VIEW PRIMARY SCHOOL,MATHEMATICS
PUNGGOL VIEW PRIMARY SCHOOL,SCIENCE
PUNGGOL VIEW PRIMARY SCHOOL,CHINESE
PUNGGOL VIEW PRIMARY SCHOOL,MALAY
PUNGGOL VIEW PRIMARY SCHOOL,TAMIL
PUNGGOL VIEW PRIMARY SCHOOL,HIGHER CHINESE
PUNGGOL VIEW PRIMARY SCHOOL,HIGHER MALAY
PUNGGOL VIEW PRIMARY SCHOOL,HIGHER TAMIL
PUNGGOL VIEW PRIMARY SCHOOL,ART
PUNGGOL VIEW PRIMARY SCHOOL,MUSIC
PUNGGOL VIEW PRIMARY SCHOOL,PHYSICAL EDUCATION
PUNGGOL VIEW PRIMARY SCHOOL,SOCIAL STUDIES
QIFA PRIMARY SCHOOL,ENGLISH LANGUAGE
QIFA PRIMARY SCHOOL,MATHEMATICS
QIFA PRIMARY SCHOOL,SCIENCE
QIFA PRIMARY SCHOOL,CHINESE
QIFA PRIMARY SCHOOL,MALAY
QIFA PRIMARY SCHOOL,TAMIL
QIFA PRIMARY SCHOOL,HIGHER CHINESE
QIFA PRIMARY SCHOOL,HIGHER MALAY
QIFA PRIMARY SCHOOL,HIGHER TAMIL
QIFA PRIMARY SCHOOL,ART
QIFA PRIMARY SCHOOL,MUSIC
QIFA PRIMARY SCHOOL,PHYSICAL EDUCATION
QIFA PRIMARY SCHOOL,SOCIAL STUDIES
QIHUA PRIMARY SCHOOL,ENGLISH LANGUAGE
QIHUA PRIMARY SCHOOL,MATHEMATICS
QIHUA PRIMARY SCHOOL,SCIENCE
QIHUA PRIMARY SCHOOL,CHINESE
QIHUA PRIMARY SCHOOL,MALAY
QIHUA PRIMARY SCHOOL,TAMIL
QIHUA PRIMARY SCHOOL,HIGHER CHINESE
QIHUA PRIMARY SCHOOL,HIGHER MALAY
QIHUA PRIMARY SCHOOL,HIGHER TAMIL
QIHUA PRIMARY SCHOOL,ART
QIHUA PRIMARY SCHOOL,MUSIC
QIHUA PRIMARY SCHOOL,PHYSICAL EDUCATION
QIHUA PRIMARY SCHOOL,SOCIAL STUDIES
QUEENSTOWN PRIMARY SCHOOL,ENGLISH LANGUAGE
QUEENSTOWN PRIMARY SCHOOL,MATHEMATICS
QUEENSTOWN PRIMARY SCHOOL,SCIENCE
QUEENSTOWN PRIMARY SCHOOL,CHINESE
QUEENSTOWN PRIMARY SCHOOL,MALAY
QUEENSTOWN PRIMARY SCHOOL,TAMIL
QUEENSTOWN PRIMARY SCHOOL,HIGHER CHINESE
QUEENSTOWN PRIMARY SCHOOL,HIGHER MALAY
QUEENSTOWN PRIMARY SCHOOL,HIGHER TAMIL
QUEENSTOWN PRIMARY SCHOOL,ART
QUEENSTOWN PRIMARY SCHOOL,MUSIC
QUEENSTOWN PRIMARY SCHOOL,PHYSICAL EDUCATION
QUEENSTOWN PRIMARY SCHOOL,SOCIAL STUDIES
QUEENSTOWN SECONDARY SCHOOL,ENGLISH LANGUAGE
QUEENSTOWN SECONDARY SCHOOL,MATHEMATICS
QUEENSTOWN SECONDARY SCHOOL,ADDITIONAL MATHEMATICS
QUEENSTOWN SECONDARY SCHOOL,SCIENCE (PHY/CHEM)
QUEENSTOWN SECONDARY SCHOOL,SCIENCE (CHEM/BIO)
QUEENSTOWN SECONDARY SCHOOL,PHYSICS
QUEENSTOWN SECONDARY SCHOOL,CHEMISTRY
QUEENSTOWN SECONDARY SCHOOL,BIOLOGY
QUEENSTOWN SECONDARY SCHOOL,"COMBINED HUMANITIES (S,G)"
QUEENSTOWN SECONDARY SCHOOL,"COMBINED HUMANITIES (S,H)"
QUEENSTOWN SECONDARY SCHOOL,"COMBINED HUMANITIES (S,L)"
QUEENSTOWN SECONDARY SCHOOL,GEOGRAPHY
QUEENSTOWN SECONDARY SCHOOL,HISTORY
QUEENSTOWN SECONDARY SCHOOL,LITERATURE IN ENGLISH
QUEENSTOWN SECONDARY SCHOOL,PRINCIPLES OF ACCOUNTS
QUEENSTOWN SECONDARY SCHOOL,DESIGN & TECHNOLOGY
QUEENSTOWN SECONDARY SCHOOL,FOOD & CONSUMER EDUCATION
QUEENSTOWN SECONDARY SCHOOL,ART
QUEENSTOWN SECONDARY SCHOOL,MUSIC
QUEENSTOWN SECONDARY SCHOOL,CHINESE
QUEENSTOWN SECONDARY SCHOOL,MALAY
QUEENSTOWN SECONDARY SCHOOL,TAMIL
QUEENSTOWN SECONDARY SCHOOL,HIGHER CHINESE
QUEENSTOWN SECONDARY SCHOOL,HIGHER MALAY
QUEENSTOWN SECONDARY SCHOOL,HIGHER TAMIL
QUEENSTOWN SECONDARY SCHOOL,COMPUTING
QUEENSWAY SECONDARY SCHOOL,ENGLISH LANGUAGE
QUEENSWAY SECONDARY SCHOOL,MATHEMATICS
QUEENSWAY SECONDARY SCHOOL,ADDITIONAL MATHEMATICS
QUEENSWAY SECONDARY SCHOOL,SCIENCE (PHY/CHEM)
QUEENSWAY SECONDARY SCHOOL,SCIENCE (CHEM/BIO)
QUEENSWAY SECONDARY SCHOOL,PHYSICS
QUEENSWAY SECONDARY SCHOOL,CHEMISTRY
QUEENSWAY SECONDARY SCHOOL,BIOLOGY
QUEENSWAY SECONDARY SCHOOL,"COMBINED HUMANITIES (S,G)"
QUEENSWAY SECONDARY SCHOOL,"COMBINED HUMANITIES (S,H)"
QUEENSWAY SECONDARY SCHOOL,"COMBINED HUMANITIES (S,L)"
QUEENSWAY SECONDARY SCHOOL,GEOGRAPHY
QUEENSWAY SECONDARY SCHOOL,HISTORY
QUEENSWAY SECONDARY SCHOOL,LITERATURE IN ENGLISH
QUEENSWAY SECONDARY SCHOOL,PRINCIPLES OF ACCOUNTS
QUEENSWAY SECONDARY SCHOOL,DESIGN & TECHNOLOGY
QUEENSWAY SECONDARY SCHOOL,FOOD & CONSUMER EDUCATION
QUEENSWAY SECONDARY SCHOOL,ART
QUEENSWAY SECONDARY SCHOOL,MUSIC
QUEENSWAY SECONDARY SCHOOL,CHINESE
QUEENSWAY SECONDARY SCHOOL,MALAY
QUEENSWAY SECONDARY SCHOOL,TAMIL
QUEENSWAY SECONDARY SCHOOL,HIGHER CHINESE
QUEENSWAY SECONDARY SCHOOL,HIGHER MALAY
QUEENSWAY SECONDARY SCHOOL,HIGHER TAMIL
QUEENSWAY SECONDARY SCHOOL,COMPUTING
RADIN MAS PRIMARY SCHOOL,ENGLISH LANGUAGE
RADIN MAS PRIMARY SCHOOL,MATHEMATICS
RADIN MAS PRIMARY SCHOOL,SCIENCE
RADIN MAS PRIMARY SCHOOL,CHINESE
RADIN MAS PRIMARY SCHOOL,MALAY
RADIN MAS PRIMARY SCHOOL,TAMIL
RADIN MAS PRIMARY SCHOOL,HIGHER CHINESE
RADIN MAS PRIMARY SCHOOL,HIGHER MALAY
RADIN MAS PRIMARY SCHOOL,HIGHER TAMIL
RADIN MAS PRIMARY SCHOOL,ART
RADIN MAS PRIMARY SCHOOL,MUSIC
RADIN MAS PRIMARY SCHOOL,PHYSICAL EDUCATION
RADIN MAS PRIMARY SCHOOL,SOCIAL STUDIES
RAFFLES GIRLS' PRIMARY SCHOOL,ENGLISH LANGUAGE
RAFFLES GIRLS' PRIMARY SCHOOL,MATHEMATICS
RAFFLES GIRLS' PRIMARY SCHOOL,SCIENCE
RAFFLES GIRLS' PRIMARY SCHOOL,CHINESE
RAFFLES GIRLS' PRIMARY SCHOOL,MALAY
RAFFLES GIRLS' PRIMARY SCHOOL,TAMIL
RAFFLES GIRLS' PRIMARY SCHOOL,HIGHER CHINESE
RAFFLES GIRLS' PRIMARY SCHOOL,HIGHER MALAY
RAFFLES GIRLS' PRIMARY SCHOOL,HIGHER TAMIL
RAFFLES GIRLS' PRIMARY SCHOOL,ART
RAFFLES GIRLS' PRIMARY SCHOOL,MUSIC
RAFFLES GIRLS' PRIMARY SCHOOL,PHYSICAL EDUCATION
RAFFLES GIRLS' PRIMARY SCHOOL,SOCIAL STUDIES
RAFFLES GIRLS' SCHOOL (SECONDARY),ENGLISH LANGUAGE
RAFFLES GIRLS' SCHOOL (SECONDARY),MATHEMATICS
RAFFLES GIRLS' SCHOOL (SECONDARY),ADDITIONAL MATHEMATICS
RAFFLES GIRLS' SCHOOL (SECONDARY),SCIENCE (PHY/CHEM)
RAFFLES GIRLS' SCHOOL (SECONDARY),SCIENCE (CHEM/BIO)
RAFFLES GIRLS' SCHOOL (SECONDARY),PHYSICS
RAFFLES GIRLS' SCHOOL (SECONDARY),CHEMISTRY
RAFFLES GIRLS' SCHOOL (SECONDARY),BIOLOGY
RAFFLES GIRLS' SCHOOL (SECONDARY),"COMBINED HUMANITIES (S,G)"
RAFFLES GIRLS' SCHOOL (SECONDARY),"COMBINED HUMANITIES (S,H)"
RAFFLES GIRLS' SCHOOL (SECONDARY),"COMBINED HUMANITIES (S,L)"
RAFFLES GIRLS' SCHOOL (SECONDARY),GEOGRAPHY
RAFFLES GIRLS' SCHOOL (SECONDARY),HISTORY
RAFFLES GIRLS' SCHOOL (SECONDARY),LITERATURE IN ENGLISH
RAFFLES GIRLS' SCHOOL (SECONDARY),PRINCIPLES OF ACCOUNTS
RAFFLES GIRLS' SCHOOL (SECONDARY),DESIGN & TECHNOLOGY
RAFFLES GIRLS' SCHOOL (SECONDARY),FOOD & CONSUMER EDUCATION
RAFFLES GIRLS' SCHOOL (SECONDARY),ART
RAFFLES GIRLS' SCHOOL (SECONDARY),MUSIC
RAFFLES GIRLS' SCHOOL (SECONDARY),CHINESE
RAFFLES GIRLS' SCHOOL (SECONDARY),MALAY
RAFFLES GIRLS' SCHOOL (SECONDARY),TAMIL
RAFFLES GIRLS' SCHOOL (SECONDARY),HIGHER CHINESE
RAFFLES GIRLS' SCHOOL (SECONDARY),HIGHER MALAY
RAFFLES GIRLS' SCHOOL (SECONDARY),HIGHER TAMIL
RAFFLES GIRLS' SCHOOL (SECONDARY),COMPUTING
RAFFLES INSTITUTION,H1 GENERAL PAPER
RAFFLES INSTITUTION,H1 PROJECT WORK
RAFFLES INSTITUTION,H2 MATHEMATICS
RAFFLES INSTITUTION,H2 FURTHER MATHEMATICS
RAFFLES INSTITUTION,H2 PHYSICS
RAFFLES INSTITUTION,H2 CHEMISTRY
RAFFLES INSTITUTION,H2 BIOLOGY
RAFFLES INSTITUTION,H2 ECONOMICS
RAFFLES INSTITUTION,H2 HISTORY
RAFFLES INSTITUTION,H2 GEOGRAPHY
RAFFLES INSTITUTION,H2 LITERATURE IN ENGLISH
RAFFLES INSTITUTION,H2 COMPUTING
RAFFLES INSTITUTION,H2 ART
RAFFLES INSTITUTION,H2 MUSIC
RAFFLES INSTITUTION,H2 MANAGEMENT OF BUSINESS
RAFFLES INSTITUTION,H2 PRINCIPLES OF ACCOUNTING
RAFFLES INSTITUTION,H1 CHINESE
RAFFLES INSTITUTION,H1 MALAY
RAFFLES INSTITUTION,H1 TAMIL
RED SWASTIKA SCHOOL,ENGLISH LANGUAGE
RED SWASTIKA SCHOOL,MATHEMATICS
RED SWASTIKA SCHOOL,SCIENCE
RED SWASTIKA SCHOOL,CHINESE
RED SWASTIKA SCHOOL,MALAY
RED SWASTIKA SCHOOL,TAMIL
RED SWASTIKA SCHOOL,HIGHER CHINESE
RED SWASTIKA SCHOOL,HIGHER MALAY
RED SWASTIKA SCHOOL,HIGHER TAMIL
RED SWASTIKA SCHOOL,ART
RED SWASTIKA SCHOOL,MUSIC
RED SWASTIKA SCHOOL,PHYSICAL EDUCATION
RED SWASTIKA SCHOOL,SOCIAL STUDIES
REGENT SECONDARY SCHOOL,ENGLISH LANGUAGE
REGENT SECONDARY SCHOOL,MATHEMATICS
REGENT SECONDARY SCHOOL,ADDITIONAL MATHEMATICS
REGENT SECONDARY SCHOOL,SCIENCE (PHY/CHEM)
REGENT SECONDARY SCHOOL,SCIENCE (CHEM/BIO)
REGENT SECONDARY SCHOOL,PHYSICS
REGENT SECONDARY SCHOOL,CHEMISTRY
REGENT SECONDARY SCHOOL,BIOLOGY
REGENT SECONDARY SCHOOL,"COMBINED HUMANITIES (S,G)"
REGENT SECONDARY SCHOOL,"COMBINED HUMANITIES (S,H)"
REGENT SECONDARY SCHOOL,"COMBINED HUMANITIES (S,L)"
REGENT SECONDARY SCHOOL,GEOGRAPHY
REGENT SECONDARY SCHOOL,HISTORY
REGENT SECONDARY SCHOOL,LITERATURE IN ENGLISH
REGENT SECONDARY SCHOOL,PRINCIPLES OF ACCOUNTS
REGENT SECONDARY SCHOOL,DESIGN & TECHNOLOGY
REGENT SECONDARY SCHOOL,FOOD & CONSUMER EDUCATION
REGENT SECONDARY SCHOOL,ART
REGENT SECONDARY SCHOOL,MUSIC
REGENT SECONDARY SCHOOL,CHINESE
REGENT SECONDARY SCHOOL,MALAY
REGENT SECONDARY SCHOOL,TAMIL
REGENT SECONDARY SCHOOL,HIGHER CHINESE
REGENT SECONDARY SCHOOL,HIGHER MALAY
REGENT SECONDARY SCHOOL,HIGHER TAMIL
REGENT SECONDARY SCHOOL,COMPUTING
RIVER VALLEY HIGH SCHOOL,H1 GENERAL PAPER
RIVER VALLEY HIGH SCHOOL,H1 PROJECT WORK
RIVER VALLEY HIGH SCHOOL,H2 MATHEMATICS
RIVER VALLEY HIGH SCHOOL,H2 FURTHER MATHEMATICS
RIVER VALLEY HIGH SCHOOL,H2 PHYSICS
RIVER VALLEY HIGH SCHOOL,H2 CHEMISTRY
RIVER VALLEY HIGH SCHOOL,H2 BIOLOGY
RIVER VALLEY HIGH SCHOOL,H2 ECONOMICS
RIVER VALLEY HIGH SCHOOL,H2 HISTORY
RIVER VALLEY HIGH SCHOOL,H2 GEOGRAPHY
RIVER VALLEY HIGH SCHOOL,H2 LITERATURE IN ENGLISH
RIVER VALLEY HIGH SCHOOL,H2 COMPUTING
RIVER VALLEY HIGH SCHOOL,H2 ART
RIVER VALLEY HIGH SCHOOL,H2 MUSIC
RIVER VALLEY HIGH SCHOOL,H2 MANAGEMENT OF BUSINESS
RIVER VALLEY HIGH SCHOOL,H2 PRINCIPLES OF ACCOUNTING
RIVER VALLEY HIGH SCHOOL,H1 CHINESE
RIVER VALLEY HIGH SCHOOL,H1 MALAY
RIVER VALLEY HIGH SCHOOL,H1 TAMIL
RIVER VALLEY PRIMARY SCHOOL,ENGLISH LANGUAGE
RIVER VALLEY PRIMARY SCHOOL,MATHEMATICS
RIVER VALLEY PRIMARY SCHOOL,SCIENCE
RIVER VALLEY PRIMARY SCHOOL,CHINESE
RIVER VALLEY PRIMARY SCHOOL,MALAY
RIVER VALLEY PRIMARY SCHOOL,TAMIL
RIVER VALLEY PRIMARY SCHOOL,HIGHER CHINESE
RIVER VALLEY PRIMARY SCHOOL,HIGHER MALAY
RIVER VALLEY PRIMARY SCHOOL,HIGHER TAMIL
RIVER VALLEY PRIMARY SCHOOL,ART
RIVER VALLEY PRIMARY SCHOOL,MUSIC
RIVER VALLEY PRIMARY SCHOOL,PHYSICAL EDUCATION
RIVER VALLEY PRIMARY SCHOOL,SOCIAL STUDIES
RIVERSIDE PRIMARY SCHOOL,ENGLISH LANGUAGE
RIVERSIDE PRIMARY SCHOOL,MATHEMATICS
RIVERSIDE PRIMARY SCHOOL,SCIENCE
RIVERSIDE PRIMARY SCHOOL,CHINESE
RIVERSIDE PRIMARY SCHOOL,MALAY
RIVERSIDE PRIMARY SCHOOL,TAMIL
RIVERSIDE PRIMARY SCHOOL,HIGHER CHINESE
RIVERSIDE PRIMARY SCHOOL,HIGHER MALAY
RIVERSIDE PRIMARY SCHOOL,HIGHER TAMIL
RIVERSIDE PRIMARY SCHOOL,ART
RIVERSIDE PRIMARY SCHOOL,MUSIC
RIVERSIDE PRIMARY SCHOOL,PHYSICAL EDUCATION
RIVERSIDE PRIMARY SCHOOL,SOCIAL STUDIES
RIVERSIDE SECONDARY SCHOOL,ENGLISH LANGUAGE
RIVERSIDE SECONDARY SCHOOL,MATHEMATICS
RIVERSIDE SECONDARY SCHOOL,ADDITIONAL MATHEMATICS
RIVERSIDE SECONDARY SCHOOL,SCIENCE (PHY/CHEM)
RIVERSIDE SECONDARY SCHOOL,SCIENCE (CHEM/BIO)
RIVERSIDE SECONDARY SCHOOL,PHYSICS
RIVERSIDE SECONDARY SCHOOL,CHEMISTRY
RIVERSIDE SECONDARY SCHOOL,BIOLOGY
RIVERSIDE SECONDARY SCHOOL,"COMBINED HUMANITIES (S,G)"
RIVERSIDE SECONDARY SCHOOL,"COMBINED HUMANITIES (S,H)"
RIVERSIDE SECONDARY SCHOOL,"COMBINED HUMANITIES (S,L)"
RIVERSIDE SECONDARY SCHOOL,GEOGRAPHY
RIVERSIDE SECONDARY SCHOOL,HISTORY
RIVERSIDE SECONDARY SCHOOL,LITERATURE IN ENGLISH
RIVERSIDE SECONDARY SCHOOL,PRINCIPLES OF ACCOUNTS
RIVERSIDE SECONDARY SCHOOL,DESIGN & TECHNOLOGY
RIVERSIDE SECONDARY SCHOOL,FOOD & CONSUMER EDUCATION
RIVERSIDE SECONDARY SCHOOL,ART
RIVERSIDE SECONDARY SCHOOL,MUSIC
RIVERSIDE SECONDARY SCHOOL,CHINESE
RIVERSIDE SECONDARY SCHOOL,MALAY
RIVERSIDE SECONDARY SCHOOL,TAMIL
RIVERSIDE SECONDARY SCHOOL,HIGHER CHINESE
RIVERSIDE SECONDARY SCHOOL,HIGHER MALAY
RIVERSIDE SECONDARY SCHOOL,HIGHER TAMIL
RIVERSIDE SECONDARY SCHOOL,COMPUTING
RIVERVALE PRIMARY SCHOOL,ENGLISH LANGUAGE
RIVERVALE PRIMARY SCHOOL,MATHEMATICS
RIVERVALE PRIMARY SCHOOL,SCIENCE
RIVERVALE PRIMARY SCHOOL,CHINESE
RIVERVALE PRIMARY SCHOOL,MALAY
RIVERVALE PRIMARY SCHOOL,TAMIL
RIVERVALE PRIMARY SCHOOL,HIGHER CHINESE
RIVERVALE PRIMARY SCHOOL,HIGHER MALAY
RIVERVALE PRIMARY SCHOOL,HIGHER TAMIL
RIVERVALE PRIMARY SCHOOL,ART
RIVERVALE PRIMARY SCHOOL,MUSIC
RIVERVALE PRIMARY SCHOOL,PHYSICAL EDUCATION
RIVERVALE PRIMARY SCHOOL,SOCIAL STUDIES
ROSYTH SCHOOL,ENGLISH LANGUAGE
ROSYTH SCHOOL,MATHEMATICS
ROSYTH SCHOOL,SCIENCE
ROSYTH SCHOOL,CHINESE
ROSYTH SCHOOL,MALAY
ROSYTH SCHOOL,TAMIL
ROSYTH SCHOOL,HIGHER CHINESE
ROSYTH SCHOOL,HIGHER MALAY
ROSYTH SCHOOL,HIGHER TAMIL
ROSYTH SCHOOL,ART
ROSYTH SCHOOL,MUSIC
ROSYTH SCHOOL,PHYSICAL EDUCATION
ROSYTH SCHOOL,SOCIAL STUDIES
RULANG PRIMARY SCHOOL,ENGLISH LANGUAGE
RULANG PRIMARY SCHOOL,MATHEMATICS
RULANG PRIMARY SCHOOL,SCIENCE
RULANG PRIMARY SCHOOL,CHINESE
RULANG PRIMARY SCHOOL,MALAY
RULANG PRIMARY SCHOOL,TAMIL
RULANG PRIMARY SCHOOL,HIGHER CHINESE
RULANG PRIMARY SCHOOL,HIGHER MALAY
RULANG PRIMARY SCHOOL,HIGHER TAMIL
RULANG PRIMARY SCHOOL,ART
RULANG PRIMARY SCHOOL,MUSIC
RULANG PRIMARY SCHOOL,PHYSICAL EDUCATION
RULANG PRIMARY SCHOOL,SOCIAL STUDIES
"SCHOOL OF SCIENCE AND TECHNOLOGY, SINGAPORE",ENGLISH LANGUAGE
"SCHOOL OF SCIENCE AND TECHNOLOGY, SINGAPORE",MATHEMATICS
"SCHOOL OF SCIENCE AND TECHNOLOGY, SINGAPORE",ADDITIONAL MATHEMATICS
"SCHOOL OF SCIENCE AND TECHNOLOGY, SINGAPORE",SCIENCE (PHY/CHEM)
"SCHOOL OF SCIENCE AND TECHNOLOGY, SINGAPORE",SCIENCE (CHEM/BIO)
"SCHOOL OF SCIENCE AND TECHNOLOGY, SINGAPORE",PHYSICS
"SCHOOL OF SCIENCE AND TECHNOLOGY, SINGAPORE",CHEMISTRY
"SCHOOL OF SCIENCE AND TECHNOLOGY, SINGAPORE",BIOLOGY
"SCHOOL OF SCIENCE AND TECHNOLOGY, SINGAPORE","COMBINED HUMANITIES (S,G)"
"SCHOOL OF SCIENCE AND TECHNOLOGY, SINGAPORE","COMBINED HUMANITIES (S,H)"
"SCHOOL OF SCIENCE AND TECHNOLOGY, SINGAPORE","COMBINED HUMANITIES (S,L)"
"SCHOOL OF SCIENCE AND TECHNOLOGY, SINGAPORE",GEOGRAPHY
"SCHOOL OF SCIENCE AND TECHNOLOGY, SINGAPORE",HISTORY
"SCHOOL OF SCIENCE AND TECHNOLOGY, SINGAPORE",LITERATURE IN ENGLISH
"SCHOOL OF SCIENCE AND TECHNOLOGY, SINGAPORE",PRINCIPLES OF ACCOUNTS
"SCHOOL OF SCIENCE AND TECHNOLOGY, SINGAPORE",DESIGN & TECHNOLOGY
"SCHOOL OF SCIENCE AND TECHNOLOGY, SINGAPORE",FOOD & CONSUMER EDUCATION
"SCHOOL OF SCIENCE AND TECHNOLOGY, SINGAPORE",ART
"SCHOOL OF SCIENCE AND TECHNOLOGY, SINGAPORE",MUSIC
"SCHOOL OF SCIENCE AND TECHNOLOGY, SINGAPORE",CHINESE
"SCHOOL OF SCIENCE AND TECHNOLOGY, SINGAPORE",MALAY
"SCHOOL OF SCIENCE AND TECHNOLOGY, SINGAPORE",TAMIL
"SCHOOL OF SCIENCE AND TECHNOLOGY, SINGAPORE",HIGHER CHINESE
"SCHOOL OF SCIENCE AND TECHNOLOGY, SINGAPORE",HIGHER MALAY
"SCHOOL OF SCIENCE AND TECHNOLOGY, SINGAPORE",HIGHER TAMIL
"SCHOOL OF SCIENCE AND TECHNOLOGY, SINGAPORE",COMPUTING
"SCHOOL OF THE ARTS, SINGAPORE",H1 GENERAL PAPER
"SCHOOL OF THE ARTS, SINGAPORE",H1 PROJECT WORK
"SCHOOL OF THE ARTS, SINGAPORE",H2 MATHEMATICS
"SCHOOL OF THE ARTS, SINGAPORE",H2 FURTHER MATHEMATICS
"SCHOOL OF THE ARTS, SINGAPORE",H2 PHYSICS
"SCHOOL OF THE ARTS, SINGAPORE",H2 CHEMISTRY
"SCHOOL OF THE ARTS, SINGAPORE",H2 BIOLOGY
"SCHOOL OF THE ARTS, SINGAPORE",H2 ECONOMICS
"SCHOOL OF THE ARTS, SINGAPORE",H2 HISTORY
"SCHOOL OF THE ARTS, SINGAPORE",H2 GEOGRAPHY
"SCHOOL OF THE ARTS, SINGAPORE",H2 LITERATURE IN ENGLISH
"SCHOOL OF THE ARTS, SINGAPORE",H2 COMPUTING
"SCHOOL OF THE ARTS, SINGAPORE",H2 ART
"SCHOOL OF THE ARTS, SINGAPORE",H2 MUSIC
"SCHOOL OF THE ARTS, SINGAPORE",H2 MANAGEMENT OF BUSINESS
"SCHOOL OF THE ARTS, SINGAPORE",H2 PRINCIPLES OF ACCOUNTING
"SCHOOL OF THE ARTS, SINGAPORE",H1 CHINESE
"SCHOOL OF THE ARTS, SINGAPORE",H1 MALAY
"SCHOOL OF THE ARTS, SINGAPORE",H1 TAMIL
SEMBAWANG PRIMARY SCHOOL,ENGLISH LANGUAGE
SEMBAWANG PRIMARY SCHOOL,MATHEMATICS
SEMBAWANG PRIMARY SCHOOL,SCIENCE
SEMBAWANG PRIMARY SCHOOL,CHINESE
SEMBAWANG PRIMARY SCHOOL,MALAY
SEMBAWANG PRIMARY SCHOOL,TAMIL
SEMBAWANG PRIMARY SCHOOL,HIGHER CHINESE
SEMBAWANG PRIMARY SCHOOL,HIGHER MALAY
SEMBAWANG PRIMARY SCHOOL,HIGHER TAMIL
SEMBAWANG PRIMARY SCHOOL,ART
SEMBAWANG PRIMARY SCHOOL,MUSIC
SEMBAWANG PRIMARY SCHOOL,PHYSICAL EDUCATION
SEMBAWANG PRIMARY SCHOOL,SOCIAL STUDIES
SEMBAWANG SECONDARY SCHOOL,ENGLISH LANGUAGE
SEMBAWANG SECONDARY SCHOOL,MATHEMATICS
SEMBAWANG SECONDARY SCHOOL,ADDITIONAL MATHEMATICS
SEMBAWANG SECONDARY SCHOOL,SCIENCE (PHY/CHEM)
SEMBAWANG SECONDARY SCHOOL,SCIENCE (CHEM/BIO)
SEMBAWANG SECONDARY SCHOOL,PHYSICS
SEMBAWANG SECONDARY SCHOOL,CHEMISTRY
SEMBAWANG SECONDARY SCHOOL,BIOLOGY
SEMBAWANG SECONDARY SCHOOL,"COMBINED HUMANITIES (S,G)"
SEMBAWANG SECONDARY SCHOOL,"COMBINED HUMANITIES (S,H)"
SEMBAWANG SECONDARY SCHOOL,"COMBINED HUMANITIES (S,L)"
SEMBAWANG SECONDARY SCHOOL,GEOGRAPHY
SEMBAWANG SECONDARY SCHOOL,HISTORY
SEMBAWANG SECONDARY SCHOOL,LITERATURE IN ENGLISH
SEMBAWANG SECONDARY SCHOOL,PRINCIPLES OF ACCOUNTS
SEMBAWANG SECONDARY SCHOOL,DESIGN & TECHNOLOGY
SEMBAWANG SECONDARY SCHOOL,FOOD & CONSUMER EDUCATION
SEMBAWANG SECONDARY SCHOOL,ART
SEMBAWANG SECONDARY SCHOOL,MUSIC
SEMBAWANG SECONDARY SCHOOL,CHINESE
SEMBAWANG SECONDARY SCHOOL,MALAY
SEMBAWANG SECONDARY SCHOOL,TAMIL
SEMBAWANG SECONDARY SCHOOL,HIGHER CHINESE
SEMBAWANG SECONDARY SCHOOL,HIGHER MALAY
SEMBAWANG SECONDARY SCHOOL,HIGHER TAMIL
SEMBAWANG SECONDARY SCHOOL,COMPUTING
SENG KANG PRIMARY SCHOOL,ENGLISH LANGUAGE
SENG KANG PRIMARY SCHOOL,MATHEMATICS
SENG KANG PRIMARY SCHOOL,SCIENCE
SENG KANG PRIMARY SCHOOL,CHINESE
SENG KANG PRIMARY SCHOOL,MALAY
SENG KANG PRIMARY SCHOOL,TAMIL
SENG KANG PRIMARY SCHOOL,HIGHER CHINESE
SENG KANG PRIMARY SCHOOL,HIGHER MALAY
SENG KANG PRIMARY SCHOOL,HIGHER TAMIL
SENG KANG PRIMARY SCHOOL,ART
SENG KANG PRIMARY SCHOOL,MUSIC
SENG KANG PRIMARY SCHOOL,PHYSICAL EDUCATION
SENG KANG PRIMARY SCHOOL,SOCIAL STUDIES
SENG KANG SECONDARY SCHOOL,ENGLISH LANGUAGE
SENG KANG SECONDARY SCHOOL,MATHEMATICS
SENG KANG SECONDARY SCHOOL,ADDITIONAL MATHEMATICS
SENG KANG SECONDARY SCHOOL,SCIENCE (PHY/CHEM)
SENG KANG SECONDARY SCHOOL,SCIENCE (CHEM/BIO)
SENG KANG SECONDARY SCHOOL,PHYSICS
SENG KANG SECONDARY SCHOOL,CHEMISTRY
SENG KANG SECONDARY SCHOOL,BIOLOGY
SENG KANG SECONDARY SCHOOL,"COMBINED HUMANITIES (S,G)"
SENG KANG SECONDARY SCHOOL,"COMBINED HUMANITIES (S,H)"
SENG KANG SECONDARY SCHOOL,"COMBINED HUMANITIES (S,L)"
SENG KANG SECONDARY SCHOOL,GEOGRAPHY
SENG KANG SECONDARY SCHOOL,HISTORY
SENG KANG SECONDARY SCHOOL,LITERATURE IN ENGLISH
SENG KANG SECONDARY SCHOOL,PRINCIPLES OF ACCOUNTS
SENG KANG SECONDARY SCHOOL,DESIGN & TECHNOLOGY
SENG KANG SECONDARY SCHOOL,FOOD & CONSUMER EDUCATION
SENG KANG SECONDARY SCHOOL,ART
SENG KANG SECONDARY SCHOOL,MUSIC
SENG KANG SECONDARY SCHOOL,CHINESE
SENG KANG SECONDARY SCHOOL,MALAY
SENG KANG SECONDARY SCHOOL,TAMIL
SENG KANG SECONDARY SCHOOL,HIGHER CHINESE
SENG KANG SECONDARY SCHOOL,HIGHER MALAY
SENG KANG SECONDARY SCHOOL,HIGHER TAMIL
SENG KANG SECONDARY SCHOOL,COMPUTING
SENGKANG GREEN PRIMARY SCHOOL,ENGLISH LANGUAGE
SENGKANG GREEN PRIMARY SCHOOL,MATHEMATICS
SENGKANG GREEN PRIMARY SCHOOL,SCIENCE
SENGKANG GREEN PRIMARY SCHOOL,CHINESE
SENGKANG GREEN PRIMARY SCHOOL,MALAY
SENGKANG GREEN PRIMARY SCHOOL,TAMIL
SENGKANG GREEN PRIMARY SCHOOL,HIGHER CHINESE
SENGKANG GREEN PRIMARY SCHOOL,HIGHER MALAY
SENGKANG GREEN PRIMARY SCHOOL,HIGHER TAMIL
SENGKANG GREEN PRIMARY SCHOOL,ART
SENGKANG GREEN PRIMARY SCHOOL,MUSIC
SENGKANG GREEN PRIMARY SCHOOL,PHYSICAL EDUCATION
SENGKANG GREEN PRIMARY SCHOOL,SOCIAL STUDIES
SERANGOON GARDEN SECONDARY SCHOOL,ENGLISH LANGUAGE
SERANGOON GARDEN SECONDARY SCHOOL,MATHEMATICS
SERANGOON GARDEN SECONDARY SCHOOL,ADDITIONAL MATHEMATICS
SERANGOON GARDEN SECONDARY SCHOOL,SCIENCE (PHY/CHEM)
SERANGOON GARDEN SECONDARY SCHOOL,SCIENCE (CHEM/BIO)
SERANGOON GARDEN SECONDARY SCHOOL,PHYSICS
SERANGOON GARDEN SECONDARY SCHOOL,CHEMISTRY
SERANGOON GARDEN SECONDARY SCHOOL,BIOLOGY
SERANGOON GARDEN SECONDARY SCHOOL,"COMBINED HUMANITIES (S,G)"
SERANGOON GARDEN SECONDARY SCHOOL,"COMBINED HUMANITIES (S,H)"
SERANGOON GARDEN SECONDARY SCHOOL,"COMBINED HUMANITIES (S,L)"
SERANGOON GARDEN SECONDARY SCHOOL,GEOGRAPHY
SERANGOON GARDEN SECONDARY SCHOOL,HISTORY
SERANGOON GARDEN SECONDARY SCHOOL,LITERATURE IN ENGLISH
SERANGOON GARDEN SECONDARY SCHOOL,PRINCIPLES OF ACCOUNTS
SERANGOON GARDEN SECONDARY SCHOOL,DESIGN & TECHNOLOGY
SERANGOON GARDEN SECONDARY SCHOOL,FOOD & CONSUMER EDUCATION
SERANGOON GARDEN SECONDARY SCHOOL,ART
SERANGOON GARDEN SECONDARY SCHOOL,MUSIC
SERANGOON GARDEN SECONDARY SCHOOL,CHINESE
SERANGOON GARDEN SECONDARY SCHOOL,MALAY
SERANGOON GARDEN SECONDARY SCHOOL,TAMIL
SERANGOON GARDEN SECONDARY SCHOOL,HIGHER CHINESE
SERANGOON GARDEN SECONDARY SCHOOL,HIGHER MALAY
SERANGOON GARDEN SECONDARY SCHOOL,HIGHER TAMIL
SERANGOON GARDEN SECONDARY SCHOOL,COMPUTING
SERANGOON SECONDARY SCHOOL,ENGLISH LANGUAGE
SERANGOON SECONDARY SCHOOL,MATHEMATICS
SERANGOON SECONDARY SCHOOL,ADDITIONAL MATHEMATICS
SERANGOON SECONDARY SCHOOL,SCIENCE (PHY/CHEM)
SERANGOON SECONDARY SCHOOL,SCIENCE (CHEM/BIO)
SERANGOON SECONDARY SCHOOL,PHYSICS
SERANGOON SECONDARY SCHOOL,CHEMISTRY
SERANGOON SECONDARY SCHOOL,BIOLOGY
SERANGOON SECONDARY SCHOOL,"COMBINED HUMANITIES (S,G)"
SERANGOON SECONDARY SCHOOL,"COMBINED HUMANITIES (S,H)"
SERANGOON SECONDARY SCHOOL,"COMBINED HUMANITIES (S,L)"
SERANGOON SECONDARY SCHOOL,GEOGRAPHY
SERANGOON SECONDARY SCHOOL,HISTORY
SERANGOON SECONDARY SCHOOL,LITERATURE IN ENGLISH
SERANGOON SECONDARY SCHOOL,PRINCIPLES OF ACCOUNTS
SERANGOON SECONDARY SCHOOL,DESIGN & TECHNOLOGY
SERANGOON SECONDARY SCHOOL,FOOD & CONSUMER EDUCATION
SERANGOON SECONDARY SCHOOL,ART
SERANGOON SECONDARY SCHOOL,MUSIC
SERANGOON SECONDARY SCHOOL,CHINESE
SERANGOON SECONDARY SCHOOL,MALAY
SERANGOON SECONDARY SCHOOL,TAMIL
SERANGOON SECONDARY SCHOOL,HIGHER CHINESE
SERANGOON SECONDARY SCHOOL,HIGHER MALAY
SERANGOON SECONDARY SCHOOL,HIGHER TAMIL
SERANGOON SECONDARY SCHOOL,COMPUTING
SHUQUN PRIMARY SCHOOL,ENGLISH LANGUAGE
SHUQUN PRIMARY SCHOOL,MATHEMATICS
SHUQUN PRIMARY SCHOOL,SCIENCE
SHUQUN PRIMARY SCHOOL,CHINESE
SHUQUN PRIMARY SCHOOL,MALAY
SHUQUN PRIMARY SCHOOL,TAMIL
SHUQUN PRIMARY SCHOOL,HIGHER CHINESE
SHUQUN PRIMARY SCHOOL,HIGHER MALAY
SHUQUN PRIMARY SCHOOL,HIGHER TAMIL
SHUQUN PRIMARY SCHOOL,ART
SHUQUN PRIMARY SCHOOL,MUSIC
SHUQUN PRIMARY SCHOOL,PHYSICAL EDUCATION
SHUQUN PRIMARY SCHOOL,SOCIAL STUDIES
SI LING PRIMARY SCHOOL,ENGLISH LANGUAGE
SI LING PRIMARY SCHOOL,MATHEMATICS
SI LING PRIMARY SCHOOL,SCIENCE
SI LING PRIMARY SCHOOL,CHINESE
SI LING PRIMARY SCHOOL,MALAY
SI LING PRIMARY SCHOOL,TAMIL
SI LING PRIMARY SCHOOL,HIGHER CHINESE
SI LING PRIMARY SCHOOL,HIGHER MALAY
SI LING PRIMARY SCHOOL,HIGHER TAMIL
SI LING PRIMARY SCHOOL,ART
SI LING PRIMARY SCHOOL,MUSIC
SI LING PRIMARY SCHOOL,PHYSICAL EDUCATION
SI LING PRIMARY SCHOOL,SOCIAL STUDIES
SINGAPORE CHINESE GIRLS' PRIMARY SCHOOL,ENGLISH LANGUAGE
SINGAPORE CHINESE GIRLS' PRIMARY SCHOOL,MATHEMATICS
SINGAPORE CHINESE GIRLS' PRIMARY SCHOOL,SCIENCE
SINGAPORE CHINESE GIRLS' PRIMARY SCHOOL,CHINESE
SINGAPORE CHINESE GIRLS' PRIMARY SCHOOL,MALAY
SINGAPORE CHINESE GIRLS' PRIMARY SCHOOL,TAMIL
SINGAPORE CHINESE GIRLS' PRIMARY SCHOOL,HIGHER CHINESE
SINGAPORE CHINESE GIRLS' PRIMARY SCHOOL,HIGHER MALAY
SINGAPORE CHINESE GIRLS' PRIMARY SCHOOL,HIGHER TAMIL
SINGAPORE CHINESE GIRLS' PRIMARY SCHOOL,ART
SINGAPORE CHINESE GIRLS' PRIMARY SCHOOL,MUSIC
SINGAPORE CHINESE GIRLS' PRIMARY SCHOOL,PHYSICAL EDUCATION
SINGAPORE CHINESE GIRLS' PRIMARY SCHOOL,SOCIAL STUDIES
SINGAPORE CHINESE GIRLS' SCHOOL,ENGLISH LANGUAGE
SINGAPORE CHINESE GIRLS' SCHOOL,MATHEMATICS
SINGAPORE CHINESE GIRLS' SCHOOL,ADDITIONAL MATHEMATICS
SINGAPORE CHINESE GIRLS' SCHOOL,SCIENCE (PHY/CHEM)
SINGAPORE CHINESE GIRLS' SCHOOL,SCIENCE (CHEM/BIO)
SINGAPORE CHINESE GIRLS' SCHOOL,PHYSICS
SINGAPORE CHINESE GIRLS' SCHOOL,CHEMISTRY
SINGAPORE CHINESE GIRLS' SCHOOL,BIOLOGY
SINGAPORE CHINESE GIRLS' SCHOOL,"COMBINED HUMANITIES (S,G)"
SINGAPORE CHINESE GIRLS' SCHOOL,"COMBINED HUMANITIES (S,H)"
SINGAPORE CHINESE GIRLS' SCHOOL,"COMBINED HUMANITIES (S,L)"
SINGAPORE CHINESE GIRLS' SCHOOL,GEOGRAPHY
SINGAPORE CHINESE GIRLS' SCHOOL,HISTORY
SINGAPORE CHINESE GIRLS' SCHOOL,LITERATURE IN ENGLISH
SINGAPORE CHINESE GIRLS' SCHOOL,PRINCIPLES OF ACCOUNTS
SINGAPORE CHINESE GIRLS' SCHOOL,DESIGN & TECHNOLOGY
SINGAPORE CHINESE GIRLS' SCHOOL,FOOD & CONSUMER EDUCATION
SINGAPORE CHINESE GIRLS' SCHOOL,ART
SINGAPORE CHINESE GIRLS' SCHOOL,MUSIC
SINGAPORE CHINESE GIRLS' SCHOOL,CHINESE
SINGAPORE CHINESE GIRLS' SCHOOL,MALAY
SINGAPORE CHINESE GIRLS' SCHOOL,TAMIL
SINGAPORE CHINESE GIRLS' SCHOOL,HIGHER CHINESE
SINGAPORE CHINESE GIRLS' SCHOOL,HIGHER MALAY
SINGAPORE CHINESE GIRLS' SCHOOL,HIGHER TAMIL
SINGAPORE CHINESE GIRLS' SCHOOL,COMPUTING
SINGAPORE SPORTS SCHOOL,H1 GENERAL PAPER
SINGAPORE SPORTS SCHOOL,H1 PROJECT WORK
SINGAPORE SPORTS SCHOOL,H2 MATHEMATICS
SINGAPORE SPORTS SCHOOL,H2 FURTHER MATHEMATICS
SINGAPORE SPORTS SCHOOL,H2 PHYSICS
SINGAPORE SPORTS SCHOOL,H2 CHEMISTRY
SINGAPORE SPORTS SCHOOL,H2 BIOLOGY
SINGAPORE SPORTS SCHOOL,H2 ECONOMICS
SINGAPORE SPORTS SCHOOL,H2 HISTORY
SINGAPORE SPORTS SCHOOL,H2 GEOGRAPHY
SINGAPORE SPORTS SCHOOL,H2 LITERATURE IN ENGLISH
SINGAPORE SPORTS SCHOOL,H2 COMPUTING
SINGAPORE SPORTS SCHOOL,H2 ART
SINGAPORE SPORTS SCHOOL,H2 MUSIC
SINGAPORE SPORTS SCHOOL,H2 MANAGEMENT OF BUSINESS
SINGAPORE SPORTS SCHOOL,H2 PRINCIPLES OF ACCOUNTING
SINGAPORE SPORTS SCHOOL,H1 CHINESE
SINGAPORE SPORTS SCHOOL,H1 MALAY
SINGAPORE SPORTS SCHOOL,H1 TAMIL
SOUTH VIEW PRIMARY SCHOOL,ENGLISH LANGUAGE
SOUTH VIEW PRIMARY SCHOOL,MATHEMATICS
SOUTH VIEW PRIMARY SCHOOL,SCIENCE
SOUTH VIEW PRIMARY SCHOOL,CHINESE
SOUTH VIEW PRIMARY SCHOOL,MALAY
SOUTH VIEW PRIMARY SCHOOL,TAMIL
SOUTH VIEW PRIMARY SCHOOL,HIGHER CHINESE
SOUTH VIEW PRIMARY SCHOOL,HIGHER MALAY
SOUTH VIEW PRIMARY SCHOOL,HIGHER TAMIL
SOUTH VIEW PRIMARY SCHOOL,ART
SOUTH VIEW PRIMARY SCHOOL,MUSIC
SOUTH VIEW PRIMARY SCHOOL,PHYSICAL EDUCATION
SOUTH VIEW PRIMARY SCHOOL,SOCIAL STUDIES
SPECTRA SECONDARY SCHOOL,ENGLISH LANGUAGE
SPECTRA SECONDARY SCHOOL,MATHEMATICS
SPECTRA SECONDARY SCHOOL,ADDITIONAL MATHEMATICS
SPECTRA SECONDARY SCHOOL,SCIENCE (PHY/CHEM)
SPECTRA SECONDARY SCHOOL,SCIENCE (CHEM/BIO)
SPECTRA SECONDARY SCHOOL,PHYSICS
SPECTRA SECONDARY SCHOOL,CHEMISTRY
SPECTRA SECONDARY SCHOOL,BIOLOGY
SPECTRA SECONDARY SCHOOL,"COMBINED HUMANITIES (S,G)"
SPECTRA SECONDARY SCHOOL,"COMBINED HUMANITIES (S,H)"
SPECTRA SECONDARY SCHOOL,"COMBINED HUMANITIES (S,L)"
SPECTRA SECONDARY SCHOOL,GEOGRAPHY
SPECTRA SECONDARY SCHOOL,HISTORY
SPECTRA SECONDARY SCHOOL,LITERATURE IN ENGLISH
SPECTRA SECONDARY SCHOOL,PRINCIPLES OF ACCOUNTS
SPECTRA SECONDARY SCHOOL,DESIGN & TECHNOLOGY
SPECTRA SECONDARY SCHOOL,FOOD & CONSUMER EDUCATION
SPECTRA SECONDARY SCHOOL,ART
SPECTRA SECONDARY SCHOOL,MUSIC
SPECTRA SECONDARY SCHOOL,CHINESE
SPECTRA SECONDARY SCHOOL,MALAY
SPECTRA SECONDARY SCHOOL,TAMIL
SPECTRA SECONDARY SCHOOL,HIGHER CHINESE
SPECTRA SECONDARY SCHOOL,HIGHER MALAY
SPECTRA SECONDARY SCHOOL,HIGHER TAMIL
SPECTRA SECONDARY SCHOOL,COMPUTING
SPRINGDALE PRIMARY SCHOOL,ENGLISH LANGUAGE
SPRINGDALE PRIMARY SCHOOL,MATHEMATICS
SPRINGDALE PRIMARY SCHOOL,SCIENCE
SPRINGDALE PRIMARY SCHOOL,CHINESE
SPRINGDALE PRIMARY SCHOOL,MALAY
SPRINGDALE PRIMARY SCHOOL,TAMIL
SPRINGDALE PRIMARY SCHOOL,HIGHER CHINESE
SPRINGDALE PRIMARY SCHOOL,HIGHER MALAY
SPRINGDALE PRIMARY SCHOOL,HIGHER TAMIL
SPRINGDALE PRIMARY SCHOOL,ART
SPRINGDALE PRIMARY SCHOOL,MUSIC
SPRINGDALE PRIMARY SCHOOL,PHYSICAL EDUCATION
SPRINGDALE PRIMARY SCHOOL,SOCIAL STUDIES
SPRINGFIELD SECONDARY SCHOOL,ENGLISH LANGUAGE
SPRINGFIELD SECONDARY SCHOOL,MATHEMATICS
SPRINGFIELD SECONDARY SCHOOL,ADDITIONAL MATHEMATICS
SPRINGFIELD SECONDARY SCHOOL,SCIENCE (PHY/CHEM)
SPRINGFIELD SECONDARY SCHOOL,SCIENCE (CHEM/BIO)
SPRINGFIELD SECONDARY SCHOOL,PHYSICS
SPRINGFIELD SECONDARY SCHOOL,CHEMISTRY
SPRINGFIELD SECONDARY SCHOOL,BIOLOGY
SPRINGFIELD SECONDARY SCHOOL,"COMBINED HUMANITIES (S,G)"
SPRINGFIELD SECONDARY SCHOOL,"COMBINED HUMANITIES (S,H)"
SPRINGFIELD SECONDARY SCHOOL,"COMBINED HUMANITIES (S,L)"
SPRINGFIELD SECONDARY SCHOOL,GEOGRAPHY
SPRINGFIELD SECONDARY SCHOOL,HISTORY
SPRINGFIELD SECONDARY SCHOOL,LITERATURE IN ENGLISH
SPRINGFIELD SECONDARY SCHOOL,PRINCIPLES OF ACCOUNTS
SPRINGFIELD SECONDARY SCHOOL,DESIGN & TECHNOLOGY
SPRINGFIELD SECONDARY SCHOOL,FOOD & CONSUMER EDUCATION
SPRINGFIELD SECONDARY SCHOOL,ART
SPRINGFIELD SECONDARY SCHOOL,MUSIC
SPRINGFIELD SECONDARY SCHOOL,CHINESE
SPRINGFIELD SECONDARY SCHOOL,MALAY
SPRINGFIELD SECONDARY SCHOOL,TAMIL
SPRINGFIELD SECONDARY SCHOOL,HIGHER CHINESE
SPRINGFIELD SECONDARY SCHOOL,HIGHER MALAY
SPRINGFIELD SECONDARY SCHOOL,HIGHER TAMIL
SPRINGFIELD SECONDARY SCHOOL,COMPUTING
ST ANDREW'S JUNIOR COLLEGE,H1 GENERAL PAPER
ST ANDREW'S JUNIOR COLLEGE,H1 PROJECT WORK
ST ANDREW'S JUNIOR COLLEGE,H2 MATHEMATICS
ST ANDREW'S JUNIOR COLLEGE,H2 FURTHER MATHEMATICS
ST ANDREW'S JUNIOR COLLEGE,H2 PHYSICS
ST ANDREW'S JUNIOR COLLEGE,H2 CHEMISTRY
ST ANDREW'S JUNIOR COLLEGE,H2 BIOLOGY
ST ANDREW'S JUNIOR COLLEGE,H2 ECONOMICS
ST ANDREW'S JUNIOR COLLEGE,H2 HISTORY
ST ANDREW'S JUNIOR COLLEGE,H2 GEOGRAPHY
ST ANDREW'S JUNIOR COLLEGE,H2 LITERATURE IN ENGLISH
ST ANDREW'S JUNIOR COLLEGE,H2 COMPUTING
ST ANDREW'S JUNIOR COLLEGE,H2 ART
ST ANDREW'S JUNIOR COLLEGE,H2 MUSIC
ST ANDREW'S JUNIOR COLLEGE,H2 MANAGEMENT OF BUSINESS
ST ANDREW'S JUNIOR COLLEGE,H2 PRINCIPLES OF ACCOUNTING
ST ANDREW'S JUNIOR COLLEGE,H1 CHINESE
ST ANDREW'S JUNIOR COLLEGE,H1 MALAY
ST ANDREW'S JUNIOR COLLEGE,H1 TAMIL
ST ANDREW'S SCHOOL (JUNIOR),ENGLISH LANGUAGE
ST ANDREW'S SCHOOL (JUNIOR),MATHEMATICS
ST ANDREW'S SCHOOL (JUNIOR),SCIENCE
ST ANDREW'S SCHOOL (JUNIOR),CHINESE
ST ANDREW'S SCHOOL (JUNIOR),MALAY
ST ANDREW'S SCHOOL (JUNIOR),TAMIL
ST ANDREW'S SCHOOL (JUNIOR),HIGHER CHINESE
ST ANDREW'S SCHOOL (JUNIOR),HIGHER MALAY
ST ANDREW'S SCHOOL (JUNIOR),HIGHER TAMIL
ST ANDREW'S SCHOOL (JUNIOR),ART
ST ANDREW'S SCHOOL (JUNIOR),MUSIC
ST ANDREW'S SCHOOL (JUNIOR),PHYSICAL EDUCATION
ST ANDREW'S SCHOOL (JUNIOR),SOCIAL STUDIES
ST ANDREW'S SCHOOL (SECONDARY),ENGLISH LANGUAGE
ST ANDREW'S SCHOOL (SECONDARY),MATHEMATICS
ST ANDREW'S SCHOOL (SECONDARY),ADDITIONAL MATHEMATICS
ST ANDREW'S SCHOOL (SECONDARY),SCIENCE (PHY/CHEM)
ST ANDREW'S SCHOOL (SECONDARY),SCIENCE (CHEM/BIO)
ST ANDREW'S SCHOOL (SECONDARY),PHYSICS
ST ANDREW'S SCHOOL (SECONDARY),CHEMISTRY
ST ANDREW'S SCHOOL (SECONDARY),BIOLOGY
ST ANDREW'S SCHOOL (SECONDARY),"COMBINED HUMANITIES (S,G)"
ST ANDREW'S SCHOOL (SECONDARY),"COMBINED HUMANITIES (S,H)"
ST ANDREW'S SCHOOL (SECONDARY),"COMBINED HUMANITIES (S,L)"
ST ANDREW'S SCHOOL (SECONDARY),GEOGRAPHY
ST ANDREW'S SCHOOL (SECONDARY),HISTORY
ST ANDREW'S SCHOOL (SECONDARY),LITERATURE IN ENGLISH
ST ANDREW'S SCHOOL (SECONDARY),PRINCIPLES OF ACCOUNTS
ST ANDREW'S SCHOOL (SECONDARY),DESIGN & TECHNOLOGY
ST ANDREW'S SCHOOL (SECONDARY),FOOD & CONSUMER EDUCATION
ST ANDREW'S SCHOOL (SECONDARY),ART
ST ANDREW'S SCHOOL (SECONDARY),MUSIC
ST ANDREW'S SCHOOL (SECONDARY),CHINESE
ST ANDREW'S SCHOOL (SECONDARY),MALAY
ST ANDREW'S SCHOOL (SECONDARY),TAMIL
ST ANDREW'S SCHOOL (SECONDARY),HIGHER CHINESE
ST ANDREW'S SCHOOL (SECONDARY),HIGHER MALAY
ST ANDREW'S SCHOOL (SECONDARY),HIGHER TAMIL
ST ANDREW'S SCHOOL (SECONDARY),COMPUTING
ST. ANTHONY'S CANOSSIAN PRIMARY SCHOOL,ENGLISH LANGUAGE
ST. ANTHONY'S CANOSSIAN PRIMARY SCHOOL,MATHEMATICS
ST. ANTHONY'S CANOSSIAN PRIMARY SCHOOL,SCIENCE
ST. ANTHONY'S CANOSSIAN PRIMARY SCHOOL,CHINESE
ST. ANTHONY'S CANOSSIAN PRIMARY SCHOOL,MALAY
ST. ANTHONY'S CANOSSIAN PRIMARY SCHOOL,TAMIL
ST. ANTHONY'S CANOSSIAN PRIMARY SCHOOL,HIGHER CHINESE
ST. ANTHONY'S CANOSSIAN PRIMARY SCHOOL,HIGHER MALAY
ST. ANTHONY'S CANOSSIAN PRIMARY SCHOOL,HIGHER TAMIL
ST. ANTHONY'S CANOSSIAN PRIMARY SCHOOL,ART
ST. ANTHONY'S CANOSSIAN PRIMARY SCHOOL,MUSIC
ST. ANTHONY'S CANOSSIAN PRIMARY SCHOOL,PHYSICAL EDUCATION
ST. ANTHONY'S CANOSSIAN PRIMARY SCHOOL,SOCIAL STUDIES
ST. ANTHONY'S CANOSSIAN SECONDARY SCHOOL,ENGLISH LANGUAGE
ST. ANTHONY'S CANOSSIAN SECONDARY SCHOOL,MATHEMATICS
ST. ANTHONY'S CANOSSIAN SECONDARY SCHOOL,ADDITIONAL MATHEMATICS
ST. ANTHONY'S CANOSSIAN SECONDARY SCHOOL,SCIENCE (PHY/CHEM)
ST. ANTHONY'S CANOSSIAN SECONDARY SCHOOL,SCIENCE (CHEM/BIO)
ST. ANTHONY'S CANOSSIAN SECONDARY SCHOOL,PHYSICS
ST. ANTHONY'S CANOSSIAN SECONDARY SCHOOL,CHEMISTRY
ST. ANTHONY'S CANOSSIAN SECONDARY SCHOOL,BIOLOGY
ST. ANTHONY'S CANOSSIAN SECONDARY SCHOOL,"COMBINED HUMANITIES (S,G)"
ST. ANTHONY'S CANOSSIAN SECONDARY SCHOOL,"COMBINED HUMANITIES (S,H)"
ST. ANTHONY'S CANOSSIAN SECONDARY SCHOOL,"COMBINED HUMANITIES (S,L)"
ST. ANTHONY'S CANOSSIAN SECONDARY SCHOOL,GEOGRAPHY
ST. ANTHONY'S CANOSSIAN SECONDARY SCHOOL,HISTORY
ST. ANTHONY'S CANOSSIAN SECONDARY SCHOOL,LITERATURE IN ENGLISH
ST. ANTHONY'S CANOSSIAN SECONDARY SCHOOL,PRINCIPLES OF ACCOUNTS
ST. ANTHONY'S CANOSSIAN SECONDARY SCHOOL,DESIGN & TECHNOLOGY
ST. ANTHONY'S CANOSSIAN SECONDARY SCHOOL,FOOD & CONSUMER EDUCATION
ST. ANTHONY'S CANOSSIAN SECONDARY SCHOOL,ART
ST. ANTHONY'S CANOSSIAN SECONDARY SCHOOL,MUSIC
ST. ANTHONY'S CANOSSIAN SECONDARY SCHOOL,CHINESE
ST. ANTHONY'S CANOSSIAN SECONDARY SCHOOL,MALAY
ST. ANTHONY'S CANOSSIAN SECONDARY SCHOOL,TAMIL
ST. ANTHONY'S CANOSSIAN SECONDARY SCHOOL,HIGHER CHINESE
ST. ANTHONY'S CANOSSIAN SECONDARY SCHOOL,HIGHER MALAY
ST. ANTHONY'S CANOSSIAN SECONDARY SCHOOL,HIGHER TAMIL
ST. ANTHONY'S CANOSSIAN SECONDARY SCHOOL,COMPUTING
ST. ANTHONY'S PRIMARY SCHOOL,ENGLISH LANGUAGE
ST. ANTHONY'S PRIMARY SCHOOL,MATHEMATICS
ST. ANTHONY'S PRIMARY SCHOOL,SCIENCE
ST. ANTHONY'S PRIMARY SCHOOL,CHINESE
ST. ANTHONY'S PRIMARY SCHOOL,MALAY
ST. ANTHONY'S PRIMARY SCHOOL,TAMIL
ST. ANTHONY'S PRIMARY SCHOOL,HIGHER CHINESE
ST. ANTHONY'S PRIMARY SCHOOL,HIGHER MALAY
ST. ANTHONY'S PRIMARY SCHOOL,HIGHER TAMIL
ST. ANTHONY'S PRIMARY SCHOOL,ART
ST. ANTHONY'S PRIMARY SCHOOL,MUSIC
ST. ANTHONY'S PRIMARY SCHOOL,PHYSICAL EDUCATION
ST. ANTHONY'S PRIMARY SCHOOL,SOCIAL STUDIES
ST. GABRIEL'S PRIMARY SCHOOL,ENGLISH LANGUAGE
ST. GABRIEL'S PRIMARY SCHOOL,MATHEMATICS
ST. GABRIEL'S PRIMARY SCHOOL,SCIENCE
ST. GABRIEL'S PRIMARY SCHOOL,CHINESE
ST. GABRIEL'S PRIMARY SCHOOL,MALAY
ST. GABRIEL'S PRIMARY SCHOOL,TAMIL
ST. GABRIEL'S PRIMARY SCHOOL,HIGHER CHINESE
ST. GABRIEL'S PRIMARY SCHOOL,HIGHER MALAY
ST. GABRIEL'S PRIMARY SCHOOL,HIGHER TAMIL
ST. GABRIEL'S PRIMARY SCHOOL,ART
ST. GABRIEL'S PRIMARY SCHOOL,MUSIC
ST. GABRIEL'S PRIMARY SCHOOL,PHYSICAL EDUCATION
ST. GABRIEL'S PRIMARY SCHOOL,SOCIAL STUDIES
ST. GABRIEL'S SECONDARY SCHOOL,ENGLISH LANGUAGE
ST. GABRIEL'S SECONDARY SCHOOL,MATHEMATICS
ST. GABRIEL'S SECONDARY SCHOOL,ADDITIONAL MATHEMATICS
ST. GABRIEL'S SECONDARY SCHOOL,SCIENCE (PHY/CHEM)
ST. GABRIEL'S SECONDARY SCHOOL,SCIENCE (CHEM/BIO)
ST. GABRIEL'S SECONDARY SCHOOL,PHYSICS
ST. GABRIEL'S SECONDARY SCHOOL,CHEMISTRY
ST. GABRIEL'S SECONDARY SCHOOL,BIOLOGY
ST. GABRIEL'S SECONDARY SCHOOL,"COMBINED HUMANITIES (S,G)"
ST. GABRIEL'S SECONDARY SCHOOL,"COMBINED HUMANITIES (S,H)"
ST. GABRIEL'S SECONDARY SCHOOL,"COMBINED HUMANITIES (S,L)"
ST. GABRIEL'S SECONDARY SCHOOL,GEOGRAPHY
ST. GABRIEL'S SECONDARY SCHOOL,HISTORY
ST. GABRIEL'S SECONDARY SCHOOL,LITERATURE IN ENGLISH
ST. GABRIEL'S SECONDARY SCHOOL,PRINCIPLES OF ACCOUNTS
ST. GABRIEL'S SECONDARY SCHOOL,DESIGN & TECHNOLOGY
ST. GABRIEL'S SECONDARY SCHOOL,FOOD & CONSUMER EDUCATION
ST. GABRIEL'S SECONDARY SCHOOL,ART
ST. GABRIEL'S SECONDARY SCHOOL,MUSIC
ST. GABRIEL'S SECONDARY SCHOOL,CHINESE
ST. GABRIEL'S SECONDARY SCHOOL,MALAY
ST. GABRIEL'S SECONDARY SCHOOL,TAMIL
ST. GABRIEL'S SECONDARY SCHOOL,HIGHER CHINESE
ST. GABRIEL'S SECONDARY SCHOOL,HIGHER MALAY
ST. GABRIEL'S SECONDARY SCHOOL,HIGHER TAMIL
ST. GABRIEL'S SECONDARY SCHOOL,COMPUTING
ST. HILDA'S PRIMARY SCHOOL,ENGLISH LANGUAGE
ST. HILDA'S PRIMARY SCHOOL,MATHEMATICS
ST. HILDA'S PRIMARY SCHOOL,SCIENCE
ST. HILDA'S PRIMARY SCHOOL,CHINESE
ST. HILDA'S PRIMARY SCHOOL,MALAY
ST. HILDA'S PRIMARY SCHOOL,TAMIL
ST. HILDA'S PRIMARY SCHOOL,HIGHER CHINESE
ST. HILDA'S PRIMARY SCHOOL,HIGHER MALAY
ST. HILDA'S PRIMARY SCHOOL,HIGHER TAMIL
ST. HILDA'S PRIMARY SCHOOL,ART
ST. HILDA'S PRIMARY SCHOOL,MUSIC
ST. HILDA'S PRIMARY SCHOOL,PHYSICAL EDUCATION
ST. HILDA'S PRIMARY SCHOOL,SOCIAL STUDIES
ST. HILDA'S SECONDARY SCHOOL,ENGLISH LANGUAGE
ST. HILDA'S SECONDARY SCHOOL,MATHEMATICS
ST. HILDA'S SECONDARY SCHOOL,ADDITIONAL MATHEMATICS
ST. HILDA'S SECONDARY SCHOOL,SCIENCE (PHY/CHEM)
ST. HILDA'S SECONDARY SCHOOL,SCIENCE (CHEM/BIO)
ST. HILDA'S SECONDARY SCHOOL,PHYSICS
ST. HILDA'S SECONDARY SCHOOL,CHEMISTRY
ST. HILDA'S SECONDARY SCHOOL,BIOLOGY
ST. HILDA'S SECONDARY SCHOOL,"COMBINED HUMANITIES (S,G)"
ST. HILDA'S SECONDARY SCHOOL,"COMBINED HUMANITIES (S,H)"
ST. HILDA'S SECONDARY SCHOOL,"COMBINED HUMANITIES (S,L)"
ST. HILDA'S SECONDARY SCHOOL,GEOGRAPHY
ST. HILDA'S SECONDARY SCHOOL,HISTORY
ST. HILDA'S SECONDARY SCHOOL,LITERATURE IN ENGLISH
ST. HILDA'S SECONDARY SCHOOL,PRINCIPLES OF ACCOUNTS
ST. HILDA'S SECONDARY SCHOOL,DESIGN & TECHNOLOGY
ST. HILDA'S SECONDARY SCHOOL,FOOD & CONSUMER EDUCATION
ST. HILDA'S SECONDARY SCHOOL,ART
ST. HILDA'S SECONDARY SCHOOL,MUSIC
ST. HILDA'S SECONDARY SCHOOL,CHINESE
ST. HILDA'S SECONDARY SCHOOL,MALAY
ST. HILDA'S SECONDARY SCHOOL,TAMIL
ST. HILDA'S SECONDARY SCHOOL,HIGHER CHINESE
ST. HILDA'S SECONDARY SCHOOL,HIGHER MALAY
ST. HILDA'S SECONDARY SCHOOL,HIGHER TAMIL
ST. HILDA'S SECONDARY SCHOOL,COMPUTING
ST. JOSEPH'S INSTITUTION,H1 GENERAL PAPER
ST. JOSEPH'S INSTITUTION,H1 PROJECT WORK
ST. JOSEPH'S INSTITUTION,H2 MATHEMATICS
ST. JOSEPH'S INSTITUTION,H2 FURTHER MATHEMATICS
ST. JOSEPH'S INSTITUTION,H2 PHYSICS
ST. JOSEPH'S INSTITUTION,H2 CHEMISTRY
ST. JOSEPH'S INSTITUTION,H2 BIOLOGY
ST. JOSEPH'S INSTITUTION,H2 ECONOMICS
ST. JOSEPH'S INSTITUTION,H2 HISTORY
ST. JOSEPH'S INSTITUTION,H2 GEOGRAPHY
ST. JOSEPH'S INSTITUTION,H2 LITERATURE IN ENGLISH
ST. JOSEPH'S INSTITUTION,H2 COMPUTING
ST. JOSEPH'S INSTITUTION,H2 ART
ST. JOSEPH'S INSTITUTION,H2 MUSIC
ST. JOSEPH'S INSTITUTION,H2 MANAGEMENT OF BUSINESS
ST. JOSEPH'S INSTITUTION,H2 PRINCIPLES OF ACCOUNTING
ST. JOSEPH'S INSTITUTION,H1 CHINESE
ST. JOSEPH'S INSTITUTION,H1 MALAY
ST. JOSEPH'S INSTITUTION,H1 TAMIL
ST. JOSEPH'S INSTITUTION JUNIOR,ENGLISH LANGUAGE
ST. JOSEPH'S INSTITUTION JUNIOR,MATHEMATICS
ST. JOSEPH'S INSTITUTION JUNIOR,SCIENCE
ST. JOSEPH'S INSTITUTION JUNIOR,CHINESE
ST. JOSEPH'S INSTITUTION JUNIOR,MALAY
ST. JOSEPH'S INSTITUTION JUNIOR,TAMIL
ST. JOSEPH'S INSTITUTION JUNIOR,HIGHER CHINESE
ST. JOSEPH'S INSTITUTION JUNIOR,HIGHER MALAY
ST. JOSEPH'S INSTITUTION JUNIOR,HIGHER TAMIL
ST. JOSEPH'S INSTITUTION JUNIOR,ART
ST. JOSEPH'S INSTITUTION JUNIOR,MUSIC
ST. JOSEPH'S INSTITUTION JUNIOR,PHYSICAL EDUCATION
ST. JOSEPH'S INSTITUTION JUNIOR,SOCIAL STUDIES
ST. MARGARET'S SCHOOL (PRIMARY),ENGLISH LANGUAGE
ST. MARGARET'S SCHOOL (PRIMARY),MATHEMATICS
ST. MARGARET'S SCHOOL (PRIMARY),SCIENCE
ST. MARGARET'S SCHOOL (PRIMARY),CHINESE
ST. MARGARET'S SCHOOL (PRIMARY),MALAY
ST. MARGARET'S SCHOOL (PRIMARY),TAMIL
ST. MARGARET'S SCHOOL (PRIMARY),HIGHER CHINESE
ST. MARGARET'S SCHOOL (PRIMARY),HIGHER MALAY
ST. MARGARET'S SCHOOL (PRIMARY),HIGHER TAMIL
ST. MARGARET'S SCHOOL (PRIMARY),ART
ST. MARGARET'S SCHOOL (PRIMARY),MUSIC
ST. MARGARET'S SCHOOL (PRIMARY),PHYSICAL EDUCATION
ST. MARGARET'S SCHOOL (PRIMARY),SOCIAL STUDIES
ST. MARGARET'S SCHOOL (SECONDARY),ENGLISH LANGUAGE
ST. MARGARET'S SCHOOL (SECONDARY),MATHEMATICS
ST. MARGARET'S SCHOOL (SECONDARY),ADDITIONAL MATHEMATICS
ST. MARGARET'S SCHOOL (SECONDARY),SCIENCE (PHY/CHEM)
ST. MARGARET'S SCHOOL (SECONDARY),SCIENCE (CHEM/BIO)
ST. MARGARET'S SCHOOL (SECONDARY),PHYSICS
ST. MARGARET'S SCHOOL (SECONDARY),CHEMISTRY
ST. MARGARET'S SCHOOL (SECONDARY),BIOLOGY
ST. MARGARET'S SCHOOL (SECONDARY),"COMBINED HUMANITIES (S,G)"
ST. MARGARET'S SCHOOL (SECONDARY),"COMBINED HUMANITIES (S,H)"
ST. MARGARET'S SCHOOL (SECONDARY),"COMBINED HUMANITIES (S,L)"
ST. MARGARET'S SCHOOL (SECONDARY),GEOGRAPHY
ST. MARGARET'S SCHOOL (SECONDARY),HISTORY
ST. MARGARET'S SCHOOL (SECONDARY),LITERATURE IN ENGLISH
ST. MARGARET'S SCHOOL (SECONDARY),PRINCIPLES OF ACCOUNTS
ST. MARGARET'S SCHOOL (SECONDARY),DESIGN & TECHNOLOGY
ST. MARGARET'S SCHOOL (SECONDARY),FOOD & CONSUMER EDUCATION
ST. MARGARET'S SCHOOL (SECONDARY),ART
ST. MARGARET'S SCHOOL (SECONDARY),MUSIC
ST. MARGARET'S SCHOOL (SECONDARY),CHINESE
ST. MARGARET'S SCHOOL (SECONDARY),MALAY
ST. MARGARET'S SCHOOL (SECONDARY),TAMIL
ST. MARGARET'S SCHOOL (SECONDARY),HIGHER CHINESE
ST. MARGARET'S SCHOOL (SECONDARY),HIGHER MALAY
ST. MARGARET'S SCHOOL (SECONDARY),HIGHER TAMIL
ST. MARGARET'S SCHOOL (SECONDARY),COMPUTING
ST. PATRICK'S SCHOOL,ENGLISH LANGUAGE
ST. PATRICK'S SCHOOL,MATHEMATICS
ST. PATRICK'S SCHOOL,ADDITIONAL MATHEMATICS
ST. PATRICK'S SCHOOL,SCIENCE (PHY/CHEM)
ST. PATRICK'S SCHOOL,SCIENCE (CHEM/BIO)
ST. PATRICK'S SCHOOL,PHYSICS
ST. PATRICK'S SCHOOL,CHEMISTRY
ST. PATRICK'S SCHOOL,BIOLOGY
ST. PATRICK'S SCHOOL,"COMBINED HUMANITIES (S,G)"
ST. PATRICK'S SCHOOL,"COMBINED HUMANITIES (S,H)"
ST. PATRICK'S SCHOOL,"COMBINED HUMANITIES (S,L)"
ST. PATRICK'S SCHOOL,GEOGRAPHY
ST. PATRICK'S SCHOOL,HISTORY
ST. PATRICK'S SCHOOL,LITERATURE IN ENGLISH
ST. PATRICK'S SCHOOL,PRINCIPLES OF ACCOUNTS
ST. PATRICK'S SCHOOL,DESIGN & TECHNOLOGY
ST. PATRICK'S SCHOOL,FOOD & CONSUMER EDUCATION
ST. PATRICK'S SCHOOL,ART
ST. PATRICK'S SCHOOL,MUSIC
ST. PATRICK'S SCHOOL,CHINESE
ST. PATRICK'S SCHOOL,MALAY
ST. PATRICK'S SCHOOL,TAMIL
ST. PATRICK'S SCHOOL,HIGHER CHINESE
ST. PATRICK'S SCHOOL,HIGHER MALAY
ST. PATRICK'S SCHOOL,HIGHER TAMIL
ST. PATRICK'S SCHOOL,COMPUTING
ST. STEPHEN'S SCHOOL,ENGLISH LANGUAGE
ST. STEPHEN'S SCHOOL,MATHEMATICS
ST. STEPHEN'S SCHOOL,SCIENCE
ST. STEPHEN'S SCHOOL,CHINESE
ST. STEPHEN'S SCHOOL,MALAY
ST. STEPHEN'S SCHOOL,TAMIL
ST. STEPHEN'S SCHOOL,HIGHER CHINESE
ST. STEPHEN'S SCHOOL,HIGHER MALAY
ST. STEPHEN'S SCHOOL,HIGHER TAMIL
ST. STEPHEN'S SCHOOL,ART
ST. STEPHEN'S SCHOOL,MUSIC
ST. STEPHEN'S SCHOOL,PHYSICAL EDUCATION
ST. STEPHEN'S SCHOOL,SOCIAL STUDIES
SWISS COTTAGE SECONDARY SCHOOL,ENGLISH LANGUAGE
SWISS COTTAGE SECONDARY SCHOOL,MATHEMATICS
SWISS COTTAGE SECONDARY SCHOOL,ADDITIONAL MATHEMATICS
SWISS COTTAGE SECONDARY SCHOOL,SCIENCE (PHY/CHEM)
SWISS COTTAGE SECONDARY SCHOOL,SCIENCE (CHEM/BIO)
SWISS COTTAGE SECONDARY SCHOOL,PHYSICS
SWISS COTTAGE SECONDARY SCHOOL,CHEMISTRY
SWISS COTTAGE SECONDARY SCHOOL,BIOLOGY
SWISS COTTAGE SECONDARY SCHOOL,"COMBINED HUMANITIES (S,G)"
SWISS COTTAGE SECONDARY SCHOOL,"COMBINED HUMANITIES (S,H)"
SWISS COTTAGE SECONDARY SCHOOL,"COMBINED HUMANITIES (S,L)"
SWISS COTTAGE SECONDARY SCHOOL,GEOGRAPHY
SWISS COTTAGE SECONDARY SCHOOL,HISTORY
SWISS COTTAGE SECONDARY SCHOOL,LITERATURE IN ENGLISH
SWISS COTTAGE SECONDARY SCHOOL,PRINCIPLES OF ACCOUNTS
SWISS COTTAGE SECONDARY SCHOOL,DESIGN & TECHNOLOGY
SWISS COTTAGE SECONDARY SCHOOL,FOOD & CONSUMER EDUCATION
SWISS COTTAGE SECONDARY SCHOOL,ART
SWISS COTTAGE SECONDARY SCHOOL,MUSIC
SWISS COTTAGE SECONDARY SCHOOL,CHINESE
SWISS COTTAGE SECONDARY SCHOOL,MALAY
SWISS COTTAGE SECONDARY SCHOOL,TAMIL
SWISS COTTAGE SECONDARY SCHOOL,HIGHER CHINESE
SWISS COTTAGE SECONDARY SCHOOL,HIGHER MALAY
SWISS COTTAGE SECONDARY SCHOOL,HIGHER TAMIL
SWISS COTTAGE SECONDARY SCHOOL,COMPUTING
TAMPINES MERIDIAN JUNIOR COLLEGE,H1 GENERAL PAPER
TAMPINES MERIDIAN JUNIOR COLLEGE,H1 PROJECT WORK
TAMPINES MERIDIAN JUNIOR COLLEGE,H2 MATHEMATICS
TAMPINES MERIDIAN JUNIOR COLLEGE,H2 FURTHER MATHEMATICS
TAMPINES MERIDIAN JUNIOR COLLEGE,H2 PHYSICS
TAMPINES MERIDIAN JUNIOR COLLEGE,H2 CHEMISTRY
TAMPINES MERIDIAN JUNIOR COLLEGE,H2 BIOLOGY
TAMPINES MERIDIAN JUNIOR COLLEGE,H2 ECONOMICS
TAMPINES MERIDIAN JUNIOR COLLEGE,H2 HISTORY
TAMPINES MERIDIAN JUNIOR COLLEGE,H2 GEOGRAPHY
TAMPINES MERIDIAN JUNIOR COLLEGE,H2 LITERATURE IN ENGLISH
TAMPINES MERIDIAN JUNIOR COLLEGE,H2 COMPUTING
TAMPINES MERIDIAN JUNIOR COLLEGE,H2 ART
TAMPINES MERIDIAN JUNIOR COLLEGE,H2 MUSIC
TAMPINES MERIDIAN JUNIOR COLLEGE,H2 MANAGEMENT OF BUSINESS
TAMPINES MERIDIAN JUNIOR COLLEGE,H2 PRINCIPLES OF ACCOUNTING
TAMPINES MERIDIAN JUNIOR COLLEGE,H1 CHINESE
TAMPINES MERIDIAN JUNIOR COLLEGE,H1 MALAY
TAMPINES MERIDIAN JUNIOR COLLEGE,H1 TAMIL
TAMPINES NORTH PRIMARY SCHOOL,ENGLISH LANGUAGE
TAMPINES NORTH PRIMARY SCHOOL,MATHEMATICS
TAMPINES NORTH PRIMARY SCHOOL,SCIENCE
TAMPINES NORTH PRIMARY SCHOOL,CHINESE
TAMPINES NORTH PRIMARY SCHOOL,MALAY
TAMPINES NORTH PRIMARY SCHOOL,TAMIL
TAMPINES NORTH PRIMARY SCHOOL,HIGHER CHINESE
TAMPINES NORTH PRIMARY SCHOOL,HIGHER MALAY
TAMPINES NORTH PRIMARY SCHOOL,HIGHER TAMIL
TAMPINES NORTH PRIMARY SCHOOL,ART
TAMPINES NORTH PRIMARY SCHOOL,MUSIC
TAMPINES NORTH PRIMARY SCHOOL,PHYSICAL EDUCATION
TAMPINES NORTH PRIMARY SCHOOL,SOCIAL STUDIES
TAMPINES PRIMARY SCHOOL,ENGLISH LANGUAGE
TAMPINES PRIMARY SCHOOL,MATHEMATICS
TAMPINES PRIMARY SCHOOL,SCIENCE
TAMPINES PRIMARY SCHOOL,CHINESE
TAMPINES PRIMARY SCHOOL,MALAY
TAMPINES PRIMARY SCHOOL,TAMIL
TAMPINES PRIMARY SCHOOL,HIGHER CHINESE
TAMPINES PRIMARY SCHOOL,HIGHER MALAY
TAMPINES PRIMARY SCHOOL,HIGHER TAMIL
TAMPINES PRIMARY SCHOOL,ART
TAMPINES PRIMARY SCHOOL,MUSIC
TAMPINES PRIMARY SCHOOL,PHYSICAL EDUCATION
TAMPINES PRIMARY SCHOOL,SOCIAL STUDIES
TAMPINES SECONDARY SCHOOL,ENGLISH LANGUAGE
TAMPINES SECONDARY SCHOOL,MATHEMATICS
TAMPINES SECONDARY SCHOOL,ADDITIONAL MATHEMATICS
TAMPINES SECONDARY SCHOOL,SCIENCE (PHY/CHEM)
TAMPINES SECONDARY SCHOOL,SCIENCE (CHEM/BIO)
TAMPINES SECONDARY SCHOOL,PHYSICS
TAMPINES SECONDARY SCHOOL,CHEMISTRY
TAMPINES SECONDARY SCHOOL,BIOLOGY
TAMPINES SECONDARY SCHOOL,"COMBINED HUMANITIES (S,G)"
TAMPINES SECONDARY SCHOOL,"COMBINED HUMANITIES (S,H)"
TAMPINES SECONDARY SCHOOL,"COMBINED HUMANITIES (S,L)"
TAMPINES SECONDARY SCHOOL,GEOGRAPHY
TAMPINES SECONDARY SCHOOL,HISTORY
TAMPINES SECONDARY SCHOOL,LITERATURE IN ENGLISH
TAMPINES SECONDARY SCHOOL,PRINCIPLES OF ACCOUNTS
TAMPINES SECONDARY SCHOOL,DESIGN & TECHNOLOGY
TAMPINES SECONDARY SCHOOL,FOOD & CONSUMER EDUCATION
TAMPINES SECONDARY SCHOOL,ART
TAMPINES SECONDARY SCHOOL,MUSIC
TAMPINES SECONDARY SCHOOL,CHINESE
TAMPINES SECONDARY SCHOOL,MALAY
TAMPINES SECONDARY SCHOOL,TAMIL
TAMPINES SECONDARY SCHOOL,HIGHER CHINESE
TAMPINES SECONDARY SCHOOL,HIGHER MALAY
TAMPINES SECONDARY SCHOOL,HIGHER TAMIL
TAMPINES SECONDARY SCHOOL,COMPUTING
TANJONG KATONG GIRLS' SCHOOL,ENGLISH LANGUAGE
TANJONG KATONG GIRLS' SCHOOL,MATHEMATICS
TANJONG KATONG GIRLS' SCHOOL,ADDITIONAL MATHEMATICS
TANJONG KATONG GIRLS' SCHOOL,SCIENCE (PHY/CHEM)
TANJONG KATONG GIRLS' SCHOOL,SCIENCE (CHEM/BIO)
TANJONG KATONG GIRLS' SCHOOL,PHYSICS
TANJONG KATONG GIRLS' SCHOOL,CHEMISTRY
TANJONG KATONG GIRLS' SCHOOL,BIOLOGY
TANJONG KATONG GIRLS' SCHOOL,"COMBINED HUMANITIES (S,G)"
TANJONG KATONG GIRLS' SCHOOL,"COMBINED HUMANITIES (S,H)"
TANJONG KATONG GIRLS' SCHOOL,"COMBINED HUMANITIES (S,L)"
TANJONG KATONG GIRLS' SCHOOL,GEOGRAPHY
TANJONG KATONG GIRLS' SCHOOL,HISTORY
TANJONG KATONG GIRLS' SCHOOL,LITERATURE IN ENGLISH
TANJONG KATONG GIRLS' SCHOOL,PRINCIPLES OF ACCOUNTS
TANJONG KATONG GIRLS' SCHOOL,DESIGN & TECHNOLOGY
TANJONG KATONG GIRLS' SCHOOL,FOOD & CONSUMER EDUCATION
TANJONG KATONG GIRLS' SCHOOL,ART
TANJONG KATONG GIRLS' SCHOOL,MUSIC
TANJONG KATONG GIRLS' SCHOOL,CHINESE
TANJONG KATONG GIRLS' SCHOOL,MALAY
TANJONG KATONG GIRLS' SCHOOL,TAMIL
TANJONG KATONG GIRLS' SCHOOL,HIGHER CHINESE
TANJONG KATONG GIRLS' SCHOOL,HIGHER MALAY
TANJONG KATONG GIRLS' SCHOOL,HIGHER TAMIL
TANJONG KATONG GIRLS' SCHOOL,COMPUTING
TANJONG KATONG PRIMARY SCHOOL,ENGLISH LANGUAGE
TANJONG KATONG PRIMARY SCHOOL,MATHEMATICS
TANJONG KATONG PRIMARY SCHOOL,SCIENCE
TANJONG KATONG PRIMARY SCHOOL,CHINESE
TANJONG KATONG PRIMARY SCHOOL,MALAY
TANJONG KATONG PRIMARY SCHOOL,TAMIL
TANJONG KATONG PRIMARY SCHOOL,HIGHER CHINESE
TANJONG KATONG PRIMARY SCHOOL,HIGHER MALAY
TANJONG KATONG PRIMARY SCHOOL,HIGHER TAMIL
TANJONG KATONG PRIMARY SCHOOL,ART
TANJONG KATONG PRIMARY SCHOOL,MUSIC
TANJONG KATONG PRIMARY SCHOOL,PHYSICAL EDUCATION
TANJONG KATONG PRIMARY SCHOOL,SOCIAL STUDIES
TANJONG KATONG SECONDARY SCHOOL,ENGLISH LANGUAGE
TANJONG KATONG SECONDARY SCHOOL,MATHEMATICS
TANJONG KATONG SECONDARY SCHOOL,ADDITIONAL MATHEMATICS
TANJONG KATONG SECONDARY SCHOOL,SCIENCE (PHY/CHEM)
TANJONG KATONG SECONDARY SCHOOL,SCIENCE (CHEM/BIO)
TANJONG KATONG SECONDARY SCHOOL,PHYSICS
TANJONG KATONG SECONDARY SCHOOL,CHEMISTRY
TANJONG KATONG SECONDARY SCHOOL,BIOLOGY
TANJONG KATONG SECONDARY SCHOOL,"COMBINED HUMANITIES (S,G)"
TANJONG KATONG SECONDARY SCHOOL,"COMBINED HUMANITIES (S,H)"
TANJONG KATONG SECONDARY SCHOOL,"COMBINED HUMANITIES (S,L)"
TANJONG KATONG SECONDARY SCHOOL,GEOGRAPHY
TANJONG KATONG SECONDARY SCHOOL,HISTORY
TANJONG KATONG SECONDARY SCHOOL,LITERATURE IN ENGLISH
TANJONG KATONG SECONDARY SCHOOL,PRINCIPLES OF ACCOUNTS
TANJONG KATONG SECONDARY SCHOOL,DESIGN & TECHNOLOGY
TANJONG KATONG SECONDARY SCHOOL,FOOD & CONSUMER EDUCATION
TANJONG KATONG SECONDARY SCHOOL,ART
TANJONG KATONG SECONDARY SCHOOL,MUSIC
TANJONG KATONG SECONDARY SCHOOL,CHINESE
TANJONG KATONG SECONDARY SCHOOL,MALAY
TANJONG KATONG SECONDARY SCHOOL,TAMIL
TANJONG KATONG SECONDARY SCHOOL,HIGHER CHINESE
TANJONG KATONG SECONDARY SCHOOL,HIGHER MALAY
TANJONG KATONG SECONDARY SCHOOL,HIGHER TAMIL
TANJONG KATONG SECONDARY SCHOOL,COMPUTING
TAO NAN SCHOOL,ENGLISH LANGUAGE
TAO NAN SCHOOL,MATHEMATICS
TAO NAN SCHOOL,SCIENCE
TAO NAN SCHOOL,CHINESE
TAO NAN SCHOOL,MALAY
TAO NAN SCHOOL,TAMIL
TAO NAN SCHOOL,HIGHER CHINESE
TAO NAN SCHOOL,HIGHER MALAY
TAO NAN SCHOOL,HIGHER TAMIL
TAO NAN SCHOOL,ART
TAO NAN SCHOOL,MUSIC
TAO NAN SCHOOL,PHYSICAL EDUCATION
TAO NAN SCHOOL,SOCIAL STUDIES
TECK GHEE PRIMARY SCHOOL,ENGLISH LANGUAGE
TECK GHEE PRIMARY SCHOOL,MATHEMATICS
TECK GHEE PRIMARY SCHOOL,SCIENCE
TECK GHEE PRIMARY SCHOOL,CHINESE
TECK GHEE PRIMARY SCHOOL,MALAY
TECK GHEE PRIMARY SCHOOL,TAMIL
TECK GHEE PRIMARY SCHOOL,HIGHER CHINESE
TECK GHEE PRIMARY SCHOOL,HIGHER MALAY
TECK GHEE PRIMARY SCHOOL,HIGHER TAMIL
TECK GHEE PRIMARY SCHOOL,ART
TECK GHEE PRIMARY SCHOOL,MUSIC
TECK GHEE PRIMARY SCHOOL,PHYSICAL EDUCATION
TECK GHEE PRIMARY SCHOOL,SOCIAL STUDIES
TECK WHYE PRIMARY SCHOOL,ENGLISH LANGUAGE
TECK WHYE PRIMARY SCHOOL,MATHEMATICS
TECK WHYE PRIMARY SCHOOL,SCIENCE
TECK WHYE PRIMARY SCHOOL,CHINESE
TECK WHYE PRIMARY SCHOOL,MALAY
TECK WHYE PRIMARY SCHOOL,TAMIL
TECK WHYE PRIMARY SCHOOL,HIGHER CHINESE
TECK WHYE PRIMARY SCHOOL,HIGHER MALAY
TECK WHYE PRIMARY SCHOOL,HIGHER TAMIL
TECK WHYE PRIMARY SCHOOL,ART
TECK WHYE PRIMARY SCHOOL,MUSIC
TECK WHYE PRIMARY SCHOOL,PHYSICAL EDUCATION
TECK WHYE PRIMARY SCHOOL,SOCIAL STUDIES
TELOK KURAU PRIMARY SCHOOL,ENGLISH LANGUAGE
TELOK KURAU PRIMARY SCHOOL,MATHEMATICS
TELOK KURAU PRIMARY SCHOOL,SCIENCE
TELOK KURAU PRIMARY SCHOOL,CHINESE
TELOK KURAU PRIMARY SCHOOL,MALAY
TELOK KURAU PRIMARY SCHOOL,TAMIL
TELOK KURAU PRIMARY SCHOOL,HIGHER CHINESE
TELOK KURAU PRIMARY SCHOOL,HIGHER MALAY
TELOK KURAU PRIMARY SCHOOL,HIGHER TAMIL
TELOK KURAU PRIMARY SCHOOL,ART
TELOK KURAU PRIMARY SCHOOL,MUSIC
TELOK KURAU PRIMARY SCHOOL,PHYSICAL EDUCATION
TELOK KURAU PRIMARY SCHOOL,SOCIAL STUDIES
TEMASEK JUNIOR COLLEGE,H1 GENERAL PAPER
TEMASEK JUNIOR COLLEGE,H1 PROJECT WORK
TEMASEK JUNIOR COLLEGE,H2 MATHEMATICS
TEMASEK JUNIOR COLLEGE,H2 FURTHER MATHEMATICS
TEMASEK JUNIOR COLLEGE,H2 PHYSICS
TEMASEK JUNIOR COLLEGE,H2 CHEMISTRY
TEMASEK JUNIOR COLLEGE,H2 BIOLOGY
TEMASEK JUNIOR COLLEGE,H2 ECONOMICS
TEMASEK JUNIOR COLLEGE,H2 HISTORY
TEMASEK JUNIOR COLLEGE,H2 GEOGRAPHY
TEMASEK JUNIOR COLLEGE,H2 LITERATURE IN ENGLISH
TEMASEK JUNIOR COLLEGE,H2 COMPUTING
TEMASEK JUNIOR COLLEGE,H2 ART
TEMASEK JUNIOR COLLEGE,H2 MUSIC
TEMASEK JUNIOR COLLEGE,H2 MANAGEMENT OF BUSINESS
TEMASEK JUNIOR COLLEGE,H2 PRINCIPLES OF ACCOUNTING
TEMASEK JUNIOR COLLEGE,H1 CHINESE
TEMASEK JUNIOR COLLEGE,H1 MALAY
TEMASEK JUNIOR COLLEGE,H1 TAMIL
TEMASEK PRIMARY SCHOOL,ENGLISH LANGUAGE
TEMASEK PRIMARY SCHOOL,MATHEMATICS
TEMASEK PRIMARY SCHOOL,SCIENCE
TEMASEK PRIMARY SCHOOL,CHINESE
TEMASEK PRIMARY SCHOOL,MALAY
TEMASEK PRIMARY SCHOOL,TAMIL
TEMASEK PRIMARY SCHOOL,HIGHER CHINESE
TEMASEK PRIMARY SCHOOL,HIGHER MALAY
TEMASEK PRIMARY SCHOOL,HIGHER TAMIL
TEMASEK PRIMARY SCHOOL,ART
TEMASEK PRIMARY SCHOOL,MUSIC
TEMASEK PRIMARY SCHOOL,PHYSICAL EDUCATION
TEMASEK PRIMARY SCHOOL,SOCIAL STUDIES
TEMASEK SECONDARY SCHOOL,ENGLISH LANGUAGE
TEMASEK SECONDARY SCHOOL,MATHEMATICS
TEMASEK SECONDARY SCHOOL,ADDITIONAL MATHEMATICS
TEMASEK SECONDARY SCHOOL,SCIENCE (PHY/CHEM)
TEMASEK SECONDARY SCHOOL,SCIENCE (CHEM/BIO)
TEMASEK SECONDARY SCHOOL,PHYSICS
TEMASEK SECONDARY SCHOOL,CHEMISTRY
TEMASEK SECONDARY SCHOOL,BIOLOGY
TEMASEK SECONDARY SCHOOL,"COMBINED HUMANITIES (S,G)"
TEMASEK SECONDARY SCHOOL,"COMBINED HUMANITIES (S,H)"
TEMASEK SECONDARY SCHOOL,"COMBINED HUMANITIES (S,L)"
TEMASEK SECONDARY SCHOOL,GEOGRAPHY
TEMASEK SECONDARY SCHOOL,HISTORY
TEMASEK SECONDARY SCHOOL,LITERATURE IN ENGLISH
TEMASEK SECONDARY SCHOOL,PRINCIPLES OF ACCOUNTS
TEMASEK SECONDARY SCHOOL,DESIGN & TECHNOLOGY
TEMASEK SECONDARY SCHOOL,FOOD & CONSUMER EDUCATION
TEMASEK SECONDARY SCHOOL,ART
TEMASEK SECONDARY SCHOOL,MUSIC
TEMASEK SECONDARY SCHOOL,CHINESE
TEMASEK SECONDARY SCHOOL,MALAY
TEMASEK SECONDARY SCHOOL,TAMIL
TEMASEK SECONDARY SCHOOL,HIGHER CHINESE
TEMASEK SECONDARY SCHOOL,HIGHER MALAY
TEMASEK SECONDARY SCHOOL,HIGHER TAMIL
TEMASEK SECONDARY SCHOOL,COMPUTING
TOWNSVILLE PRIMARY SCHOOL,ENGLISH LANGUAGE
TOWNSVILLE PRIMARY SCHOOL,MATHEMATICS
TOWNSVILLE PRIMARY SCHOOL,SCIENCE
TOWNSVILLE PRIMARY SCHOOL,CHINESE
TOWNSVILLE PRIMARY SCHOOL,MALAY
TOWNSVILLE PRIMARY SCHOOL,TAMIL
TOWNSVILLE PRIMARY SCHOOL,HIGHER CHINESE
TOWNSVILLE PRIMARY SCHOOL,HIGHER MALAY
TOWNSVILLE PRIMARY SCHOOL,HIGHER TAMIL
TOWNSVILLE PRIMARY SCHOOL,ART
TOWNSVILLE PRIMARY SCHOOL,MUSIC
TOWNSVILLE PRIMARY SCHOOL,PHYSICAL EDUCATION
TOWNSVILLE PRIMARY SCHOOL,SOCIAL STUDIES
UNITY PRIMARY SCHOOL,ENGLISH LANGUAGE
UNITY PRIMARY SCHOOL,MATHEMATICS
UNITY PRIMARY SCHOOL,SCIENCE
UNITY PRIMARY SCHOOL,CHINESE
UNITY PRIMARY SCHOOL,MALAY
UNITY PRIMARY SCHOOL,TAMIL
UNITY PRIMARY SCHOOL,HIGHER CHINESE
UNITY PRIMARY SCHOOL,HIGHER MALAY
UNITY PRIMARY SCHOOL,HIGHER TAMIL
UNITY PRIMARY SCHOOL,ART
UNITY PRIMARY SCHOOL,MUSIC
UNITY PRIMARY SCHOOL,PHYSICAL EDUCATION
UNITY PRIMARY SCHOOL,SOCIAL STUDIES
UNITY SECONDARY SCHOOL,ENGLISH LANGUAGE
UNITY SECONDARY SCHOOL,MATHEMATICS
UNITY SECONDARY SCHOOL,ADDITIONAL MATHEMATICS
UNITY SECONDARY SCHOOL,SCIENCE (PHY/CHEM)
UNITY SECONDARY SCHOOL,SCIENCE (CHEM/BIO)
UNITY SECONDARY SCHOOL,PHYSICS
UNITY SECONDARY SCHOOL,CHEMISTRY
UNITY SECONDARY SCHOOL,BIOLOGY
UNITY SECONDARY SCHOOL,"COMBINED HUMANITIES (S,G)"
UNITY SECONDARY SCHOOL,"COMBINED HUMANITIES (S,H)"
UNITY SECONDARY SCHOOL,"COMBINED HUMANITIES (S,L)"
UNITY SECONDARY SCHOOL,GEOGRAPHY
UNITY SECONDARY SCHOOL,HISTORY
UNITY SECONDARY SCHOOL,LITERATURE IN ENGLISH
UNITY SECONDARY SCHOOL,PRINCIPLES OF ACCOUNTS
UNITY SECONDARY SCHOOL,DESIGN & TECHNOLOGY
UNITY SECONDARY SCHOOL,FOOD & CONSUMER EDUCATION
UNITY SECONDARY SCHOOL,ART
UNITY SECONDARY SCHOOL,MUSIC
UNITY SECONDARY SCHOOL,CHINESE
UNITY SECONDARY SCHOOL,MALAY
UNITY SECONDARY SCHOOL,TAMIL
UNITY SECONDARY SCHOOL,HIGHER CHINESE
UNITY SECONDARY SCHOOL,HIGHER MALAY
UNITY SECONDARY SCHOOL,HIGHER TAMIL
UNITY SECONDARY SCHOOL,COMPUTING
VALOUR PRIMARY SCHOOL,ENGLISH LANGUAGE
VALOUR PRIMARY SCHOOL,MATHEMATICS
VALOUR PRIMARY SCHOOL,SCIENCE
VALOUR PRIMARY SCHOOL,CHINESE
VALOUR PRIMARY SCHOOL,MALAY
VALOUR PRIMARY SCHOOL,TAMIL
VALOUR PRIMARY SCHOOL,HIGHER CHINESE
VALOUR PRIMARY SCHOOL,HIGHER MALAY
VALOUR PRIMARY SCHOOL,HIGHER TAMIL
VALOUR PRIMARY SCHOOL,ART
VALOUR PRIMARY SCHOOL,MUSIC
VALOUR PRIMARY SCHOOL,PHYSICAL EDUCATION
VALOUR PRIMARY SCHOOL,SOCIAL STUDIES
VICTORIA JUNIOR COLLEGE,H1 GENERAL PAPER
VICTORIA JUNIOR COLLEGE,H1 PROJECT WORK
VICTORIA JUNIOR COLLEGE,H2 MATHEMATICS
VICTORIA JUNIOR COLLEGE,H2 FURTHER MATHEMATICS
VICTORIA JUNIOR COLLEGE,H2 PHYSICS
VICTORIA JUNIOR COLLEGE,H2 CHEMISTRY
VICTORIA JUNIOR COLLEGE,H2 BIOLOGY
VICTORIA JUNIOR COLLEGE,H2 ECONOMICS
VICTORIA JUNIOR COLLEGE,H2 HISTORY
VICTORIA JUNIOR COLLEGE,H2 GEOGRAPHY
VICTORIA JUNIOR COLLEGE,H2 LITERATURE IN ENGLISH
VICTORIA JUNIOR COLLEGE,H2 COMPUTING
VICTORIA JUNIOR COLLEGE,H2 ART
VICTORIA JUNIOR COLLEGE,H2 MUSIC
VICTORIA JUNIOR COLLEGE,H2 MANAGEMENT OF BUSINESS
VICTORIA JUNIOR COLLEGE,H2 PRINCIPLES OF ACCOUNTING
VICTORIA JUNIOR COLLEGE,H1 CHINESE
VICTORIA JUNIOR COLLEGE,H1 MALAY
VICTORIA JUNIOR COLLEGE,H1 TAMIL
VICTORIA SCHOOL,ENGLISH LANGUAGE
VICTORIA SCHOOL,MATHEMATICS
VICTORIA SCHOOL,ADDITIONAL MATHEMATICS
VICTORIA SCHOOL,SCIENCE (PHY/CHEM)
VICTORIA SCHOOL,SCIENCE (CHEM/BIO)
VICTORIA SCHOOL,PHYSICS
VICTORIA SCHOOL,CHEMISTRY
VICTORIA SCHOOL,BIOLOGY
VICTORIA SCHOOL,"COMBINED HUMANITIES (S,G)"
VICTORIA SCHOOL,"COMBINED HUMANITIES (S,H)"
VICTORIA SCHOOL,"COMBINED HUMANITIES (S,L)"
VICTORIA SCHOOL,GEOGRAPHY
VICTORIA SCHOOL,HISTORY
VICTORIA SCHOOL,LITERATURE IN ENGLISH
VICTORIA SCHOOL,PRINCIPLES OF ACCOUNTS
VICTORIA SCHOOL,DESIGN & TECHNOLOGY
VICTORIA SCHOOL,FOOD & CONSUMER EDUCATION
VICTORIA SCHOOL,ART
VICTORIA SCHOOL,MUSIC
VICTORIA SCHOOL,CHINESE
VICTORIA SCHOOL,MALAY
VICTORIA SCHOOL,TAMIL
VICTORIA SCHOOL,HIGHER CHINESE
VICTORIA SCHOOL,HIGHER MALAY
VICTORIA SCHOOL,HIGHER TAMIL
VICTORIA SCHOOL,COMPUTING
WATERWAY PRIMARY SCHOOL,ENGLISH LANGUAGE
WATERWAY PRIMARY SCHOOL,MATHEMATICS
WATERWAY PRIMARY SCHOOL,SCIENCE
WATERWAY PRIMARY SCHOOL,CHINESE
WATERWAY PRIMARY SCHOOL,MALAY
WATERWAY PRIMARY SCHOOL,TAMIL
WATERWAY PRIMARY SCHOOL,HIGHER CHINESE
WATERWAY PRIMARY SCHOOL,HIGHER MALAY
WATERWAY PRIMARY SCHOOL,HIGHER TAMIL
WATERWAY PRIMARY SCHOOL,ART
WATERWAY PRIMARY SCHOOL,MUSIC
WATERWAY PRIMARY SCHOOL,PHYSICAL EDUCATION
WATERWAY PRIMARY SCHOOL,SOCIAL STUDIES
WELLINGTON PRIMARY SCHOOL,ENGLISH LANGUAGE
WELLINGTON PRIMARY SCHOOL,MATHEMATICS
WELLINGTON PRIMARY SCHOOL,SCIENCE
WELLINGTON PRIMARY SCHOOL,CHINESE
WELLINGTON PRIMARY SCHOOL,MALAY
WELLINGTON PRIMARY SCHOOL,TAMIL
WELLINGTON PRIMARY SCHOOL,HIGHER CHINESE
WELLINGTON PRIMARY SCHOOL,HIGHER MALAY
WELLINGTON PRIMARY SCHOOL,HIGHER TAMIL
WELLINGTON PRIMARY SCHOOL,ART
WELLINGTON PRIMARY SCHOOL,MUSIC
WELLINGTON PRIMARY SCHOOL,PHYSICAL EDUCATION
WELLINGTON PRIMARY SCHOOL,SOCIAL STUDIES
WEST GROVE PRIMARY SCHOOL,ENGLISH LANGUAGE
WEST GROVE PRIMARY SCHOOL,MATHEMATICS
WEST GROVE PRIMARY SCHOOL,SCIENCE
WEST GROVE PRIMARY SCHOOL,CHINESE
WEST GROVE PRIMARY SCHOOL,MALAY
WEST GROVE PRIMARY SCHOOL,TAMIL
WEST GROVE PRIMARY SCHOOL,HIGHER CHINESE
WEST GROVE PRIMARY SCHOOL,HIGHER MALAY
WEST GROVE PRIMARY SCHOOL,HIGHER TAMIL
WEST GROVE PRIMARY SCHOOL,ART
WEST GROVE PRIMARY SCHOOL,MUSIC
WEST GROVE PRIMARY SCHOOL,PHYSICAL EDUCATION
WEST GROVE PRIMARY SCHOOL,SOCIAL STUDIES
WEST SPRING PRIMARY SCHOOL,ENGLISH LANGUAGE
WEST SPRING PRIMARY SCHOOL,MATHEMATICS
WEST SPRING PRIMARY SCHOOL,SCIENCE
WEST SPRING PRIMARY SCHOOL,CHINESE
WEST SPRING PRIMARY SCHOOL,MALAY
WEST SPRING PRIMARY SCHOOL,TAMIL
WEST SPRING PRIMARY SCHOOL,HIGHER CHINESE
WEST SPRING PRIMARY SCHOOL,HIGHER MALAY
WEST SPRING PRIMARY SCHOOL,HIGHER TAMIL
WEST SPRING PRIMARY SCHOOL,ART
WEST SPRING PRIMARY SCHOOL,MUSIC
WEST SPRING PRIMARY SCHOOL,PHYSICAL EDUCATION
WEST SPRING PRIMARY SCHOOL,SOCIAL STUDIES
WEST SPRING SECONDARY SCHOOL,ENGLISH LANGUAGE
WEST SPRING SECONDARY SCHOOL,MATHEMATICS
WEST SPRING SECONDARY SCHOOL,ADDITIONAL MATHEMATICS
WEST SPRING SECONDARY SCHOOL,SCIENCE (PHY/CHEM)
WEST SPRING SECONDARY SCHOOL,SCIENCE (CHEM/BIO)
WEST SPRING SECONDARY SCHOOL,PHYSICS
WEST SPRING SECONDARY SCHOOL,CHEMISTRY
WEST SPRING SECONDARY SCHOOL,BIOLOGY
WEST SPRING SECONDARY SCHOOL,"COMBINED HUMANITIES (S,G)"
WEST SPRING SECONDARY SCHOOL,"COMBINED HUMANITIES (S,H)"
WEST SPRING SECONDARY SCHOOL,"COMBINED HUMANITIES (S,L)"
WEST SPRING SECONDARY SCHOOL,GEOGRAPHY
WEST SPRING SECONDARY SCHOOL,HISTORY
WEST SPRING SECONDARY SCHOOL,LITERATURE IN ENGLISH
WEST SPRING SECONDARY SCHOOL,PRINCIPLES OF ACCOUNTS
WEST SPRING SECONDARY SCHOOL,DESIGN & TECHNOLOGY
WEST SPRING SECONDARY SCHOOL,FOOD & CONSUMER EDUCATION
WEST SPRING SECONDARY SCHOOL,ART
WEST SPRING SECONDARY SCHOOL,MUSIC
WEST SPRING SECONDARY SCHOOL,CHINESE
WEST SPRING SECONDARY SCHOOL,MALAY
WEST SPRING SECONDARY SCHOOL,TAMIL
WEST SPRING SECONDARY SCHOOL,HIGHER CHINESE
WEST SPRING SECONDARY SCHOOL,HIGHER MALAY
WEST SPRING SECONDARY SCHOOL,HIGHER TAMIL
WEST SPRING SECONDARY SCHOOL,COMPUTING
WEST VIEW PRIMARY SCHOOL,ENGLISH LANGUAGE
WEST VIEW PRIMARY SCHOOL,MATHEMATICS
WEST VIEW PRIMARY SCHOOL,SCIENCE
WEST VIEW PRIMARY SCHOOL,CHINESE
WEST VIEW PRIMARY SCHOOL,MALAY
WEST VIEW PRIMARY SCHOOL,TAMIL
WEST VIEW PRIMARY SCHOOL,HIGHER CHINESE
WEST VIEW PRIMARY SCHOOL,HIGHER MALAY
WEST VIEW PRIMARY SCHOOL,HIGHER TAMIL
WEST VIEW PRIMARY SCHOOL,ART
WEST VIEW PRIMARY SCHOOL,MUSIC
WEST VIEW PRIMARY SCHOOL,PHYSICAL EDUCATION
WEST VIEW PRIMARY SCHOOL,SOCIAL STUDIES
WESTWOOD PRIMARY SCHOOL,ENGLISH LANGUAGE
WESTWOOD PRIMARY SCHOOL,MATHEMATICS
WESTWOOD PRIMARY SCHOOL,SCIENCE
WESTWOOD PRIMARY SCHOOL,CHINESE
WESTWOOD PRIMARY SCHOOL,MALAY
WESTWOOD PRIMARY SCHOOL,TAMIL
WESTWOOD PRIMARY SCHOOL,HIGHER CHINESE
WESTWOOD PRIMARY SCHOOL,HIGHER MALAY
WESTWOOD PRIMARY SCHOOL,HIGHER TAMIL
WESTWOOD PRIMARY SCHOOL,ART
WESTWOOD PRIMARY SCHOOL,MUSIC
WESTWOOD PRIMARY SCHOOL,PHYSICAL EDUCATION
WESTWOOD PRIMARY SCHOOL,SOCIAL STUDIES
WESTWOOD SECONDARY SCHOOL,ENGLISH LANGUAGE
WESTWOOD SECONDARY SCHOOL,MATHEMATICS
WESTWOOD SECONDARY SCHOOL,ADDITIONAL MATHEMATICS
WESTWOOD SECONDARY SCHOOL,SCIENCE (PHY/CHEM)
WESTWOOD SECONDARY SCHOOL,SCIENCE (CHEM/BIO)
WESTWOOD SECONDARY SCHOOL,PHYSICS
WESTWOOD SECONDARY SCHOOL,CHEMISTRY
WESTWOOD SECONDARY SCHOOL,BIOLOGY
WESTWOOD SECONDARY SCHOOL,"COMBINED HUMANITIES (S,G)"
WESTWOOD SECONDARY SCHOOL,"COMBINED HUMANITIES (S,H)"
WESTWOOD SECONDARY SCHOOL,"COMBINED HUMANITIES (S,L)"
WESTWOOD SECONDARY SCHOOL,GEOGRAPHY
WESTWOOD SECONDARY SCHOOL,HISTORY
WESTWOOD SECONDARY SCHOOL,LITERATURE IN ENGLISH
WESTWOOD SECONDARY SCHOOL,PRINCIPLES OF ACCOUNTS
WESTWOOD SECONDARY SCHOOL,DESIGN & TECHNOLOGY
WESTWOOD SECONDARY SCHOOL,FOOD & CONSUMER EDUCATION
WESTWOOD SECONDARY SCHOOL,ART
WESTWOOD SECONDARY SCHOOL,MUSIC
WESTWOOD SECONDARY SCHOOL,CHINESE
WESTWOOD SECONDARY SCHOOL,MALAY
WESTWOOD SECONDARY SCHOOL,TAMIL
WESTWOOD SECONDARY SCHOOL,HIGHER CHINESE
WESTWOOD SECONDARY SCHOOL,HIGHER MALAY
WESTWOOD SECONDARY SCHOOL,HIGHER TAMIL
WESTWOOD SECONDARY SCHOOL,COMPUTING
WHITE SANDS PRIMARY SCHOOL,ENGLISH LANGUAGE
WHITE SANDS PRIMARY SCHOOL,MATHEMATICS
WHITE SANDS PRIMARY SCHOOL,SCIENCE
WHITE SANDS PRIMARY SCHOOL,CHINESE
WHITE SANDS PRIMARY SCHOOL,MALAY
WHITE SANDS PRIMARY SCHOOL,TAMIL
WHITE SANDS PRIMARY SCHOOL,HIGHER CHINESE
WHITE SANDS PRIMARY SCHOOL,HIGHER MALAY
WHITE SANDS PRIMARY SCHOOL,HIGHER TAMIL
WHITE SANDS PRIMARY SCHOOL,ART
WHITE SANDS PRIMARY SCHOOL,MUSIC
WHITE SANDS PRIMARY SCHOOL,PHYSICAL EDUCATION
WHITE SANDS PRIMARY SCHOOL,SOCIAL STUDIES
WHITLEY SECONDARY SCHOOL,ENGLISH LANGUAGE
WHITLEY SECONDARY SCHOOL,MATHEMATICS
WHITLEY SECONDARY SCHOOL,ADDITIONAL MATHEMATICS
WHITLEY SECONDARY SCHOOL,SCIENCE (PHY/CHEM)
WHITLEY SECONDARY SCHOOL,SCIENCE (CHEM/BIO)
WHITLEY SECONDARY SCHOOL,PHYSICS
WHITLEY SECONDARY SCHOOL,CHEMISTRY
WHITLEY SECONDARY SCHOOL,BIOLOGY
WHITLEY SECONDARY SCHOOL,"COMBINED HUMANITIES (S,G)"
WHITLEY SECONDARY SCHOOL,"COMBINED HUMANITIES (S,H)"
WHITLEY SECONDARY SCHOOL,"COMBINED HUMANITIES (S,L)"
WHITLEY SECONDARY SCHOOL,GEOGRAPHY
WHITLEY SECONDARY SCHOOL,HISTORY
WHITLEY SECONDARY SCHOOL,LITERATURE IN ENGLISH
WHITLEY SECONDARY SCHOOL,PRINCIPLES OF ACCOUNTS
WHITLEY SECONDARY SCHOOL,DESIGN & TECHNOLOGY
WHITLEY SECONDARY SCHOOL,FOOD & CONSUMER EDUCATION
WHITLEY SECONDARY SCHOOL,ART
WHITLEY SECONDARY SCHOOL,MUSIC
WHITLEY SECONDARY SCHOOL,CHINESE
WHITLEY SECONDARY SCHOOL,MALAY
WHITLEY SECONDARY SCHOOL,TAMIL
WHITLEY SECONDARY SCHOOL,HIGHER CHINESE
WHITLEY SECONDARY SCHOOL,HIGHER MALAY
WHITLEY SECONDARY SCHOOL,HIGHER TAMIL
WHITLEY SECONDARY SCHOOL,COMPUTING
WOODGROVE PRIMARY SCHOOL,ENGLISH LANGUAGE
WOODGROVE PRIMARY SCHOOL,MATHEMATICS
WOODGROVE PRIMARY SCHOOL,SCIENCE
WOODGROVE PRIMARY SCHOOL,CHINESE
WOODGROVE PRIMARY SCHOOL,MALAY
WOODGROVE PRIMARY SCHOOL,TAMIL
WOODGROVE PRIMARY SCHOOL,HIGHER CHINESE
WOODGROVE PRIMARY SCHOOL,HIGHER MALAY
WOODGROVE PRIMARY SCHOOL,HIGHER TAMIL
WOODGROVE PRIMARY SCHOOL,ART
WOODGROVE PRIMARY SCHOOL,MUSIC
WOODGROVE PRIMARY SCHOOL,PHYSICAL EDUCATION
WOODGROVE PRIMARY SCHOOL,SOCIAL STUDIES
WOODGROVE SECONDARY SCHOOL,ENGLISH LANGUAGE
WOODGROVE SECONDARY SCHOOL,MATHEMATICS
WOODGROVE SECONDARY SCHOOL,ADDITIONAL MATHEMATICS
WOODGROVE SECONDARY SCHOOL,SCIENCE (PHY/CHEM)
WOODGROVE SECONDARY SCHOOL,SCIENCE (CHEM/BIO)
WOODGROVE SECONDARY SCHOOL,PHYSICS
WOODGROVE SECONDARY SCHOOL,CHEMISTRY
WOODGROVE SECONDARY SCHOOL,BIOLOGY
WOODGROVE SECONDARY SCHOOL,"COMBINED HUMANITIES (S,G)"
WOODGROVE SECONDARY SCHOOL,"COMBINED HUMANITIES (S,H)"
WOODGROVE SECONDARY SCHOOL,"COMBINED HUMANITIES (S,L)"
WOODGROVE SECONDARY SCHOOL,GEOGRAPHY
WOODGROVE SECONDARY SCHOOL,HISTORY
WOODGROVE SECONDARY SCHOOL,LITERATURE IN ENGLISH
WOODGROVE SECONDARY SCHOOL,PRINCIPLES OF ACCOUNTS
WOODGROVE SECONDARY SCHOOL,DESIGN & TECHNOLOGY
WOODGROVE SECONDARY SCHOOL,FOOD & CONSUMER EDUCATION
WOODGROVE SECONDARY SCHOOL,ART
WOODGROVE SECONDARY SCHOOL,MUSIC
WOODGROVE SECONDARY SCHOOL,CHINESE
WOODGROVE SECONDARY SCHOOL,MALAY
WOODGROVE SECONDARY SCHOOL,TAMIL
WOODGROVE SECONDARY SCHOOL,HIGHER CHINESE
WOODGROVE SECONDARY SCHOOL,HIGHER MALAY
WOODGROVE SECONDARY SCHOOL,HIGHER TAMIL
WOODGROVE SECONDARY SCHOOL,COMPUTING
WOODLANDS PRIMARY SCHOOL,ENGLISH LANGUAGE
WOODLANDS PRIMARY SCHOOL,MATHEMATICS
WOODLANDS PRIMARY SCHOOL,SCIENCE
WOODLANDS PRIMARY SCHOOL,CHINESE
WOODLANDS PRIMARY SCHOOL,MALAY
WOODLANDS PRIMARY SCHOOL,TAMIL
WOODLANDS PRIMARY SCHOOL,HIGHER CHINESE
WOODLANDS PRIMARY SCHOOL,HIGHER MALAY
WOODLANDS PRIMARY SCHOOL,HIGHER TAMIL
WOODLANDS PRIMARY SCHOOL,ART
WOODLANDS PRIMARY SCHOOL,MUSIC
WOODLANDS PRIMARY SCHOOL,PHYSICAL EDUCATION
WOODLANDS PRIMARY SCHOOL,SOCIAL STUDIES
WOODLANDS RING PRIMARY SCHOOL,ENGLISH LANGUAGE
WOODLANDS RING PRIMARY SCHOOL,MATHEMATICS
WOODLANDS RING PRIMARY SCHOOL,SCIENCE
WOODLANDS RING PRIMARY SCHOOL,CHINESE
WOODLANDS RING PRIMARY SCHOOL,MALAY
WOODLANDS RING PRIMARY SCHOOL,TAMIL
WOODLANDS RING PRIMARY SCHOOL,HIGHER CHINESE
WOODLANDS RING PRIMARY SCHOOL,HIGHER MALAY
WOODLANDS RING PRIMARY SCHOOL,HIGHER TAMIL
WOODLANDS RING PRIMARY SCHOOL,ART
WOODLANDS RING PRIMARY SCHOOL,MUSIC
WOODLANDS RING PRIMARY SCHOOL,PHYSICAL EDUCATION
WOODLANDS RING PRIMARY SCHOOL,SOCIAL STUDIES
WOODLANDS RING SECONDARY SCHOOL,ENGLISH LANGUAGE
WOODLANDS RING SECONDARY SCHOOL,MATHEMATICS
WOODLANDS RING SECONDARY SCHOOL,ADDITIONAL MATHEMATICS
WOODLANDS RING SECONDARY SCHOOL,SCIENCE (PHY/CHEM)
WOODLANDS RING SECONDARY SCHOOL,SCIENCE (CHEM/BIO)
WOODLANDS RING SECONDARY SCHOOL,PHYSICS
WOODLANDS RING SECONDARY SCHOOL,CHEMISTRY
WOODLANDS RING SECONDARY SCHOOL,BIOLOGY
WOODLANDS RING SECONDARY SCHOOL,"COMBINED HUMANITIES (S,G)"
WOODLANDS RING SECONDARY SCHOOL,"COMBINED HUMANITIES (S,H)"
WOODLANDS RING SECONDARY SCHOOL,"COMBINED HUMANITIES (S,L)"
WOODLANDS RING SECONDARY SCHOOL,GEOGRAPHY
WOODLANDS RING SECONDARY SCHOOL,HISTORY
WOODLANDS RING SECONDARY SCHOOL,LITERATURE IN ENGLISH
WOODLANDS RING SECONDARY SCHOOL,PRINCIPLES OF ACCOUNTS
WOODLANDS RING SECONDARY SCHOOL,DESIGN & TECHNOLOGY
WOODLANDS RING SECONDARY SCHOOL,FOOD & CONSUMER EDUCATION
WOODLANDS RING SECONDARY SCHOOL,ART
WOODLANDS RING SECONDARY SCHOOL,MUSIC
WOODLANDS RING SECONDARY SCHOOL,CHINESE
WOODLANDS RING SECONDARY SCHOOL,MALAY
WOODLANDS RING SECONDARY SCHOOL,TAMIL
WOODLANDS RING SECONDARY SCHOOL,HIGHER CHINESE
WOODLANDS RING SECONDARY SCHOOL,HIGHER MALAY
WOODLANDS RING SECONDARY SCHOOL,HIGHER TAMIL
WOODLANDS RING SECONDARY SCHOOL,COMPUTING
WOODLANDS SECONDARY SCHOOL,ENGLISH LANGUAGE
WOODLANDS SECONDARY SCHOOL,MATHEMATICS
WOODLANDS SECONDARY SCHOOL,ADDITIONAL MATHEMATICS
WOODLANDS SECONDARY SCHOOL,SCIENCE (PHY/CHEM)
WOODLANDS SECONDARY SCHOOL,SCIENCE (CHEM/BIO)
WOODLANDS SECONDARY SCHOOL,PHYSICS
WOODLANDS SECONDARY SCHOOL,CHEMISTRY
WOODLANDS SECONDARY SCHOOL,BIOLOGY
WOODLANDS SECONDARY SCHOOL,"COMBINED HUMANITIES (S,G)"
WOODLANDS SECONDARY SCHOOL,"COMBINED HUMANITIES (S,H)"
WOODLANDS SECONDARY SCHOOL,"COMBINED HUMANITIES (S,L)"
WOODLANDS SECONDARY SCHOOL,GEOGRAPHY
WOODLANDS SECONDARY SCHOOL,HISTORY
WOODLANDS SECONDARY SCHOOL,LITERATURE IN ENGLISH
WOODLANDS SECONDARY SCHOOL,PRINCIPLES OF ACCOUNTS
WOODLANDS SECONDARY SCHOOL,DESIGN & TECHNOLOGY
WOODLANDS SECONDARY SCHOOL,FOOD & CONSUMER EDUCATION
WOODLANDS SECONDARY SCHOOL,ART
WOODLANDS SECONDARY SCHOOL,MUSIC
WOODLANDS SECONDARY SCHOOL,CHINESE
WOODLANDS SECONDARY SCHOOL,MALAY
WOODLANDS SECONDARY SCHOOL,TAMIL
WOODLANDS SECONDARY SCHOOL,HIGHER CHINESE
WOODLANDS SECONDARY SCHOOL,HIGHER MALAY
WOODLANDS SECONDARY SCHOOL,HIGHER TAMIL
WOODLANDS SECONDARY SCHOOL,COMPUTING
XINGHUA PRIMARY SCHOOL,ENGLISH LANGUAGE
XINGHUA PRIMARY SCHOOL,MATHEMATICS
XINGHUA PRIMARY SCHOOL,SCIENCE
XINGHUA PRIMARY SCHOOL,CHINESE
XINGHUA PRIMARY SCHOOL,MALAY
XINGHUA PRIMARY SCHOOL,TAMIL
XINGHUA PRIMARY SCHOOL,HIGHER CHINESE
XINGHUA PRIMARY SCHOOL,HIGHER MALAY
XINGHUA PRIMARY SCHOOL,HIGHER TAMIL
XINGHUA PRIMARY SCHOOL,ART
XINGHUA PRIMARY SCHOOL,MUSIC
XINGHUA PRIMARY SCHOOL,PHYSICAL EDUCATION
XINGHUA PRIMARY SCHOOL,SOCIAL STUDIES
XINGNAN PRIMARY SCHOOL,ENGLISH LANGUAGE
XINGNAN PRIMARY SCHOOL,MATHEMATICS
XINGNAN PRIMARY SCHOOL,SCIENCE
XINGNAN PRIMARY SCHOOL,CHINESE
XINGNAN PRIMARY SCHOOL,MALAY
XINGNAN PRIMARY SCHOOL,TAMIL
XINGNAN PRIMARY SCHOOL,HIGHER CHINESE
XINGNAN PRIMARY SCHOOL,HIGHER MALAY
XINGNAN PRIMARY SCHOOL,HIGHER TAMIL
XINGNAN PRIMARY SCHOOL,ART
XINGNAN PRIMARY SCHOOL,MUSIC
XINGNAN PRIMARY SCHOOL,PHYSICAL EDUCATION
XINGNAN PRIMARY SCHOOL,SOCIAL STUDIES
XINMIN PRIMARY SCHOOL,ENGLISH LANGUAGE
XINMIN PRIMARY SCHOOL,MATHEMATICS
XINMIN PRIMARY SCHOOL,SCIENCE
XINMIN PRIMARY SCHOOL,CHINESE
XINMIN PRIMARY SCHOOL,MALAY
XINMIN PRIMARY SCHOOL,TAMIL
XINMIN PRIMARY SCHOOL,HIGHER CHINESE
XINMIN PRIMARY SCHOOL,HIGHER MALAY
XINMIN PRIMARY SCHOOL,HIGHER TAMIL
XINMIN PRIMARY SCHOOL,ART
XINMIN PRIMARY SCHOOL,MUSIC
XINMIN PRIMARY SCHOOL,PHYSICAL EDUCATION
XINMIN PRIMARY SCHOOL,SOCIAL STUDIES
XINMIN SECONDARY SCHOOL,ENGLISH LANGUAGE
XINMIN SECONDARY SCHOOL,MATHEMATICS
XINMIN SECONDARY SCHOOL,ADDITIONAL MATHEMATICS
XINMIN SECONDARY SCHOOL,SCIENCE (PHY/CHEM)
XINMIN SECONDARY SCHOOL,SCIENCE (CHEM/BIO)
XINMIN SECONDARY SCHOOL,PHYSICS
XINMIN SECONDARY SCHOOL,CHEMISTRY
XINMIN SECONDARY SCHOOL,BIOLOGY
XINMIN SECONDARY SCHOOL,"COMBINED HUMANITIES (S,G)"
XINMIN SECONDARY SCHOOL,"COMBINED HUMANITIES (S,H)"
XINMIN SECONDARY SCHOOL,"COMBINED HUMANITIES (S,L)"
XINMIN SECONDARY SCHOOL,GEOGRAPHY
XINMIN SECONDARY SCHOOL,HISTORY
XINMIN SECONDARY SCHOOL,LITERATURE IN ENGLISH
XINMIN SECONDARY SCHOOL,PRINCIPLES OF ACCOUNTS
XINMIN SECONDARY SCHOOL,DESIGN & TECHNOLOGY
XINMIN SECONDARY SCHOOL,FOOD & CONSUMER EDUCATION
XINMIN SECONDARY SCHOOL,ART
XINMIN SECONDARY SCHOOL,MUSIC
XINMIN SECONDARY SCHOOL,CHINESE
XINMIN SECONDARY SCHOOL,MALAY
XINMIN SECONDARY SCHOOL,TAMIL
XINMIN SECONDARY SCHOOL,HIGHER CHINESE
XINMIN SECONDARY SCHOOL,HIGHER MALAY
XINMIN SECONDARY SCHOOL,HIGHER TAMIL
XINMIN SECONDARY SCHOOL,COMPUTING
XISHAN PRIMARY SCHOOL,ENGLISH LANGUAGE
XISHAN PRIMARY SCHOOL,MATHEMATICS
XISHAN PRIMARY SCHOOL,SCIENCE
XISHAN PRIMARY SCHOOL,CHINESE
XISHAN PRIMARY SCHOOL,MALAY
XISHAN PRIMARY SCHOOL,TAMIL
XISHAN PRIMARY SCHOOL,HIGHER CHINESE
XISHAN PRIMARY SCHOOL,HIGHER MALAY
XISHAN PRIMARY SCHOOL,HIGHER TAMIL
XISHAN PRIMARY SCHOOL,ART
XISHAN PRIMARY SCHOOL,MUSIC
XISHAN PRIMARY SCHOOL,PHYSICAL EDUCATION
XISHAN PRIMARY SCHOOL,SOCIAL STUDIES
YANGZHENG PRIMARY SCHOOL,ENGLISH LANGUAGE
YANGZHENG PRIMARY SCHOOL,MATHEMATICS
YANGZHENG PRIMARY SCHOOL,SCIENCE
YANGZHENG PRIMARY SCHOOL,CHINESE
YANGZHENG PRIMARY SCHOOL,MALAY
YANGZHENG PRIMARY SCHOOL,TAMIL
YANGZHENG PRIMARY SCHOOL,HIGHER CHINESE
YANGZHENG PRIMARY SCHOOL,HIGHER MALAY
YANGZHENG PRIMARY SCHOOL,HIGHER TAMIL
YANGZHENG PRIMARY SCHOOL,ART
YANGZHENG PRIMARY SCHOOL,MUSIC
YANGZHENG PRIMARY SCHOOL,PHYSICAL EDUCATION
YANGZHENG PRIMARY SCHOOL,SOCIAL STUDIES
YEW TEE PRIMARY SCHOOL,ENGLISH LANGUAGE
YEW TEE PRIMARY SCHOOL,MATHEMATICS
YEW TEE PRIMARY SCHOOL,SCIENCE
YEW TEE PRIMARY SCHOOL,CHINESE
YEW TEE PRIMARY SCHOOL,MALAY
YEW TEE PRIMARY SCHOOL,TAMIL
YEW TEE PRIMARY SCHOOL,HIGHER CHINESE
YEW TEE PRIMARY SCHOOL,HIGHER MALAY
YEW TEE PRIMARY SCHOOL,HIGHER TAMIL
YEW TEE PRIMARY SCHOOL,ART
YEW TEE PRIMARY SCHOOL,MUSIC
YEW TEE PRIMARY SCHOOL,PHYSICAL EDUCATION
YEW TEE PRIMARY SCHOOL,SOCIAL STUDIES
YIO CHU KANG PRIMARY SCHOOL,ENGLISH LANGUAGE
YIO CHU KANG PRIMARY SCHOOL,MATHEMATICS
YIO CHU KANG PRIMARY SCHOOL,SCIENCE
YIO CHU KANG PRIMARY SCHOOL,CHINESE
YIO CHU KANG PRIMARY SCHOOL,MALAY
YIO CHU KANG PRIMARY SCHOOL,TAMIL
YIO CHU KANG PRIMARY SCHOOL,HIGHER CHINESE
YIO CHU KANG PRIMARY SCHOOL,HIGHER MALAY
YIO CHU KANG PRIMARY SCHOOL,HIGHER TAMIL
YIO CHU KANG PRIMARY SCHOOL,ART
YIO CHU KANG PRIMARY SCHOOL,MUSIC
YIO CHU KANG PRIMARY SCHOOL,PHYSICAL EDUCATION
YIO CHU KANG PRIMARY SCHOOL,SOCIAL STUDIES
YIO CHU KANG SECONDARY SCHOOL,ENGLISH LANGUAGE
YIO CHU KANG SECONDARY SCHOOL,MATHEMATICS
YIO CHU KANG SECONDARY SCHOOL,ADDITIONAL MATHEMATICS
YIO CHU KANG SECONDARY SCHOOL,SCIENCE (PHY/CHEM)
YIO CHU KANG SECONDARY SCHOOL,SCIENCE (CHEM/BIO)
YIO CHU KANG SECONDARY SCHOOL,PHYSICS
YIO CHU KANG SECONDARY SCHOOL,CHEMISTRY
YIO CHU KANG SECONDARY SCHOOL,BIOLOGY
YIO CHU KANG SECONDARY SCHOOL,"COMBINED HUMANITIES (S,G)"
YIO CHU KANG SECONDARY SCHOOL,"COMBINED HUMANITIES (S,H)"
YIO CHU KANG SECONDARY SCHOOL,"COMBINED HUMANITIES (S,L)"
YIO CHU KANG SECONDARY SCHOOL,GEOGRAPHY
YIO CHU KANG SECONDARY SCHOOL,HISTORY
YIO CHU KANG SECONDARY SCHOOL,LITERATURE IN ENGLISH
YIO CHU KANG SECONDARY SCHOOL,PRINCIPLES OF ACCOUNTS
YIO CHU KANG SECONDARY SCHOOL,DESIGN & TECHNOLOGY
YIO CHU KANG SECONDARY SCHOOL,FOOD & CONSUMER EDUCATION
YIO CHU KANG SECONDARY SCHOOL,ART
YIO CHU KANG SECONDARY SCHOOL,MUSIC
YIO CHU KANG SECONDARY SCHOOL,CHINESE
YIO CHU KANG SECONDARY SCHOOL,MALAY
YIO CHU KANG SECONDARY SCHOOL,TAMIL
YIO CHU KANG SECONDARY SCHOOL,HIGHER CHINESE
YIO CHU KANG SECONDARY SCHOOL,HIGHER MALAY
YIO CHU KANG SECONDARY SCHOOL,HIGHER TAMIL
YIO CHU KANG SECONDARY SCHOOL,COMPUTING
YISHUN INNOVA JUNIOR COLLEGE,H1 GENERAL PAPER
YISHUN INNOVA JUNIOR COLLEGE,H1 PROJECT WORK
YISHUN INNOVA JUNIOR COLLEGE,H2 MATHEMATICS
YISHUN INNOVA JUNIOR COLLEGE,H2 FURTHER MATHEMATICS
YISHUN INNOVA JUNIOR COLLEGE,H2 PHYSICS
YISHUN INNOVA JUNIOR COLLEGE,H2 CHEMISTRY
YISHUN INNOVA JUNIOR COLLEGE,H2 BIOLOGY
YISHUN INNOVA JUNIOR COLLEGE,H2 ECONOMICS
YISHUN INNOVA JUNIOR COLLEGE,H2 HISTORY
YISHUN INNOVA JUNIOR COLLEGE,H2 GEOGRAPHY
YISHUN INNOVA JUNIOR COLLEGE,H2 LITERATURE IN ENGLISH
YISHUN INNOVA JUNIOR COLLEGE,H2 COMPUTING
YISHUN INNOVA JUNIOR COLLEGE,H2 ART
YISHUN INNOVA JUNIOR COLLEGE,H2 MUSIC
YISHUN INNOVA JUNIOR COLLEGE,H2 MANAGEMENT OF BUSINESS
YISHUN INNOVA JUNIOR COLLEGE,H2 PRINCIPLES OF ACCOUNTING
YISHUN INNOVA JUNIOR COLLEGE,H1 CHINESE
YISHUN INNOVA JUNIOR COLLEGE,H1 MALAY
YISHUN INNOVA JUNIOR COLLEGE,H1 TAMIL
YISHUN PRIMARY SCHOOL,ENGLISH LANGUAGE
YISHUN PRIMARY SCHOOL,MATHEMATICS
YISHUN PRIMARY SCHOOL,SCIENCE
YISHUN PRIMARY SCHOOL,CHINESE
YISHUN PRIMARY SCHOOL,MALAY
YISHUN PRIMARY SCHOOL,TAMIL
YISHUN PRIMARY SCHOOL,HIGHER CHINESE
YISHUN PRIMARY SCHOOL,HIGHER MALAY
YISHUN PRIMARY SCHOOL,HIGHER TAMIL
YISHUN PRIMARY SCHOOL,ART
YISHUN PRIMARY SCHOOL,MUSIC
YISHUN PRIMARY SCHOOL,PHYSICAL EDUCATION
YISHUN PRIMARY SCHOOL,SOCIAL STUDIES
YISHUN SECONDARY SCHOOL,ENGLISH LANGUAGE
YISHUN SECONDARY SCHOOL,MATHEMATICS
YISHUN SECONDARY SCHOOL,ADDITIONAL MATHEMATICS
YISHUN SECONDARY SCHOOL,SCIENCE (PHY/CHEM)
YISHUN SECONDARY SCHOOL,SCIENCE (CHEM/BIO)
YISHUN SECONDARY SCHOOL,PHYSICS
YISHUN SECONDARY SCHOOL,CHEMISTRY
YISHUN SECONDARY SCHOOL,BIOLOGY
YISHUN SECONDARY SCHOOL,"COMBINED HUMANITIES (S,G)"
YISHUN SECONDARY SCHOOL,"COMBINED HUMANITIES (S,H)"
YISHUN SECONDARY SCHOOL,"COMBINED HUMANITIES (S,L)"
YISHUN SECONDARY SCHOOL,GEOGRAPHY
YISHUN SECONDARY SCHOOL,HISTORY
YISHUN SECONDARY SCHOOL,LITERATURE IN ENGLISH
YISHUN SECONDARY SCHOOL,PRINCIPLES OF ACCOUNTS
YISHUN SECONDARY SCHOOL,DESIGN & TECHNOLOGY
YISHUN SECONDARY SCHOOL,FOOD & CONSUMER EDUCATION
YISHUN SECONDARY SCHOOL,ART
YISHUN SECONDARY SCHOOL,MUSIC
YISHUN SECONDARY SCHOOL,CHINESE
YISHUN SECONDARY SCHOOL,MALAY
YISHUN SECONDARY SCHOOL,TAMIL
YISHUN SECONDARY SCHOOL,HIGHER CHINESE
YISHUN SECONDARY SCHOOL,HIGHER MALAY
YISHUN SECONDARY SCHOOL,HIGHER TAMIL
YISHUN SECONDARY SCHOOL,COMPUTING
YISHUN TOWN SECONDARY SCHOOL,ENGLISH LANGUAGE
YISHUN TOWN SECONDARY SCHOOL,MATHEMATICS
YISHUN TOWN SECONDARY SCHOOL,ADDITIONAL MATHEMATICS
YISHUN TOWN SECONDARY SCHOOL,SCIENCE (PHY/CHEM)
YISHUN TOWN SECONDARY SCHOOL,SCIENCE (CHEM/BIO)
YISHUN TOWN SECONDARY SCHOOL,PHYSICS
YISHUN TOWN SECONDARY SCHOOL,CHEMISTRY
YISHUN TOWN SECONDARY SCHOOL,BIOLOGY
YISHUN TOWN SECONDARY SCHOOL,"COMBINED HUMANITIES (S,G)"
YISHUN TOWN SECONDARY SCHOOL,"COMBINED HUMANITIES (S,H)"
YISHUN TOWN SECONDARY SCHOOL,"COMBINED HUMANITIES (S,L)"
YISHUN TOWN SECONDARY SCHOOL,GEOGRAPHY
YISHUN TOWN SECONDARY SCHOOL,HISTORY
YISHUN TOWN SECONDARY SCHOOL,LITERATURE IN ENGLISH
YISHUN TOWN SECONDARY SCHOOL,PRINCIPLES OF ACCOUNTS
YISHUN TOWN SECONDARY SCHOOL,DESIGN & TECHNOLOGY
YISHUN TOWN SECONDARY SCHOOL,FOOD & CONSUMER EDUCATION
YISHUN TOWN SECONDARY SCHOOL,ART
YISHUN TOWN SECONDARY SCHOOL,MUSIC
YISHUN TOWN SECONDARY SCHOOL,CHINESE
YISHUN TOWN SECONDARY SCHOOL,MALAY
YISHUN TOWN SECONDARY SCHOOL,TAMIL
YISHUN TOWN SECONDARY SCHOOL,HIGHER CHINESE
YISHUN TOWN SECONDARY SCHOOL,HIGHER MALAY
YISHUN TOWN SECONDARY SCHOOL,HIGHER TAMIL
YISHUN TOWN SECONDARY SCHOOL,COMPUTING
YU NENG PRIMARY SCHOOL,ENGLISH LANGUAGE
YU NENG PRIMARY SCHOOL,MATHEMATICS
YU NENG PRIMARY SCHOOL,SCIENCE
YU NENG PRIMARY SCHOOL,CHINESE
YU NENG PRIMARY SCHOOL,MALAY
YU NENG PRIMARY SCHOOL,TAMIL
YU NENG PRIMARY SCHOOL,HIGHER CHINESE
YU NENG PRIMARY SCHOOL,HIGHER MALAY
YU NENG PRIMARY SCHOOL,HIGHER TAMIL
YU NENG PRIMARY SCHOOL,ART
YU NENG PRIMARY SCHOOL,MUSIC
YU NENG PRIMARY SCHOOL,PHYSICAL EDUCATION
YU NENG PRIMARY SCHOOL,SOCIAL STUDIES
YUAN CHING SECONDARY SCHOOL,ENGLISH LANGUAGE
YUAN CHING SECONDARY SCHOOL,MATHEMATICS
YUAN CHING SECONDARY SCHOOL,ADDITIONAL MATHEMATICS
YUAN CHING SECONDARY SCHOOL,SCIENCE (PHY/CHEM)
YUAN CHING SECONDARY SCHOOL,SCIENCE (CHEM/BIO)
YUAN CHING SECONDARY SCHOOL,PHYSICS
YUAN CHING SECONDARY SCHOOL,CHEMISTRY
YUAN CHING SECONDARY SCHOOL,BIOLOGY
YUAN CHING SECONDARY SCHOOL,"COMBINED HUMANITIES (S,G)"
YUAN CHING SECONDARY SCHOOL,"COMBINED HUMANITIES (S,H)"
YUAN CHING SECONDARY SCHOOL,"COMBINED HUMANITIES (S,L)"
YUAN CHING SECONDARY SCHOOL,GEOGRAPHY
YUAN CHING SECONDARY SCHOOL,HISTORY
YUAN CHING SECONDARY SCHOOL,LITERATURE IN ENGLISH
YUAN CHING SECONDARY SCHOOL,PRINCIPLES OF ACCOUNTS
YUAN CHING SECONDARY SCHOOL,DESIGN & TECHNOLOGY
YUAN CHING SECONDARY SCHOOL,FOOD & CONSUMER EDUCATION
YUAN CHING SECONDARY SCHOOL,ART
YUAN CHING SECONDARY SCHOOL,MUSIC
YUAN CHING SECONDARY SCHOOL,CHINESE
YUAN CHING SECONDARY SCHOOL,MALAY
YUAN CHING SECONDARY SCHOOL,TAMIL
YUAN CHING SECONDARY SCHOOL,HIGHER CHINESE
YUAN CHING SECONDARY SCHOOL,HIGHER MALAY
YUAN CHING SECONDARY SCHOOL,HIGHER TAMIL
YUAN CHING SECONDARY SCHOOL,COMPUTING
YUHUA PRIMARY SCHOOL,ENGLISH LANGUAGE
YUHUA PRIMARY SCHOOL,MATHEMATICS
YUHUA PRIMARY SCHOOL,SCIENCE
YUHUA PRIMARY SCHOOL,CHINESE
YUHUA PRIMARY SCHOOL,MALAY
YUHUA PRIMARY SCHOOL,TAMIL
YUHUA PRIMARY SCHOOL,HIGHER CHINESE
YUHUA PRIMARY SCHOOL,HIGHER MALAY
YUHUA PRIMARY SCHOOL,HIGHER TAMIL
YUHUA PRIMARY SCHOOL,ART
YUHUA PRIMARY SCHOOL,MUSIC
YUHUA PRIMARY SCHOOL,PHYSICAL EDUCATION
YUHUA PRIMARY SCHOOL,SOCIAL STUDIES
YUHUA SECONDARY SCHOOL,ENGLISH LANGUAGE
YUHUA SECONDARY SCHOOL,MATHEMATICS
YUHUA SECONDARY SCHOOL,ADDITIONAL MATHEMATICS
YUHUA SECONDARY SCHOOL,SCIENCE (PHY/CHEM)
YUHUA SECONDARY SCHOOL,SCIENCE (CHEM/BIO)
YUHUA SECONDARY SCHOOL,PHYSICS
YUHUA SECONDARY SCHOOL,CHEMISTRY
YUHUA SECONDARY SCHOOL,BIOLOGY
YUHUA SECONDARY SCHOOL,"COMBINED HUMANITIES (S,G)"
YUHUA SECONDARY SCHOOL,"COMBINED HUMANITIES (S,H)"
YUHUA SECONDARY SCHOOL,"COMBINED HUMANITIES (S,L)"
YUHUA SECONDARY SCHOOL,GEOGRAPHY
YUHUA SECONDARY SCHOOL,HISTORY
YUHUA SECONDARY SCHOOL,LITERATURE IN ENGLISH
YUHUA SECONDARY SCHOOL,PRINCIPLES OF ACCOUNTS
YUHUA SECONDARY SCHOOL,DESIGN & TECHNOLOGY
YUHUA SECONDARY SCHOOL,FOOD & CONSUMER EDUCATION
YUHUA SECONDARY SCHOOL,ART
YUHUA SECONDARY SCHOOL,MUSIC
YUHUA SECONDARY SCHOOL,CHINESE
YUHUA SECONDARY SCHOOL,MALAY
YUHUA SECONDARY SCHOOL,TAMIL
YUHUA SECONDARY SCHOOL,HIGHER CHINESE
YUHUA SECONDARY SCHOOL,HIGHER MALAY
YUHUA SECONDARY SCHOOL,HIGHER TAMIL
YUHUA SECONDARY SCHOOL,COMPUTING
YUMIN PRIMARY SCHOOL,ENGLISH LANGUAGE
YUMIN PRIMARY SCHOOL,MATHEMATICS
YUMIN PRIMARY SCHOOL,SCIENCE
YUMIN PRIMARY SCHOOL,CHINESE
YUMIN PRIMARY SCHOOL,MALAY
YUMIN PRIMARY SCHOOL,TAMIL
YUMIN PRIMARY SCHOOL,HIGHER CHINESE
YUMIN PRIMARY SCHOOL,HIGHER MALAY
YUMIN PRIMARY SCHOOL,HIGHER TAMIL
YUMIN PRIMARY SCHOOL,ART
YUMIN PRIMARY SCHOOL,MUSIC
YUMIN PRIMARY SCHOOL,PHYSICAL EDUCATION
YUMIN PRIMARY SCHOOL,SOCIAL STUDIES
YUSOF ISHAK SECONDARY SCHOOL,ENGLISH LANGUAGE
YUSOF ISHAK SECONDARY SCHOOL,MATHEMATICS
YUSOF ISHAK SECONDARY SCHOOL,ADDITIONAL MATHEMATICS
YUSOF ISHAK SECONDARY SCHOOL,SCIENCE (PHY/CHEM)
YUSOF ISHAK SECONDARY SCHOOL,SCIENCE (CHEM/BIO)
YUSOF ISHAK SECONDARY SCHOOL,PHYSICS
YUSOF ISHAK SECONDARY SCHOOL,CHEMISTRY
YUSOF ISHAK SECONDARY SCHOOL,BIOLOGY
YUSOF ISHAK SECONDARY SCHOOL,"COMBINED HUMANITIES (S,G)"
YUSOF ISHAK SECONDARY SCHOOL,"COMBINED HUMANITIES (S,H)"
YUSOF ISHAK SECONDARY SCHOOL,"COMBINED HUMANITIES (S,L)"
YUSOF ISHAK SECONDARY SCHOOL,GEOGRAPHY
YUSOF ISHAK SECONDARY SCHOOL,HISTORY
YUSOF ISHAK SECONDARY SCHOOL,LITERATURE IN ENGLISH
YUSOF ISHAK SECONDARY SCHOOL,PRINCIPLES OF ACCOUNTS
YUSOF ISHAK SECONDARY SCHOOL,DESIGN & TECHNOLOGY
YUSOF ISHAK SECONDARY SCHOOL,FOOD & CONSUMER EDUCATION
YUSOF ISHAK SECONDARY SCHOOL,ART
YUSOF ISHAK SECONDARY SCHOOL,MUSIC
YUSOF ISHAK SECONDARY SCHOOL,CHINESE
YUSOF ISHAK SECONDARY SCHOOL,MALAY
YUSOF ISHAK SECONDARY SCHOOL,TAMIL
YUSOF ISHAK SECONDARY SCHOOL,HIGHER CHINESE
YUSOF ISHAK SECONDARY SCHOOL,HIGHER MALAY
YUSOF ISHAK SECONDARY SCHOOL,HIGHER TAMIL
YUSOF ISHAK SECONDARY SCHOOL,COMPUTING
YUYING SECONDARY SCHOOL,ENGLISH LANGUAGE
YUYING SECONDARY SCHOOL,MATHEMATICS
YUYING SECONDARY SCHOOL,ADDITIONAL MATHEMATICS
YUYING SECONDARY SCHOOL,SCIENCE (PHY/CHEM)
YUYING SECONDARY SCHOOL,SCIENCE (CHEM/BIO)
YUYING SECONDARY SCHOOL,PHYSICS
YUYING SECONDARY SCHOOL,CHEMISTRY
YUYING SECONDARY SCHOOL,BIOLOGY
YUYING SECONDARY SCHOOL,"COMBINED HUMANITIES (S,G)"
YUYING SECONDARY SCHOOL,"COMBINED HUMANITIES (S,H)"
YUYING SECONDARY SCHOOL,"COMBINED HUMANITIES (S,L)"
YUYING SECONDARY SCHOOL,GEOGRAPHY
YUYING SECONDARY SCHOOL,HISTORY
YUYING SECONDARY SCHOOL,LITERATURE IN ENGLISH
YUYING SECONDARY SCHOOL,PRINCIPLES OF ACCOUNTS
YUYING SECONDARY SCHOOL,DESIGN & TECHNOLOGY
YUYING SECONDARY SCHOOL,FOOD & CONSUMER EDUCATION
YUYING SECONDARY SCHOOL,ART
YUYING SECONDARY SCHOOL,MUSIC
YUYING SECONDARY SCHOOL,CHINESE
YUYING SECONDARY SCHOOL,MALAY
YUYING SECONDARY SCHOOL,TAMIL
YUYING SECONDARY SCHOOL,HIGHER CHINESE
YUYING SECONDARY SCHOOL,HIGHER MALAY
YUYING SECONDARY SCHOOL,HIGHER TAMIL
YUYING SECONDARY SCHOOL,COMPUTING
ZHANGDE PRIMARY SCHOOL,ENGLISH LANGUAGE
ZHANGDE PRIMARY SCHOOL,MATHEMATICS
ZHANGDE PRIMARY SCHOOL,SCIENCE
ZHANGDE PRIMARY SCHOOL,CHINESE
ZHANGDE PRIMARY SCHOOL,MALAY
ZHANGDE PRIMARY SCHOOL,TAMIL
ZHANGDE PRIMARY SCHOOL,HIGHER CHINESE
ZHANGDE PRIMARY SCHOOL,HIGHER MALAY
ZHANGDE PRIMARY SCHOOL,HIGHER TAMIL
ZHANGDE PRIMARY SCHOOL,ART
ZHANGDE PRIMARY SCHOOL,MUSIC
ZHANGDE PRIMARY SCHOOL,PHYSICAL EDUCATION
ZHANGDE PRIMARY SCHOOL,SOCIAL STUDIES
ZHENGHUA PRIMARY SCHOOL,ENGLISH LANGUAGE
ZHENGHUA PRIMARY SCHOOL,MATHEMATICS
ZHENGHUA PRIMARY SCHOOL,SCIENCE
ZHENGHUA PRIMARY SCHOOL,CHINESE
ZHENGHUA PRIMARY SCHOOL,MALAY
ZHENGHUA PRIMARY SCHOOL,TAMIL
ZHENGHUA PRIMARY SCHOOL,HIGHER CHINESE
ZHENGHUA PRIMARY SCHOOL,HIGHER MALAY
ZHENGHUA PRIMARY SCHOOL,HIGHER TAMIL
ZHENGHUA PRIMARY SCHOOL,ART
ZHENGHUA PRIMARY SCHOOL,MUSIC
ZHENGHUA PRIMARY SCHOOL,PHYSICAL EDUCATION
ZHENGHUA PRIMARY SCHOOL,SOCIAL STUDIES
ZHENGHUA SECONDARY SCHOOL,ENGLISH LANGUAGE
ZHENGHUA SECONDARY SCHOOL,MATHEMATICS
ZHENGHUA SECONDARY SCHOOL,ADDITIONAL MATHEMATICS
ZHENGHUA SECONDARY SCHOOL,SCIENCE (PHY/CHEM)
ZHENGHUA SECONDARY SCHOOL,SCIENCE (CHEM/BIO)
ZHENGHUA SECONDARY SCHOOL,PHYSICS
ZHENGHUA SECONDARY SCHOOL,CHEMISTRY
ZHENGHUA SECONDARY SCHOOL,BIOLOGY
ZHENGHUA SECONDARY SCHOOL,"COMBINED HUMANITIES (S,G)"
ZHENGHUA SECONDARY SCHOOL,"COMBINED HUMANITIES (S,H)"
ZHENGHUA SECONDARY SCHOOL,"COMBINED HUMANITIES (S,L)"
ZHENGHUA SECONDARY SCHOOL,GEOGRAPHY
ZHENGHUA SECONDARY SCHOOL,HISTORY
ZHENGHUA SECONDARY SCHOOL,LITERATURE IN ENGLISH
ZHENGHUA SECONDARY SCHOOL,PRINCIPLES OF ACCOUNTS
ZHENGHUA SECONDARY SCHOOL,DESIGN & TECHNOLOGY
ZHENGHUA SECONDARY SCHOOL,FOOD & CONSUMER EDUCATION
ZHENGHUA SECONDARY SCHOOL,ART
ZHENGHUA SECONDARY SCHOOL,MUSIC
ZHENGHUA SECONDARY SCHOOL,CHINESE
ZHENGHUA SECONDARY SCHOOL,MALAY
ZHENGHUA SECONDARY SCHOOL,TAMIL
ZHENGHUA SECONDARY SCHOOL,HIGHER CHINESE
ZHENGHUA SECONDARY SCHOOL,HIGHER MALAY
ZHENGHUA SECONDARY SCHOOL,HIGHER TAMIL
ZHENGHUA SECONDARY SCHOOL,COMPUTING
ZHONGHUA PRIMARY SCHOOL,ENGLISH LANGUAGE
ZHONGHUA PRIMARY SCHOOL,MATHEMATICS
ZHONGHUA PRIMARY SCHOOL,SCIENCE
ZHONGHUA PRIMARY SCHOOL,CHINESE
ZHONGHUA PRIMARY SCHOOL,MALAY
ZHONGHUA PRIMARY SCHOOL,TAMIL
ZHONGHUA PRIMARY SCHOOL,HIGHER CHINESE
ZHONGHUA PRIMARY SCHOOL,HIGHER MALAY
ZHONGHUA PRIMARY SCHOOL,HIGHER TAMIL
ZHONGHUA PRIMARY SCHOOL,ART
ZHONGHUA PRIMARY SCHOOL,MUSIC
ZHONGHUA PRIMARY SCHOOL,PHYSICAL EDUCATION
ZHONGHUA PRIMARY SCHOOL,SOCIAL STUDIES
ZHONGHUA SECONDARY SCHOOL,ENGLISH LANGUAGE
ZHONGHUA SECONDARY SCHOOL,MATHEMATICS
ZHONGHUA SECONDARY SCHOOL,ADDITIONAL MATHEMATICS
ZHONGHUA SECONDARY SCHOOL,SCIENCE (PHY/CHEM)
ZHONGHUA SECONDARY SCHOOL,SCIENCE (CHEM/BIO)
ZHONGHUA SECONDARY SCHOOL,PHYSICS
ZHONGHUA SECONDARY SCHOOL,CHEMISTRY
ZHONGHUA SECONDARY SCHOOL,BIOLOGY
ZHONGHUA SECONDARY SCHOOL,"COMBINED HUMANITIES (S,G)"
ZHONGHUA SECONDARY SCHOOL,"COMBINED HUMANITIES (S,H)"
ZHONGHUA SECONDARY SCHOOL,"COMBINED HUMANITIES (S,L)"
ZHONGHUA SECONDARY SCHOOL,GEOGRAPHY
ZHONGHUA SECONDARY SCHOOL,HISTORY
ZHONGHUA SECONDARY SCHOOL,LITERATURE IN ENGLISH
ZHONGHUA SECONDARY SCHOOL,PRINCIPLES OF ACCOUNTS
ZHONGHUA SECONDARY SCHOOL,DESIGN & TECHNOLOGY
ZHONGHUA SECONDARY SCHOOL,FOOD & CONSUMER EDUCATION
ZHONGHUA SECONDARY SCHOOL,ART
ZHONGHUA SECONDARY SCHOOL,MUSIC
ZHONGHUA SECONDARY SCHOOL,CHINESE
ZHONGHUA SECONDARY SCHOOL,MALAY
ZHONGHUA SECONDARY SCHOOL,TAMIL
ZHONGHUA SECONDARY SCHOOL,HIGHER CHINESE
ZHONGHUA SECONDARY SCHOOL,HIGHER MALAY
ZHONGHUA SECONDARY SCHOOL,HIGHER TAMIL
ZHONGHUA SECONDARY SCHOOL,COMPUTING